-- phpMyAdmin SQL Dump
-- version 5.2.1
-- https://www.phpmyadmin.net/
--
-- Servidor: 127.0.0.1
-- Tiempo de generación: 11-10-2023 a las 07:48:58
-- Versión del servidor: 10.4.28-MariaDB
-- Versión de PHP: 8.2.4

SET SQL_MODE = "NO_AUTO_VALUE_ON_ZERO";
START TRANSACTION;
SET time_zone = "+00:00";


/*!40101 SET @OLD_CHARACTER_SET_CLIENT=@@CHARACTER_SET_CLIENT */;
/*!40101 SET @OLD_CHARACTER_SET_RESULTS=@@CHARACTER_SET_RESULTS */;
/*!40101 SET @OLD_COLLATION_CONNECTION=@@COLLATION_CONNECTION */;
/*!40101 SET NAMES utf8mb4 */;

--
-- Base de datos: `mats`
--

-- --------------------------------------------------------

--
-- Estructura de tabla para la tabla `administradors`
--

CREATE TABLE `administradors` (
  `id` bigint(20) UNSIGNED NOT NULL,
  `name` varchar(255) NOT NULL,
  `email` varchar(255) NOT NULL,
  `password` varchar(255) NOT NULL,
  `created_at` timestamp NULL DEFAULT NULL,
  `updated_at` timestamp NULL DEFAULT NULL
) ENGINE=InnoDB DEFAULT CHARSET=utf8mb4 COLLATE=utf8mb4_unicode_ci;

--
-- Volcado de datos para la tabla `administradors`
--

INSERT INTO `administradors` (`id`, `name`, `email`, `password`, `created_at`, `updated_at`) VALUES
(20201578009, 'Jean Paul', 'jptolozac@udistrital.edu.co', '$2y$10$im6c1XLH.OLQEvPMSEaQoOaqKNPuvJbjiAYeMSqp7EAOMMOiUD0R.', '2023-09-20 10:50:55', '2023-09-26 07:56:26'),
(20202578024, 'nicolas rubio', 'nrubios@udistrital.edu.co', '$2y$10$GrXt4g82eKVpKc7K5m/FiO1UyvR9rQz1gDbt/cRs86jXbH8VMa9JS', '2023-09-20 10:50:55', '2023-09-20 10:50:55'),
(20202578030, 'el wanumen', 'wanumen@udistrital.edu.co', '$2y$10$wGz5iNSre4ZCggCVM0MDvOC9GvMt1bVqWK6rBH9I3tvCQmRfUddBO', '2023-09-23 12:59:47', '2023-09-23 12:59:47');

-- --------------------------------------------------------

--
-- Estructura de tabla para la tabla `apoyos`
--

CREATE TABLE `apoyos` (
  `id` bigint(20) UNSIGNED NOT NULL,
  `user_id` bigint(20) UNSIGNED NOT NULL,
  `noticia_id` bigint(20) UNSIGNED NOT NULL,
  `estado` tinyint(1) NOT NULL DEFAULT 1,
  `created_at` timestamp NULL DEFAULT NULL,
  `updated_at` timestamp NULL DEFAULT NULL
) ENGINE=InnoDB DEFAULT CHARSET=utf8mb4 COLLATE=utf8mb4_unicode_ci;

--
-- Volcado de datos para la tabla `apoyos`
--

INSERT INTO `apoyos` (`id`, `user_id`, `noticia_id`, `estado`, `created_at`, `updated_at`) VALUES
(2, 14, 66, 1, '2023-09-20 10:50:55', '2023-09-20 10:50:55'),
(3, 3, 71, 1, '2023-09-20 10:50:55', '2023-09-20 10:50:55'),
(6, 17, 89, 1, '2023-09-20 10:50:55', '2023-09-20 10:50:55'),
(7, 7, 81, 1, '2023-09-20 10:50:55', '2023-09-20 10:50:55'),
(8, 16, 96, 1, '2023-09-20 10:50:55', '2023-09-20 10:50:55'),
(9, 13, 1, 1, '2023-09-20 10:50:55', '2023-09-20 10:50:55'),
(11, 9, 54, 1, '2023-09-20 10:50:55', '2023-09-20 10:50:55'),
(12, 7, 45, 1, '2023-09-20 10:50:55', '2023-09-20 10:50:55'),
(13, 16, 79, 1, '2023-09-20 10:50:55', '2023-09-20 10:50:55'),
(14, 17, 79, 1, '2023-09-20 10:50:55', '2023-09-20 10:50:55'),
(15, 19, 64, 1, '2023-09-20 10:50:55', '2023-09-20 10:50:55'),
(18, 9, 73, 1, '2023-09-20 10:50:55', '2023-09-20 10:50:55'),
(19, 14, 29, 1, '2023-09-20 10:50:55', '2023-09-20 10:50:55'),
(20, 1, 10, 1, '2023-09-20 10:50:55', '2023-09-20 10:50:55'),
(21, 6, 76, 1, '2023-09-20 10:50:55', '2023-09-20 10:50:55'),
(22, 1, 69, 1, '2023-09-20 10:50:55', '2023-09-20 10:50:55'),
(23, 12, 89, 1, '2023-09-20 10:50:55', '2023-09-20 10:50:55'),
(24, 11, 13, 1, '2023-09-20 10:50:55', '2023-09-20 10:50:55'),
(25, 11, 40, 1, '2023-09-20 10:50:55', '2023-09-20 10:50:55'),
(27, 18, 50, 1, '2023-09-20 10:50:55', '2023-09-20 10:50:55'),
(28, 6, 85, 1, '2023-09-20 10:50:55', '2023-09-20 10:50:55'),
(29, 15, 81, 1, '2023-09-20 10:50:55', '2023-09-20 10:50:55'),
(30, 4, 49, 1, '2023-09-20 10:50:55', '2023-09-20 10:50:55'),
(31, 7, 57, 1, '2023-09-20 10:50:55', '2023-09-20 10:50:55'),
(32, 15, 88, 1, '2023-09-20 10:50:55', '2023-09-20 10:50:55'),
(33, 19, 15, 1, '2023-09-20 10:50:55', '2023-09-20 10:50:55'),
(34, 17, 66, 1, '2023-09-20 10:50:55', '2023-09-20 10:50:55'),
(35, 11, 96, 1, '2023-09-20 10:50:55', '2023-09-20 10:50:55'),
(36, 18, 29, 1, '2023-09-20 10:50:55', '2023-09-20 10:50:55'),
(37, 5, 86, 1, '2023-09-20 10:50:55', '2023-09-20 10:50:55'),
(39, 16, 22, 1, '2023-09-20 10:50:55', '2023-09-20 10:50:55'),
(41, 6, 100, 1, '2023-09-20 10:50:55', '2023-09-20 10:50:55'),
(42, 3, 16, 1, '2023-09-20 10:50:55', '2023-09-20 10:50:55'),
(43, 9, 69, 1, '2023-09-20 10:50:55', '2023-09-20 10:50:55'),
(44, 13, 77, 1, '2023-09-20 10:50:55', '2023-09-20 10:50:55'),
(45, 17, 10, 1, '2023-09-20 10:50:55', '2023-09-20 10:50:55'),
(46, 4, 21, 1, '2023-09-20 10:50:55', '2023-09-20 10:50:55'),
(47, 19, 99, 1, '2023-09-20 10:50:55', '2023-09-20 10:50:55'),
(48, 11, 27, 1, '2023-09-20 10:50:55', '2023-09-20 10:50:55'),
(50, 16, 62, 1, '2023-09-20 10:50:55', '2023-09-20 10:50:55'),
(51, 7, 76, 1, '2023-09-21 17:47:53', '2023-09-21 17:47:53'),
(53, 7, 75, 1, '2023-09-21 18:02:46', '2023-09-21 18:02:46'),
(54, 7, 74, 1, '2023-09-21 18:03:08', '2023-09-21 18:03:08');

-- --------------------------------------------------------

--
-- Estructura de tabla para la tabla `categorias`
--

CREATE TABLE `categorias` (
  `id` bigint(20) UNSIGNED NOT NULL,
  `nombre` varchar(255) NOT NULL,
  `created_at` timestamp NULL DEFAULT NULL,
  `updated_at` timestamp NULL DEFAULT NULL
) ENGINE=InnoDB DEFAULT CHARSET=utf8mb4 COLLATE=utf8mb4_unicode_ci;

--
-- Volcado de datos para la tabla `categorias`
--

INSERT INTO `categorias` (`id`, `nombre`, `created_at`, `updated_at`) VALUES
(1, 'Jett Quitzon', '2023-09-20 10:50:55', '2023-09-20 10:50:55'),
(2, 'Ms. Savannah Cronin MD', '2023-09-20 10:50:55', '2023-09-20 10:50:55'),
(3, 'Dayne Kiehn', '2023-09-20 10:50:55', '2023-09-20 10:50:55'),
(4, 'Tristin Dicki', '2023-09-20 10:50:55', '2023-09-20 10:50:55'),
(5, 'Robert Becker', '2023-09-20 10:50:55', '2023-09-20 10:50:55'),
(6, 'Prof. Wyatt Dickinson Sr.', '2023-09-20 10:50:55', '2023-09-20 10:50:55'),
(7, 'Neha Wuckert', '2023-09-20 10:50:55', '2023-09-20 10:50:55'),
(8, 'Hope Bernier', '2023-09-20 10:50:55', '2023-09-20 10:50:55'),
(9, 'Shad Brekke', '2023-09-20 10:50:55', '2023-09-20 10:50:55'),
(10, 'Lewis Ankunding', '2023-09-20 10:50:55', '2023-09-20 10:50:55');

-- --------------------------------------------------------

--
-- Estructura de tabla para la tabla `categoria_t_k_s`
--

CREATE TABLE `categoria_t_k_s` (
  `id` bigint(20) UNSIGNED NOT NULL,
  `nombre` varchar(255) NOT NULL,
  `created_at` timestamp NULL DEFAULT NULL,
  `updated_at` timestamp NULL DEFAULT NULL
) ENGINE=InnoDB DEFAULT CHARSET=utf8mb4 COLLATE=utf8mb4_unicode_ci;

--
-- Volcado de datos para la tabla `categoria_t_k_s`
--

INSERT INTO `categoria_t_k_s` (`id`, `nombre`, `created_at`, `updated_at`) VALUES
(1, 'Prof. Alicia Quigley', '2023-09-20 10:51:42', '2023-09-26 10:13:55'),
(2, 'Mrs. Kellie Cronin', '2023-09-20 10:51:42', '2023-09-20 10:51:42'),
(3, 'Osborne Reichert', '2023-09-20 10:51:42', '2023-09-20 10:51:42'),
(4, 'Mattie Kunze', '2023-09-20 10:51:42', '2023-09-20 10:51:42'),
(5, 'Rafaela Zulauf', '2023-09-20 10:51:42', '2023-09-20 10:51:42'),
(9, 'solicitud', '2023-09-27 20:39:35', '2023-09-27 20:39:35');

-- --------------------------------------------------------

--
-- Estructura de tabla para la tabla `comentarios`
--

CREATE TABLE `comentarios` (
  `id` bigint(20) UNSIGNED NOT NULL,
  `comentario` varchar(255) NOT NULL,
  `created_at` timestamp NULL DEFAULT NULL,
  `updated_at` timestamp NULL DEFAULT NULL
) ENGINE=InnoDB DEFAULT CHARSET=utf8mb4 COLLATE=utf8mb4_unicode_ci;

--
-- Volcado de datos para la tabla `comentarios`
--

INSERT INTO `comentarios` (`id`, `comentario`, `created_at`, `updated_at`) VALUES
(1, 'Totam quis laborum aliquid cumque quisquam.', '2023-09-20 10:51:42', '2023-09-20 10:51:42'),
(2, 'Praesentium dolore fuga minima rerum qui sapiente deserunt.', '2023-09-20 10:51:42', '2023-09-20 10:51:42'),
(3, 'Sequi sunt est assumenda facere cumque.', '2023-09-20 10:51:42', '2023-09-20 10:51:42'),
(4, 'Qui aut natus enim rerum maiores omnis.', '2023-09-20 10:51:42', '2023-09-20 10:51:42'),
(5, 'Repellat eum fugiat et voluptates.', '2023-09-20 10:51:42', '2023-09-20 10:51:42'),
(6, 'Autem odit fugit exercitationem repudiandae consequatur voluptatem itaque.', '2023-09-20 10:51:42', '2023-09-20 10:51:42'),
(7, 'Est quaerat et possimus dolorem expedita fugit velit.', '2023-09-20 10:51:42', '2023-09-20 10:51:42'),
(9, 'Aliquam molestiae voluptatibus eos et excepturi sit non.', '2023-09-20 10:51:42', '2023-09-20 10:51:42'),
(10, 'Cum error quam sit qui voluptate aliquid architecto inventore.', '2023-09-20 10:51:42', '2023-09-20 10:51:42'),
(11, 'Nesciunt qui dolorem delectus cum sit nobis voluptatem.', '2023-09-20 10:51:42', '2023-09-20 10:51:42'),
(13, 'Ut ipsum et accusamus non quam enim doloremque.', '2023-09-20 10:51:42', '2023-09-20 10:51:42'),
(14, 'Sed doloribus minus in ut.', '2023-09-20 10:51:42', '2023-09-20 10:51:42'),
(15, 'Culpa cum consequatur dolorem adipisci voluptatem quaerat.', '2023-09-20 10:51:42', '2023-09-20 10:51:42'),
(16, 'Fugiat placeat facilis ipsum mollitia.', '2023-09-20 10:51:42', '2023-09-20 10:51:42'),
(17, 'Et fugit dicta omnis ut sit accusamus.', '2023-09-20 10:51:42', '2023-09-20 10:51:42'),
(18, 'Vero eaque molestiae optio est inventore sed sequi.', '2023-09-20 10:51:42', '2023-09-20 10:51:42'),
(19, 'Quasi numquam accusantium perspiciatis et alias sequi quia quisquam.', '2023-09-20 10:51:42', '2023-09-20 10:51:42'),
(20, 'Laudantium error corporis et aspernatur.', '2023-09-20 10:51:42', '2023-09-20 10:51:42'),
(21, 'Sed quia amet neque enim qui.', '2023-09-20 10:51:42', '2023-09-20 10:51:42'),
(22, 'Suscipit quia et sit reiciendis.', '2023-09-20 10:51:42', '2023-09-20 10:51:42'),
(23, 'In atque recusandae delectus aspernatur et occaecati.', '2023-09-20 10:51:42', '2023-09-20 10:51:42'),
(24, 'Dicta corporis enim debitis ducimus animi est odio.', '2023-09-20 10:51:42', '2023-09-20 10:51:42'),
(25, 'Culpa est vitae eius temporibus eum.', '2023-09-20 10:51:42', '2023-09-20 10:51:42'),
(26, 'Reiciendis similique ex ut culpa assumenda.', '2023-09-20 10:51:42', '2023-09-20 10:51:42'),
(27, 'Sapiente et est dolores tempora.', '2023-09-20 10:51:42', '2023-09-20 10:51:42'),
(28, 'Rem inventore expedita minus.', '2023-09-20 10:51:42', '2023-09-20 10:51:42'),
(29, 'Reiciendis voluptates velit aperiam qui consequatur quam.', '2023-09-20 10:51:42', '2023-09-20 10:51:42'),
(30, 'Impedit minima eaque dignissimos culpa qui.', '2023-09-20 10:51:42', '2023-09-20 10:51:42'),
(31, 'Quaerat nisi qui aut.', '2023-09-20 10:51:42', '2023-09-20 10:51:42'),
(32, 'Ex voluptas fugit temporibus eum laboriosam.', '2023-09-20 10:51:42', '2023-09-20 10:51:42'),
(33, 'Nisi natus recusandae assumenda est corporis.', '2023-09-20 10:51:42', '2023-09-20 10:51:42'),
(34, 'Quam non ut deleniti et libero.', '2023-09-20 10:51:42', '2023-09-20 10:51:42'),
(35, 'Nisi et mollitia unde occaecati sequi velit.', '2023-09-20 10:51:42', '2023-09-20 10:51:42'),
(36, 'Asperiores eligendi et dolorem laboriosam.', '2023-09-20 10:51:42', '2023-09-20 10:51:42'),
(37, 'Commodi magni eaque repellendus saepe iste animi.', '2023-09-20 10:51:42', '2023-09-20 10:51:42'),
(38, 'Praesentium maxime sed saepe qui exercitationem.', '2023-09-20 10:51:42', '2023-09-20 10:51:42'),
(39, 'Ea eos illum enim fugit recusandae tenetur consequatur.', '2023-09-20 10:51:42', '2023-09-20 10:51:42'),
(40, 'Veniam asperiores quia praesentium voluptatem cupiditate mollitia.', '2023-09-20 10:51:42', '2023-09-20 10:51:42'),
(41, 'Dolor voluptatem et et distinctio non dolore.', '2023-09-20 10:51:42', '2023-09-20 10:51:42'),
(42, 'Ipsa autem perferendis qui minus molestiae.', '2023-09-20 10:51:42', '2023-09-20 10:51:42'),
(43, 'Soluta non consectetur tempora autem iure eos.', '2023-09-20 10:51:42', '2023-09-20 10:51:42'),
(44, 'Exercitationem excepturi ipsa sed aut aperiam optio autem.', '2023-09-20 10:51:42', '2023-09-20 10:51:42'),
(45, 'Et tempore at iste dolore.', '2023-09-20 10:51:42', '2023-09-20 10:51:42'),
(46, 'Cupiditate consequatur nam maiores excepturi consequatur quidem et.', '2023-09-20 10:51:42', '2023-09-20 10:51:42'),
(47, 'Aspernatur qui fugit rerum molestiae tempore.', '2023-09-20 10:51:42', '2023-09-20 10:51:42'),
(48, 'Eos distinctio facilis ut.', '2023-09-20 10:51:42', '2023-09-20 10:51:42'),
(49, 'Aliquid magni molestias provident et laudantium.', '2023-09-20 10:51:42', '2023-09-20 10:51:42'),
(50, 'Quis odio cupiditate soluta non quae aut aut.', '2023-09-20 10:51:42', '2023-09-20 10:51:42'),
(51, 'Sit voluptatem ratione accusamus similique aut.', '2023-09-20 21:28:40', '2023-09-20 21:28:40'),
(52, 'Aut sit esse at adipisci maxime.', '2023-09-20 21:28:40', '2023-09-20 21:28:40'),
(53, 'Ticket completado', '2023-09-20 21:28:40', '2023-09-20 21:28:40'),
(54, 'prueba', '2023-09-21 17:50:47', '2023-09-21 17:50:47');

-- --------------------------------------------------------

--
-- Estructura de tabla para la tabla `comentarios_tickets`
--

CREATE TABLE `comentarios_tickets` (
  `id` bigint(20) UNSIGNED NOT NULL,
  `comentario_id` bigint(20) UNSIGNED NOT NULL,
  `ticket_id` bigint(20) UNSIGNED NOT NULL,
  `created_at` timestamp NULL DEFAULT NULL,
  `updated_at` timestamp NULL DEFAULT NULL
) ENGINE=InnoDB DEFAULT CHARSET=utf8mb4 COLLATE=utf8mb4_unicode_ci;

--
-- Volcado de datos para la tabla `comentarios_tickets`
--

INSERT INTO `comentarios_tickets` (`id`, `comentario_id`, `ticket_id`, `created_at`, `updated_at`) VALUES
(1, 27, 35, '2023-09-20 10:51:42', '2023-09-20 10:51:42'),
(2, 31, 76, '2023-09-20 10:51:42', '2023-09-20 10:51:42'),
(3, 48, 92, '2023-09-20 10:51:42', '2023-09-20 10:51:42'),
(5, 28, 58, '2023-09-20 10:51:42', '2023-09-20 10:51:42'),
(6, 34, 15, '2023-09-20 10:51:42', '2023-09-20 10:51:42'),
(7, 40, 8, '2023-09-20 10:51:42', '2023-09-20 10:51:42'),
(8, 19, 71, '2023-09-20 10:51:42', '2023-09-20 10:51:42'),
(9, 30, 74, '2023-09-20 10:51:42', '2023-09-20 10:51:42'),
(10, 3, 84, '2023-09-20 10:51:42', '2023-09-20 10:51:42'),
(12, 30, 29, '2023-09-20 10:51:42', '2023-09-20 10:51:42'),
(13, 7, 39, '2023-09-20 10:51:42', '2023-09-20 10:51:42'),
(14, 9, 3, '2023-09-20 10:51:42', '2023-09-20 10:51:42'),
(15, 23, 20, '2023-09-20 10:51:42', '2023-09-20 10:51:42'),
(16, 16, 57, '2023-09-20 10:51:42', '2023-09-20 10:51:42'),
(17, 20, 45, '2023-09-20 10:51:42', '2023-09-20 10:51:42'),
(18, 13, 31, '2023-09-20 10:51:42', '2023-09-20 10:51:42'),
(20, 2, 38, '2023-09-20 10:51:42', '2023-09-20 10:51:42'),
(21, 29, 94, '2023-09-20 10:51:42', '2023-09-20 10:51:42'),
(22, 14, 11, '2023-09-20 10:51:42', '2023-09-20 10:51:42'),
(24, 36, 29, '2023-09-20 10:51:42', '2023-09-20 10:51:42'),
(27, 21, 41, '2023-09-20 10:51:55', '2023-09-20 10:51:55'),
(28, 29, 60, '2023-09-20 10:51:55', '2023-09-20 10:51:55'),
(29, 26, 87, '2023-09-20 10:51:55', '2023-09-20 10:51:55'),
(31, 16, 44, '2023-09-20 10:51:55', '2023-09-20 10:51:55'),
(32, 11, 50, '2023-09-20 10:51:55', '2023-09-20 10:51:55'),
(33, 30, 4, '2023-09-20 10:51:55', '2023-09-20 10:51:55'),
(34, 44, 81, '2023-09-20 10:51:55', '2023-09-20 10:51:55'),
(35, 21, 86, '2023-09-20 10:51:55', '2023-09-20 10:51:55'),
(36, 18, 7, '2023-09-20 10:51:55', '2023-09-20 10:51:55'),
(38, 2, 55, '2023-09-20 10:51:55', '2023-09-20 10:51:55'),
(39, 36, 49, '2023-09-20 10:51:55', '2023-09-20 10:51:55'),
(41, 7, 66, '2023-09-20 10:51:55', '2023-09-20 10:51:55'),
(42, 11, 79, '2023-09-20 10:51:55', '2023-09-20 10:51:55'),
(43, 11, 18, '2023-09-20 10:51:55', '2023-09-20 10:51:55'),
(44, 42, 59, '2023-09-20 10:51:55', '2023-09-20 10:51:55'),
(45, 35, 79, '2023-09-20 10:51:55', '2023-09-20 10:51:55'),
(46, 49, 14, '2023-09-20 10:51:55', '2023-09-20 10:51:55'),
(49, 44, 96, '2023-09-20 10:51:55', '2023-09-20 10:51:55'),
(50, 16, 25, '2023-09-20 10:51:55', '2023-09-20 10:51:55'),
(51, 50, 99, '2023-09-20 10:51:55', '2023-09-20 10:51:55'),
(54, 35, 21, '2023-09-20 10:51:55', '2023-09-20 10:51:55'),
(55, 26, 44, '2023-09-20 10:51:55', '2023-09-20 10:51:55'),
(56, 29, 63, '2023-09-20 10:51:55', '2023-09-20 10:51:55'),
(57, 34, 71, '2023-09-20 10:51:55', '2023-09-20 10:51:55'),
(58, 15, 27, '2023-09-20 10:51:55', '2023-09-20 10:51:55'),
(59, 25, 64, '2023-09-20 10:51:55', '2023-09-20 10:51:55'),
(60, 37, 25, '2023-09-20 10:51:55', '2023-09-20 10:51:55'),
(61, 7, 79, '2023-09-20 10:51:55', '2023-09-20 10:51:55'),
(62, 44, 92, '2023-09-20 10:51:55', '2023-09-20 10:51:55'),
(63, 20, 30, '2023-09-20 10:51:55', '2023-09-20 10:51:55'),
(64, 44, 83, '2023-09-20 10:51:55', '2023-09-20 10:51:55'),
(65, 15, 83, '2023-09-20 10:51:55', '2023-09-20 10:51:55'),
(66, 3, 85, '2023-09-20 10:51:55', '2023-09-20 10:51:55'),
(67, 37, 64, '2023-09-20 10:51:55', '2023-09-20 10:51:55'),
(69, 4, 31, '2023-09-20 10:51:55', '2023-09-20 10:51:55'),
(70, 23, 61, '2023-09-20 10:51:55', '2023-09-20 10:51:55'),
(71, 28, 19, '2023-09-20 10:51:55', '2023-09-20 10:51:55'),
(72, 47, 16, '2023-09-20 10:51:55', '2023-09-20 10:51:55'),
(73, 16, 49, '2023-09-20 10:51:55', '2023-09-20 10:51:55'),
(74, 21, 49, '2023-09-20 10:51:55', '2023-09-20 10:51:55'),
(75, 22, 19, '2023-09-20 10:51:55', '2023-09-20 10:51:55'),
(76, 45, 57, '2023-09-20 10:51:55', '2023-09-20 10:51:55'),
(77, 43, 15, '2023-09-20 10:51:55', '2023-09-20 10:51:55'),
(79, 10, 7, '2023-09-20 10:51:55', '2023-09-20 10:51:55'),
(80, 22, 91, '2023-09-20 10:51:55', '2023-09-20 10:51:55'),
(81, 39, 43, '2023-09-20 10:51:55', '2023-09-20 10:51:55'),
(83, 15, 16, '2023-09-20 10:51:55', '2023-09-20 10:51:55'),
(84, 41, 8, '2023-09-20 10:51:55', '2023-09-20 10:51:55'),
(85, 2, 64, '2023-09-20 10:51:55', '2023-09-20 10:51:55'),
(86, 20, 89, '2023-09-20 10:51:55', '2023-09-20 10:51:55'),
(87, 49, 21, '2023-09-20 10:51:55', '2023-09-20 10:51:55'),
(88, 3, 6, '2023-09-20 10:51:55', '2023-09-20 10:51:55'),
(90, 30, 46, '2023-09-20 10:51:55', '2023-09-20 10:51:55'),
(91, 40, 19, '2023-09-20 10:51:55', '2023-09-20 10:51:55'),
(92, 38, 55, '2023-09-20 10:51:55', '2023-09-20 10:51:55'),
(94, 44, 53, '2023-09-20 10:51:55', '2023-09-20 10:51:55'),
(96, 51, 2, '2023-09-20 21:28:40', '2023-09-20 21:28:40'),
(97, 52, 2, '2023-09-20 21:28:40', '2023-09-20 21:28:40'),
(98, 53, 2, '2023-09-20 21:28:40', '2023-09-20 21:28:40'),
(99, 54, 102, '2023-09-21 17:50:47', '2023-09-21 17:50:47');

-- --------------------------------------------------------

--
-- Estructura de tabla para la tabla `estados`
--

CREATE TABLE `estados` (
  `id` bigint(20) UNSIGNED NOT NULL,
  `nombre` varchar(255) NOT NULL,
  `created_at` timestamp NULL DEFAULT NULL,
  `updated_at` timestamp NULL DEFAULT NULL
) ENGINE=InnoDB DEFAULT CHARSET=utf8mb4 COLLATE=utf8mb4_unicode_ci;

--
-- Volcado de datos para la tabla `estados`
--

INSERT INTO `estados` (`id`, `nombre`, `created_at`, `updated_at`) VALUES
(1, 'Pendiente', '2023-09-20 10:51:42', '2023-09-20 10:51:42'),
(2, 'En proceso', '2023-09-20 10:51:42', '2023-09-20 10:51:42'),
(3, 'Completada', '2023-09-20 10:51:42', '2023-09-20 10:51:42');

-- --------------------------------------------------------

--
-- Estructura de tabla para la tabla `failed_jobs`
--

CREATE TABLE `failed_jobs` (
  `id` bigint(20) UNSIGNED NOT NULL,
  `uuid` varchar(255) NOT NULL,
  `connection` text NOT NULL,
  `queue` text NOT NULL,
  `payload` longtext NOT NULL,
  `exception` longtext NOT NULL,
  `failed_at` timestamp NOT NULL DEFAULT current_timestamp()
) ENGINE=InnoDB DEFAULT CHARSET=utf8mb4 COLLATE=utf8mb4_unicode_ci;

-- --------------------------------------------------------

--
-- Estructura de tabla para la tabla `items`
--

CREATE TABLE `items` (
  `id` bigint(20) UNSIGNED NOT NULL,
  `nombre` varchar(255) NOT NULL,
  `categoria_id` bigint(20) UNSIGNED NOT NULL,
  `created_at` timestamp NULL DEFAULT NULL,
  `updated_at` timestamp NULL DEFAULT NULL
) ENGINE=InnoDB DEFAULT CHARSET=utf8mb4 COLLATE=utf8mb4_unicode_ci;

--
-- Volcado de datos para la tabla `items`
--

INSERT INTO `items` (`id`, `nombre`, `categoria_id`, `created_at`, `updated_at`) VALUES
(1, 'Prof. Alicia Quigle', 3, '2023-09-20 10:51:42', '2023-09-26 10:20:37'),
(2, 'Nicola Schowalter IV', 5, '2023-09-20 10:51:42', '2023-09-20 10:51:42'),
(3, 'Prof. Damon Beahan', 4, '2023-09-20 10:51:42', '2023-09-20 10:51:42'),
(4, 'Ashton Kiehn III', 5, '2023-09-20 10:51:42', '2023-09-20 10:51:42'),
(5, 'Dedrick Senger', 5, '2023-09-20 10:51:42', '2023-09-20 10:51:42'),
(6, 'Dana Smith', 1, '2023-09-20 10:51:42', '2023-09-20 10:51:42'),
(7, 'Mr. Jarrell Pacocha', 4, '2023-09-20 10:51:42', '2023-09-20 10:51:42'),
(8, 'Isaiah Jacobson', 2, '2023-09-20 10:51:42', '2023-09-20 10:51:42'),
(9, 'Miss Arielle Reichert', 1, '2023-09-20 10:51:42', '2023-09-20 10:51:42'),
(10, 'Rubie Quigley DVM', 1, '2023-09-20 10:51:42', '2023-09-20 10:51:42'),
(12, 'algo', 3, '2023-09-27 20:39:10', '2023-09-27 20:39:10'),
(13, 'permiso noticias', 9, '2023-09-27 20:40:33', '2023-09-27 20:40:33');

-- --------------------------------------------------------

--
-- Estructura de tabla para la tabla `migrations`
--

CREATE TABLE `migrations` (
  `id` int(10) UNSIGNED NOT NULL,
  `migration` varchar(255) NOT NULL,
  `batch` int(11) NOT NULL
) ENGINE=InnoDB DEFAULT CHARSET=utf8mb4 COLLATE=utf8mb4_unicode_ci;

--
-- Volcado de datos para la tabla `migrations`
--

INSERT INTO `migrations` (`id`, `migration`, `batch`) VALUES
(406, '001_create_permisos_table', 1),
(407, '002_create_noticias_table', 1),
(408, '003_create_tipo_usuarios_table', 1),
(409, '004_create_users_table', 1),
(410, '005_create_noticias_tipos_table', 1),
(411, '006_create_apoyos_table', 1),
(412, '007_create_administradors_table', 1),
(413, '008_create_tarjetas_table', 1),
(414, '009_create_tarjetas_usuarios_table', 1),
(415, '010_create_categorias_table', 1),
(416, '011_create_tarjetas_categorias_table', 1),
(417, '012_create_prioridads_table', 1),
(418, '013_create_categoria_t_k_s_table', 1),
(419, '014_create_items_table', 1),
(420, '015_create_estados_table', 1),
(421, '016_create_comentarios_table', 1),
(422, '017_create_tickets_table', 1),
(423, '018_create_comentarios_tickets_table', 1),
(424, '019_create_permisos_usuarios_table', 1),
(425, '020_create_quejas_table', 1),
(426, '2014_10_12_100000_create_password_reset_tokens_table', 1),
(427, '2019_08_19_000000_create_failed_jobs_table', 1),
(428, '2019_12_14_000001_create_personal_access_tokens_table', 1);

-- --------------------------------------------------------

--
-- Estructura de tabla para la tabla `noticias`
--

CREATE TABLE `noticias` (
  `id` bigint(20) UNSIGNED NOT NULL,
  `titulo` varchar(255) NOT NULL,
  `descripcion` text NOT NULL,
  `archivo` varchar(255) NOT NULL DEFAULT '',
  `likes` int(11) NOT NULL DEFAULT 0,
  `created_at` timestamp NULL DEFAULT NULL,
  `updated_at` timestamp NULL DEFAULT NULL
) ENGINE=InnoDB DEFAULT CHARSET=utf8mb4 COLLATE=utf8mb4_unicode_ci;

--
-- Volcado de datos para la tabla `noticias`
--

INSERT INTO `noticias` (`id`, `titulo`, `descripcion`, `archivo`, `likes`, `created_at`, `updated_at`) VALUES
(1, 'Est quasi iste ipsa sapiente error laboriosam rerum.', 'Eos aperiam vel possimus enim alias voluptatibus nobis. Eligendi fugiat accusamus et illum labore soluta. Quasi est minima fugiat qui et ut. Harum ab numquam et ut dicta. Consequuntur aut dolore neque quam adipisci. Quia illum est voluptatem id vel iste. Est quia illum sit. Rem officiis dolorem quam alias voluptatem perspiciatis. Nobis optio sunt doloribus nihil qui cum. Temporibus a quia sapiente maiores quod. Recusandae ea porro aliquid sint natus voluptas. Sequi non labore non aut pariatur vel culpa placeat. Repudiandae qui iure soluta rerum neque ratione. Recusandae animi velit omnis veniam velit voluptate. Aut odio nihil eos maiores et in. Ipsa ea eaque dolore molestias doloremque id. Et natus enim consequatur possimus. Eaque iure ut soluta qui in. Quaerat et aspernatur exercitationem labore. Qui ipsam eos est aut laborum. Sed voluptatem amet nihil laudantium. Aut perferendis dolores eos numquam quos. Sit deleniti iste illo laboriosam. Ipsa quibusdam nobis nostrum vel molestiae. Perferendis harum vel autem repellat sunt ut ex. Reiciendis assumenda molestias dolores qui eum maiores exercitationem sed. Id molestias et eos aliquid tempora fuga totam delectus. Dignissimos enim numquam vel tempore aut. Sit vero consectetur cum inventore laborum aut iure sed. Ea aut ea voluptatum corporis blanditiis. Molestiae aperiam ea sequi architecto rerum. Possimus natus architecto quas quasi qui optio molestiae. Accusamus et et et facilis consectetur. Voluptates sunt hic qui. Sit nisi itaque sequi ipsum dignissimos non. Numquam expedita animi molestiae sunt quam qui inventore.', 'TsZKYB4QrcfHqdqav3GQaGOPWT1jGURobXHCHJiU.pdf', 104, '2023-09-20 10:50:55', '2023-09-20 10:50:55'),
(2, 'Ullam harum voluptate omnis omnis deleniti saepe.', 'Omnis sed quia quia placeat inventore aut. Et dolores nemo eaque dolorem numquam. Autem similique nesciunt aperiam quidem inventore vitae. Eum veniam excepturi dolore sunt repellat fugiat occaecati. Et accusamus et debitis consectetur. Ea tenetur sit et nam voluptates dolor rerum nobis. Commodi quia similique qui blanditiis nesciunt voluptas. Et amet unde blanditiis tempora quasi. Est dolores et et est inventore esse. Dolore ut aperiam voluptas quaerat ut corrupti delectus rem. Sequi quia voluptates atque sed qui rem aut. At enim enim laboriosam ut quia est asperiores sit. Ea quibusdam repellendus quaerat dolorem et. Consequatur delectus laborum tenetur non quia distinctio. Necessitatibus ut nemo suscipit rerum. Occaecati maiores nam saepe autem ullam dignissimos quia. Quia ut magnam animi sint culpa. Quas non quia labore dolorem ut expedita. Aut et aut eveniet qui et culpa. Dolores possimus natus eius hic. Porro soluta consequatur optio. Ratione illum molestias odio ratione. Est corporis beatae temporibus et. Reprehenderit optio dolorum error sapiente et nobis voluptatem. Ad aut et delectus aut harum molestiae nisi ipsam. Nostrum quia aut deleniti molestias odit. Est quisquam voluptatem occaecati ipsum mollitia nulla dicta fugiat. Aut voluptates ut dolor laborum necessitatibus repellat dolores. Provident aut cumque accusamus ex. Enim aut odio a non fuga ab rem. Itaque alias cupiditate inventore neque excepturi.', 'TsZKYB4QrcfHqdqav3GQaGOPWT1jGURobXHCHJiU.pdf', 3154, '2023-09-20 10:50:55', '2023-09-20 10:50:55'),
(3, 'Optio commodi expedita nihil ex quisquam velit molestias.', 'Ab molestiae aliquid alias voluptatem repellendus necessitatibus aperiam. Deleniti tempora neque laudantium sit maxime et accusamus. Quasi illo qui voluptates eos. Vel voluptatum esse impedit recusandae sequi laborum et. Omnis dolor est assumenda aut nemo maxime sit. Eaque optio magnam vel eveniet. Aliquid dolore beatae sapiente voluptatem iure. Repellat consequatur mollitia delectus dolorem sed mollitia. Placeat asperiores molestiae repudiandae placeat possimus temporibus ad. Aperiam tempore earum et. Reprehenderit neque nesciunt dicta et. Consequatur omnis quia ut perspiciatis eos. Ducimus et dolorem in illum est consequatur ipsum deserunt. Et error aut quibusdam. Eaque dolorem exercitationem aut voluptas a ut numquam. Dolores esse tenetur velit rerum officiis accusantium corrupti et. Quam reiciendis qui quisquam iusto eos voluptatem consequuntur. Deserunt id consequatur id doloremque qui. Animi ad doloremque minus sed necessitatibus aperiam. Et officiis harum et. Maiores quia animi aut mollitia. Velit quidem pariatur dolores expedita. Laborum sed quo vitae tenetur quo qui. Ea ullam non a necessitatibus laboriosam aperiam. Perspiciatis aut eos aperiam dolores necessitatibus. Aut quis autem officia enim mollitia officiis non. Ea in eos illo qui delectus qui nisi. Repellat accusantium tempore debitis adipisci. Cumque eos hic ad consectetur libero possimus cum. Et quos similique eos adipisci minima assumenda. Est sit quaerat molestias aut rerum. Sit ut tenetur quidem rerum odit nulla. Sed impedit enim ea quo qui qui at. Quo minus mollitia sed rerum dolor voluptate sit.', 'TsZKYB4QrcfHqdqav3GQaGOPWT1jGURobXHCHJiU.pdf', 1887, '2023-09-20 10:50:55', '2023-09-20 10:50:55'),
(4, 'Omnis dolore tenetur voluptatem autem quibusdam.', 'Aliquam mollitia cupiditate vero saepe hic. Nihil et odio qui similique qui. Maxime et nostrum quod omnis sint sequi. Natus maiores eligendi est dolores esse tempora similique. Quibusdam vel ea voluptas voluptatem eligendi. Reprehenderit voluptatum odio soluta. Atque veritatis molestiae minima repudiandae ullam pariatur saepe dignissimos. Aut cum explicabo illo laudantium accusantium quos. Rem qui porro unde aliquid. Et sed nam repellendus et autem illo. Magni inventore eos adipisci consectetur dolorem vel odit. Ut est a laborum sunt consequatur qui eveniet harum. Facere voluptas autem recusandae corporis cupiditate. Corrupti ducimus et consequatur voluptatum quia ipsum. Culpa non necessitatibus blanditiis. Adipisci dicta aut optio eum dolores. Modi minus voluptate ut quae. Doloribus similique accusantium laborum est. Saepe fuga ut qui unde mollitia. Velit ad ullam non nihil laudantium omnis excepturi. Sit consequuntur placeat commodi ut sint excepturi aliquid. Nihil rerum rem ad amet ullam dolores. Veniam fuga et facilis eos illo totam. Qui consequatur esse debitis voluptas optio sequi laudantium veniam. Omnis aut eveniet eum delectus eos ex. Iure sed laborum quae cupiditate culpa cumque quas veritatis. Dolores quibusdam veniam qui molestiae eveniet rerum deserunt. In cum expedita at veritatis sapiente voluptatem quia. Corrupti similique eum neque dicta aut optio. At et odit perspiciatis error qui et in. Fugiat sint saepe blanditiis. Corrupti tempora possimus impedit at non.', 'TsZKYB4QrcfHqdqav3GQaGOPWT1jGURobXHCHJiU.pdf', 1549, '2023-09-20 10:50:55', '2023-09-20 10:50:55'),
(5, 'Autem iste ratione ad in.', 'Nisi et non ut ut ut aut. Non possimus consequatur beatae ab aut dolor esse saepe. Id non qui quae beatae sint voluptate. Animi ducimus quasi esse dicta. Corrupti qui eveniet consequatur aut architecto id. Fugit et quasi magnam voluptatum quia non. Ipsam qui fugiat soluta occaecati provident molestiae dignissimos. Qui quia beatae atque. Esse praesentium qui a libero. Quia voluptatibus eaque repudiandae et dolorum quae qui. Reiciendis consequatur quibusdam omnis eum dolorum modi provident. Est alias et id doloribus aspernatur doloremque. Quaerat sit non ut odit et ut. Cumque ipsam molestias excepturi ut repellat dolorum. Officia quaerat minus nemo tenetur. Odit eum rerum quibusdam ea excepturi. Aspernatur sed maiores quia sunt dolores est distinctio quidem. Vel aut vel ratione. Ducimus quo nihil dolor cupiditate assumenda iste ea. Laboriosam rerum aut facere rerum nemo corrupti eaque. Cum voluptatum aspernatur enim minus accusamus ut. Unde quos voluptas laudantium in reiciendis voluptas fugiat. Distinctio facilis repudiandae qui ullam sed. Saepe eum sunt maiores voluptas. Veniam eum unde sunt similique quia perferendis. Voluptas dolorem placeat sunt neque. Ut id dolor error porro voluptatibus. Aspernatur perferendis assumenda exercitationem et omnis facere. Expedita adipisci ipsam nostrum numquam ut minima. Ea velit rerum sint debitis commodi. Et in ipsa quaerat pariatur dolores nisi. Dolores saepe molestiae vel accusantium explicabo eos qui fugit. Optio et aut illo voluptatem. Aliquid beatae a non assumenda dicta qui amet natus.', 'TsZKYB4QrcfHqdqav3GQaGOPWT1jGURobXHCHJiU.pdf', 273, '2023-09-20 10:50:55', '2023-09-20 10:50:55'),
(6, 'Harum accusamus nam et a voluptatem reiciendis eaque.', 'Expedita ut necessitatibus sint non. Molestiae quia vel molestiae ut. Cumque tempora tenetur iusto blanditiis voluptatum. Accusamus ipsum natus architecto vitae a cum. Ut voluptatem eum est odio. Dolorem et repudiandae eius aut. Sunt et dolor ullam commodi quo voluptas ipsam. Tempore sit autem quia illo ratione sunt minima. Ea molestias consequatur deleniti commodi quas. Iste quia eos blanditiis nihil. Nemo laboriosam explicabo est asperiores facilis. Quis odit quia non omnis voluptas. Dolorum laboriosam est similique nisi omnis. Et sunt sint a. Quae et exercitationem quod. Ab error facilis ut non aut. Ipsum quia asperiores consequatur sint consequatur enim consequatur. Facilis eos quos dolorum tempore cumque deserunt praesentium. Explicabo labore harum quos ut. Qui ut consequatur veniam vel ut. Autem ad voluptas molestiae mollitia similique amet illo. Quo officiis occaecati similique natus vero fugit. Quidem nam sit voluptas qui. Voluptatibus dolores dolore cumque molestiae ipsum. Quibusdam ipsam mollitia doloremque voluptatibus. Nulla rerum itaque quisquam sed sed. Aut minus maiores pariatur voluptatibus adipisci dolor harum. Accusamus vel voluptatibus ducimus sapiente. Voluptatum nesciunt nobis suscipit qui. Occaecati dolorum dolores cupiditate dolor. Odio non qui commodi similique voluptatem quos ipsa. Quia blanditiis qui eos perferendis odio ipsum. Delectus libero ipsum error laudantium. Qui modi voluptatem in atque dolores minima. Non quaerat corporis magni molestiae dolorum tenetur. Inventore autem soluta soluta et maxime. Magni aut laborum quae.', 'TsZKYB4QrcfHqdqav3GQaGOPWT1jGURobXHCHJiU.pdf', 2835, '2023-09-20 10:50:55', '2023-09-20 10:50:55'),
(7, 'Nisi nulla sit eum incidunt.', 'Et ab voluptatem quam. Praesentium sed qui cum quasi magni. Ratione unde voluptates quos autem accusantium autem autem. Occaecati porro rerum ipsa est quia voluptatem vero. Magnam nulla dolorem omnis officia labore pariatur. Delectus et voluptatum voluptatibus iure quos ab aut. Libero rerum natus est consectetur. Aperiam et quo voluptatibus omnis modi dicta. Voluptatem necessitatibus non aspernatur et magnam assumenda voluptas. Accusamus officiis rem ex voluptatem. Ipsa magnam qui perspiciatis velit blanditiis non. Voluptates laudantium eos esse et perspiciatis aliquam. Sunt maiores autem in atque dolor eveniet. Numquam rem dolorum ullam laudantium omnis. Est asperiores quibusdam consequatur. Et corrupti et esse officia. Nostrum est quibusdam ut. Rem enim fugiat voluptas blanditiis. Sed doloremque vero molestias autem aut ea magni sit. Minus ullam corporis officia quia et voluptatem atque qui. Blanditiis sit quae eos occaecati. Rerum ea quisquam qui. Dolorem pariatur et reprehenderit suscipit neque iusto. Qui molestias magni eum temporibus ab. Incidunt eligendi quo ratione. Fugiat sint id nobis aliquam consectetur quo ut quod. Quas mollitia quia omnis inventore vel repellendus. Autem voluptatem veritatis et error cumque. Numquam vero est assumenda sed. Tempore nihil reprehenderit ut temporibus enim. Fugiat ea veritatis quia velit omnis ipsa sit. Et fuga in quos magnam vel nulla. Dolore et odio dolor qui reprehenderit sit error. Impedit animi qui iure debitis corrupti accusamus. Odio sunt ducimus suscipit saepe eligendi. Et itaque autem id magni vitae.', 'TsZKYB4QrcfHqdqav3GQaGOPWT1jGURobXHCHJiU.pdf', 2767, '2023-09-20 10:50:55', '2023-09-20 10:50:55'),
(8, 'Dolor voluptatibus eum voluptas velit doloribus.', 'Odit temporibus possimus assumenda aut consequatur cupiditate deleniti. Temporibus natus sed sit et placeat. Ut rem similique sequi quidem. Velit quis consequatur aliquam. Voluptatum facilis rem voluptatum fugiat qui neque et. Modi et consequatur aliquam dolore molestiae voluptatem ratione blanditiis. Temporibus consequatur asperiores voluptatem. Cum iure voluptate fuga sit molestias. Rem esse consequatur expedita et. Dolores non nisi voluptates exercitationem consequatur. Eos rem ea ad eligendi harum expedita aut neque. Sit omnis qui recusandae ut fuga. Sint non eum velit omnis dolor. Molestiae voluptas dolore tempore aliquid. Inventore commodi laudantium aut natus non. Aut ullam odio et velit odit itaque est eos. Neque voluptatem et voluptate quo et. Et soluta itaque hic. Molestiae corporis molestiae nostrum velit aut. Commodi nam inventore occaecati fugit qui consequuntur consequatur. Voluptatem consequatur consequatur reprehenderit atque sint explicabo odit. Autem quaerat saepe laborum quos vitae accusamus. Et ad tenetur vel accusantium iste perferendis et non. Qui voluptatem sunt et perspiciatis recusandae ut nihil. Doloribus quia totam quia quia quo mollitia. Sit eos rerum officiis itaque. Nihil a illum vero ab ea. Aperiam minima officia blanditiis aut architecto officia minus et. Officiis assumenda voluptatem corrupti dolorem est porro. Veritatis sed culpa quidem. Molestias dolores sit vel odit quis.', 'TsZKYB4QrcfHqdqav3GQaGOPWT1jGURobXHCHJiU.pdf', 430, '2023-09-20 10:50:55', '2023-09-20 10:50:55'),
(9, 'Voluptas soluta in non tempora.', 'Optio maxime aut sequi. Eligendi fuga nulla architecto consequatur voluptatibus dolore nam. Voluptatum quis sed cumque sapiente reprehenderit assumenda. Qui consequatur necessitatibus deleniti cum magni debitis. Cum aperiam dicta et eos. Commodi tenetur ullam quam perferendis voluptatem fuga. Harum et accusantium est voluptas. Nam voluptatem iste autem a fugit. Exercitationem magni molestiae consequatur voluptatem consequatur ullam. Mollitia praesentium facilis modi quo expedita. Deleniti quis eaque rerum dolorem. Reiciendis illum sapiente id numquam aliquam veritatis nam. Distinctio saepe consequatur quis. Aspernatur quam aut fugiat iusto tempore nobis. Odio amet veritatis sed ipsum officiis veritatis. Sed consectetur velit nobis maiores tempora. Libero enim animi et et quasi tempore. Eum architecto occaecati tempore sint alias. Suscipit eos aut asperiores voluptatibus molestiae alias quas. Ab veritatis eos id autem veniam. Vitae qui enim pariatur vitae. Numquam assumenda qui quia magni placeat. Neque sed consequatur earum similique. Ducimus omnis pariatur quidem. Possimus nihil delectus ut amet necessitatibus et dignissimos mollitia. Quia praesentium dignissimos labore est dicta quia voluptas. Eligendi blanditiis animi sint facilis sequi. Id est repellendus est libero et officiis id. Velit nihil consequatur possimus sit explicabo. Accusantium repudiandae officiis quo soluta facilis voluptas similique et.', 'TsZKYB4QrcfHqdqav3GQaGOPWT1jGURobXHCHJiU.pdf', 335, '2023-09-20 10:50:55', '2023-09-20 10:50:55'),
(10, 'Excepturi ut quo cum excepturi doloremque aspernatur repellendus.', 'Aliquid deserunt quo vitae maiores eius blanditiis consequatur. Quam quia sed tempore architecto magnam nobis quaerat. Minima ratione veritatis saepe. Eos aut natus non nemo perspiciatis quasi quis. At recusandae fugit eveniet et eveniet in facilis. Tempora laboriosam optio velit debitis sint. Doloribus et voluptas odit ab fugiat autem commodi. Perferendis iure quibusdam modi aut aut ut id qui. Non voluptatem est neque occaecati quo sequi id. Iste quam voluptatem ab voluptas et. Quidem nulla ut voluptate laborum iusto ut perspiciatis. Dolor numquam sapiente itaque illum dolores aliquid corrupti. Ut nisi suscipit aut mollitia doloribus excepturi accusantium. Eum qui reiciendis atque. Vel consequatur quas et illo est et quos. Praesentium eum vel aut qui laborum aliquam. Nihil minus nobis eaque perspiciatis assumenda maiores. Eaque quaerat vero ipsa rem corrupti vel necessitatibus. Accusantium aut tenetur aut doloribus aliquid iste est libero. Unde ut temporibus minima facere maxime. Harum nostrum ea sint quo. Ut molestias sit et. Dolor impedit reiciendis est deserunt unde. Nihil fuga est aperiam blanditiis. Ipsum vero non odit. Velit amet voluptate qui ad vero illo. Excepturi ea reprehenderit iusto qui eligendi sed. Repudiandae sit in fuga distinctio quidem consequatur praesentium veritatis. Deleniti aut autem ex vero voluptatem. Natus ut molestias sapiente amet. Cumque suscipit aut a nam quas nobis. Libero sunt atque perferendis esse. Incidunt occaecati omnis perferendis. Quisquam totam officiis unde quis ut.', 'TsZKYB4QrcfHqdqav3GQaGOPWT1jGURobXHCHJiU.pdf', 2093, '2023-09-20 10:50:55', '2023-09-20 10:50:55'),
(11, 'Inventore pariatur est natus quam praesentium.', 'Aperiam modi impedit dignissimos odio a dicta recusandae corporis. Aperiam repudiandae in aspernatur. Neque perferendis voluptas totam facilis in saepe nostrum. Praesentium eos dolorum distinctio repellendus. Quia officiis id in dolores dolore quibusdam est. Nobis sed commodi sequi excepturi nemo dolorum magnam est. Delectus dolorem dolorum molestiae exercitationem. Pariatur accusantium quos cupiditate illum reiciendis id nulla. Laboriosam quia voluptas ut maiores aut. Tempora illum occaecati ex et. Voluptas dolor voluptate natus molestiae ut reprehenderit vel. Adipisci corrupti rem rerum quod. Assumenda repudiandae dolor dolorem ea quas. Enim vel dolore ex excepturi. Delectus quam ullam sed nobis amet neque. Porro cum dignissimos autem dolorem tenetur omnis. Esse asperiores error fugiat illo. Qui possimus expedita at consequatur voluptates. Minima iste minus saepe impedit facilis. At veniam eius placeat accusamus quam amet. Veritatis tempore velit iure et. Cum omnis dolorem in eligendi aut. Et qui dolorem exercitationem et. Voluptatum eum reprehenderit et ex hic laboriosam possimus ut. Ex qui possimus maiores voluptas. Dignissimos harum rem quaerat ut. Sed vitae accusamus at aut quaerat qui. Earum voluptate qui hic omnis veritatis quia et. Culpa optio vero architecto consequatur ea rem. Quia enim aut ea dolore illum. Ad modi omnis numquam autem. Corporis quasi qui aut molestiae. Id illo expedita nesciunt nemo eum aut fuga. Nihil velit optio ipsam dignissimos officiis dolore. Cupiditate est est asperiores ratione adipisci.', 'TsZKYB4QrcfHqdqav3GQaGOPWT1jGURobXHCHJiU.pdf', 3376, '2023-09-20 10:50:55', '2023-09-20 10:50:55'),
(12, 'Iste aperiam aut est qui illo nobis.', 'Vel dolores voluptates sed voluptatem quo. Impedit quod sint dolores sapiente cum veniam. Perferendis veritatis eos dolores repudiandae dignissimos non. Voluptatum impedit ipsam et qui fugiat doloremque. Hic aperiam illo sit. Expedita voluptate laudantium pariatur consequatur soluta ex id. Sint vitae recusandae velit et similique qui id perspiciatis. Molestias quam et reiciendis impedit sapiente rerum iste. Natus natus possimus eos optio consequuntur. Fugit est quo soluta aliquid unde quo. Fugiat ipsum error rerum cum. Dolor sapiente et deserunt ut et. Architecto quas qui aut cupiditate omnis repellendus. Nobis at aperiam molestiae et quaerat. Amet voluptatum itaque quae ut fuga. Qui nostrum consequatur placeat quis vero. Dolorem quidem et quisquam. Ut animi tempore eius nobis. Consequatur eligendi dolorem fuga alias distinctio dolores voluptatem. A perspiciatis voluptas sint maiores. Ad repudiandae repellat voluptates nihil aut odit necessitatibus. In esse non voluptas laudantium assumenda minima. Ad itaque non fugiat aspernatur quas aut. Non iure quisquam dolores non impedit dolores corporis. Error dolor praesentium aut dignissimos aut iure fuga. Natus in cumque cupiditate magnam rerum nostrum deleniti quae. Culpa architecto quidem dignissimos officia. Magnam aliquam enim reiciendis voluptatem. Quidem neque in qui placeat. Est minima sit error et. Quae aut unde iste itaque. Optio repellat veniam accusamus molestiae. Vitae qui temporibus consequatur qui. Numquam mollitia consequatur qui ut eos hic consequuntur quis. Soluta illum minus voluptatem ex ipsa.', 'TsZKYB4QrcfHqdqav3GQaGOPWT1jGURobXHCHJiU.pdf', 3402, '2023-09-20 10:50:55', '2023-09-20 10:50:55'),
(13, 'Earum ea incidunt quo placeat ullam alias.', 'Atque odit nobis quia animi. Recusandae impedit ut error neque minima exercitationem. Repudiandae inventore voluptas in et. Ut perferendis et cum. Cupiditate quod dolorum et. Consequatur animi et aut omnis et magnam. Est molestiae quae voluptatum fuga. Sapiente vel molestiae ut. In esse rerum ratione quo minima at et. Illum doloremque et dolor ut voluptates est quia. Eum aut unde et nihil pariatur et. Qui aut est qui magnam sit rerum sed eaque. Qui veniam omnis et voluptas est et omnis. Optio sint earum consequatur et omnis. Nemo corporis hic at suscipit repudiandae. Consequatur et eius recusandae ducimus et. Fuga et voluptatem consequatur ut qui eius. Perferendis officiis necessitatibus non necessitatibus quia animi suscipit. Est voluptate aliquid nihil consequuntur consequatur sunt vel. Sequi distinctio odit enim reiciendis assumenda. In totam totam quia neque earum. Facere laborum consequatur exercitationem sint sed suscipit dicta. Eos sit consectetur nesciunt autem voluptates aut. Explicabo et ipsum labore laudantium. Et laudantium dicta tempore. Tempora necessitatibus quidem deleniti qui officia. Et saepe totam repellendus voluptatem quas. Ducimus totam quia fugit. Iure ab occaecati architecto enim et maiores quo. Non quod non ut sint. Dolor nihil voluptate numquam saepe consectetur eum. Eligendi quis harum ullam id pariatur laudantium. Omnis molestiae aut tempore aut. Quibusdam hic non a iure. Est qui dignissimos libero consectetur sit facilis. Quo ratione omnis recusandae ut.', 'TsZKYB4QrcfHqdqav3GQaGOPWT1jGURobXHCHJiU.pdf', 659, '2023-09-20 10:50:55', '2023-09-20 10:50:55'),
(14, 'Libero qui iusto animi ipsum temporibus.', 'Consequatur ratione officia rerum ipsa mollitia. Corporis modi esse magni unde vero molestiae corrupti qui. Inventore illo beatae quia magni nobis. Dolor rerum et architecto debitis excepturi possimus maiores. Repudiandae nihil voluptatem dolor inventore impedit consequatur. Aut reprehenderit possimus incidunt alias. Dicta velit at saepe voluptatem. Dolorum sunt natus quam velit quasi quis. Inventore rerum officia vitae et culpa et. Corrupti voluptatem quis dolores soluta. Provident repellendus quo cumque dolores pariatur ut aut. Non maiores dicta sint distinctio non. Est quo est magnam fugiat aperiam commodi. Qui consequuntur accusantium exercitationem velit quam numquam. Rem velit voluptatem sed aspernatur in alias accusantium. Ut et maiores neque aut deleniti suscipit explicabo nostrum. Molestiae nihil harum harum non corporis. Porro ut labore beatae repellat. Est molestiae illo consequuntur quia optio est. Quod tenetur provident maiores est beatae expedita. Aut est inventore et incidunt accusantium delectus enim. Aut maxime quisquam est perspiciatis iure laudantium est. Cupiditate impedit libero praesentium blanditiis corporis maiores. Magnam amet odio voluptatibus. Maxime tempora reprehenderit est optio nulla sit. Distinctio aut in dolores deserunt ex. Quo ut laborum est earum aperiam nulla animi minus. Saepe aut cupiditate ipsa odit voluptate rem. Dolorem quo corporis veniam nemo at corrupti ut. Aperiam corporis aliquam assumenda eos.', 'TsZKYB4QrcfHqdqav3GQaGOPWT1jGURobXHCHJiU.pdf', 2725, '2023-09-20 10:50:55', '2023-09-20 10:50:55'),
(15, 'Eligendi temporibus et delectus nisi eligendi nulla distinctio recusandae.', 'Libero reprehenderit repudiandae fugit harum illo. Aliquam et et autem. Amet eos culpa id consequatur. Voluptas quam incidunt cumque animi reiciendis molestias. Magnam enim tempore maxime aliquid. Qui nobis illum voluptatibus porro blanditiis culpa eaque. Dolores est recusandae ut labore totam voluptatem dolorem assumenda. Molestias in ut et eum error est. Expedita et suscipit ullam occaecati optio velit et. Quaerat aperiam qui esse dolores. Fuga officia quo sit nostrum delectus. Aut sint non in cupiditate laborum voluptatem. Quisquam qui officia tenetur. Et consequatur ut fugiat nostrum error temporibus enim. Alias sapiente quod tempore dolores. Nostrum assumenda magnam omnis corrupti. Itaque voluptas suscipit ut voluptatem. Ut optio ut illo magnam laudantium aut est est. Sequi doloremque quidem temporibus blanditiis suscipit commodi aspernatur. Voluptas eum sint non in voluptatem voluptatem dolore. Dolores aperiam commodi porro nihil sunt. Temporibus rerum consequatur esse sed et. Voluptatem distinctio et aut doloribus ullam quia. Corporis rerum quibusdam ipsa eius doloribus molestiae. Maiores voluptatum sit architecto voluptas ut quam ut qui. Nam natus blanditiis id quam sed nemo. Impedit magni ullam aut dolores dolorem sit repellendus similique. Quae voluptatem consequatur dolorem qui. Itaque modi hic quidem et. Modi dolor voluptate ipsam a quam pariatur. Molestiae illum ipsam sed sed velit recusandae consequatur doloribus. Impedit qui facere placeat enim ea cupiditate illo. Sit ut sed quidem ex odit. Fugit non expedita qui unde.', 'TsZKYB4QrcfHqdqav3GQaGOPWT1jGURobXHCHJiU.pdf', 4215, '2023-09-20 10:50:55', '2023-09-20 10:50:55'),
(16, 'Eum a eveniet exercitationem assumenda qui numquam.', 'Vel dolores quia et vel sequi quidem dolorum. Corporis doloribus qui et cum culpa corrupti sunt temporibus. Sunt et doloribus maiores iusto et delectus omnis quis. Reiciendis et illum dolorum quos ea. Nemo magni amet nihil aliquid culpa impedit dolorum. Voluptate est id debitis est dolor est minima quos. Debitis voluptatem veniam quaerat enim dolore enim. Quisquam ex voluptates non. Voluptates possimus labore quidem odio tempore. Repellendus sequi quibusdam amet qui in itaque. Laudantium sunt dolores sed. Nostrum et animi voluptas aut. Ea placeat quaerat est aut omnis. Qui veniam rerum officia est. Sunt possimus eligendi magni pariatur aut. Eaque voluptas ratione ad molestiae atque vel sed. Consequatur voluptas esse earum incidunt tenetur. Et eaque vero est vel nihil consequuntur vel. Optio necessitatibus est esse eum. Magnam expedita in et aut mollitia totam. Quis quam odit illum veritatis et. Odit at dolores ab natus qui sit beatae. Dicta omnis quos qui reprehenderit omnis officia. Odit ut error tenetur consequatur minima velit laboriosam et. Et nostrum quia voluptate et aut voluptatem ipsum. Laboriosam blanditiis voluptate sunt molestiae voluptatem. Tempora recusandae qui labore ut ut et molestiae. Quibusdam occaecati non aut perferendis. Delectus amet odio beatae similique dolor delectus praesentium incidunt. Rem incidunt distinctio aut. Corrupti ratione magni alias quia ut. Quia qui est voluptatum ea. Qui et repudiandae mollitia adipisci similique ex.', 'TsZKYB4QrcfHqdqav3GQaGOPWT1jGURobXHCHJiU.pdf', 4113, '2023-09-20 10:50:55', '2023-09-20 10:50:55'),
(17, 'Natus quae asperiores impedit provident neque.', 'Corporis sit aspernatur molestiae quidem non natus et. Doloribus quis ullam adipisci dolores. Architecto suscipit deserunt atque dolores. Esse cupiditate assumenda quo quasi ratione. Fuga repellendus in quibusdam consequatur doloremque recusandae dolorem sapiente. Quibusdam optio nisi ut id molestias. Dignissimos doloremque voluptatem eius repudiandae laborum. Praesentium quia perspiciatis rerum earum ut. Quaerat minus et reprehenderit laudantium commodi porro doloremque. Et nobis amet quaerat magni. Corporis voluptatem consequatur a voluptatem animi. Provident perferendis tenetur ipsam facilis quidem ullam ut. Quas voluptas possimus odio aut. Cupiditate laboriosam quibusdam reprehenderit reprehenderit asperiores dolor. Dolorem odit saepe possimus. Accusamus non minima voluptate sit beatae aspernatur. Delectus praesentium cupiditate dolores sed tenetur tenetur. Id modi ut quaerat est commodi. Sapiente asperiores quod iure laborum dicta. Hic aliquid accusantium non qui. Sapiente sint est itaque ab. Omnis nostrum quia ut dolorem quos et repellendus omnis. Aut aperiam quasi nulla vel aut consectetur quia. Enim cum et similique. Est eaque et dolorem ullam est rerum. Praesentium dolorum id quae amet nobis omnis voluptatem labore. Pariatur nostrum aut quasi ad amet suscipit voluptatem. Fugiat minus ut aperiam deserunt. Illum sint eaque et nam. Molestiae minus distinctio asperiores ullam excepturi harum ut. Ea exercitationem omnis est iste. Eos et commodi rerum sapiente ut sequi quae.', 'TsZKYB4QrcfHqdqav3GQaGOPWT1jGURobXHCHJiU.pdf', 2987, '2023-09-20 10:50:55', '2023-09-20 10:50:55'),
(18, 'Omnis omnis dolore nostrum explicabo expedita molestiae maxime.', 'Aut corporis enim ab quia. Perspiciatis qui ab reiciendis ex. Qui quis nulla assumenda quo voluptatem sunt totam et. Alias earum nam maiores. In eos quod eum velit repellendus harum. Molestias velit esse similique rerum dolor eos sed. Cumque rerum et dolorem quibusdam porro. Suscipit adipisci ducimus repudiandae eos suscipit velit aut. Nulla nemo aut cum dolor. Deleniti voluptates ut ad et repudiandae. Quos rerum voluptatum debitis et libero. Ea eos blanditiis in minima illum qui. Consectetur nobis rerum nesciunt aspernatur rem quia voluptas animi. Et distinctio tempore consectetur. Ut quam et delectus qui non repellat quaerat. Voluptatem tempore praesentium voluptatem eum voluptatem. Quis rerum ut omnis et totam sit ea quo. Eaque qui aperiam sit. Sit ducimus perspiciatis doloribus sed veniam consequatur est ut. Reprehenderit animi aut pariatur velit vel amet consequatur. Quia quod ex harum illum blanditiis iusto. Eum molestiae officia natus consequatur saepe reprehenderit excepturi. Ad excepturi perspiciatis consequatur et voluptates voluptas et. Non incidunt sit dolores quibusdam voluptatem itaque. Hic illo et et sit qui quibusdam. Iusto unde rem delectus reiciendis quis accusamus saepe. Possimus voluptas non rerum nam vero odio. Mollitia et et at quod dolorem qui. Nemo nesciunt amet quibusdam consequatur ut unde nihil. Harum cupiditate minus animi blanditiis voluptates et. Quisquam nihil accusantium quos aliquid enim provident.', 'TsZKYB4QrcfHqdqav3GQaGOPWT1jGURobXHCHJiU.pdf', 5, '2023-09-20 10:50:55', '2023-09-20 10:50:55'),
(19, 'Omnis consectetur repudiandae ducimus tenetur et.', 'Aut praesentium laboriosam dignissimos et occaecati. Recusandae ea explicabo corporis veritatis nihil corrupti. In itaque itaque dolorum deleniti possimus facere nobis. Accusamus consequatur nisi necessitatibus et sit. Quidem quis libero facilis sed ratione a. Harum nemo facilis voluptas aut inventore. Nostrum id qui sit. Ducimus quis tempora accusamus consectetur. Optio quis unde officiis quo illum. Dolorem enim esse reiciendis ipsa possimus aut. Ratione tenetur exercitationem at atque aut at impedit inventore. Non magnam saepe aut et assumenda repellat. Qui quas rerum minima quam saepe est. Vitae esse voluptatum soluta eum. Commodi neque voluptatem fugiat et commodi vero. Saepe dolor amet tempora minima. In in ex ducimus exercitationem dolorem delectus sunt. Dolore accusantium dolore ea reprehenderit officiis et iste. Fugiat recusandae tempore nostrum ut ab. Magnam repellendus ut doloremque. Eveniet autem odit ut optio repellendus neque. Vel qui dolore harum officia. Et autem voluptate animi voluptatem. Aut deleniti aut quibusdam doloribus. Rerum quibusdam nostrum incidunt ad. Commodi voluptas vero enim aut aspernatur. Quae non ad incidunt. Consequatur odio et sit est perferendis. Aspernatur laboriosam repudiandae fugiat qui recusandae. Atque harum error omnis repellendus quia dolorem sunt. Sapiente eaque voluptas eius excepturi ut. Explicabo harum sit in atque. Ut aspernatur atque sit veniam. Rerum eos eos dolor vitae eos nulla. Fugiat officia et totam non alias molestiae fugiat. Non ab est pariatur est molestiae deleniti.', 'TsZKYB4QrcfHqdqav3GQaGOPWT1jGURobXHCHJiU.pdf', 2845, '2023-09-20 10:50:55', '2023-09-20 10:50:55'),
(20, 'Voluptatum sequi aut corrupti officia incidunt neque.', 'Quo omnis laudantium minus ab perspiciatis et. Ad sunt quia enim. Dolor molestiae qui eaque aspernatur. Voluptas in deleniti amet dolorem voluptatem. Eos est quisquam quaerat. Dolorem omnis ut iusto possimus hic suscipit. Tenetur aliquam impedit voluptas ex et id. Officia maiores vel doloribus officiis reprehenderit. Rerum doloremque et quo non sit deleniti iure nihil. Ex aliquam consectetur nemo inventore vel perspiciatis et. Sunt quo ipsa facilis ex et. Laborum in voluptas id voluptas. Nemo commodi nulla sint sint quibusdam. Expedita non eaque ea velit autem deserunt ut pariatur. Odio est illum consectetur voluptate et. Nam laborum ab iure eos quibusdam porro. Id neque repudiandae facere voluptatem. Provident quae commodi voluptatem quas nihil quod id dolorum. Qui quibusdam adipisci accusantium ut ea at vel qui. Occaecati et ut quibusdam autem et animi. Qui quo consequatur est est dolor consequatur. Dolore vel est earum aut dignissimos non. Nam nihil commodi est mollitia vel laboriosam rerum. Libero ratione quo tempora culpa quasi dolores porro. Ut eum architecto rerum tempora ea ut illum voluptas. Qui aut aut animi ex. Similique quia velit et qui non occaecati. Officia minima debitis odio vero. Voluptatum ea nostrum iusto. Ut et cumque animi et. Nesciunt nobis inventore ea officia beatae. Velit accusantium eos aperiam fuga velit. Veritatis fuga numquam blanditiis quod. Necessitatibus possimus natus dolores amet consequatur et libero beatae. Vitae aut vero sit doloribus non. Omnis voluptas minima assumenda quos voluptas.', 'TsZKYB4QrcfHqdqav3GQaGOPWT1jGURobXHCHJiU.pdf', 36, '2023-09-20 10:50:55', '2023-09-20 10:50:55'),
(21, 'Commodi iste dolorem quis officia commodi.', 'Vel vitae atque occaecati perferendis fugit. Voluptates minus nostrum vero aut ipsa nobis. Numquam et molestiae et veniam. Voluptatem officiis quas et neque corporis excepturi consequatur. Delectus dicta itaque explicabo. Et doloremque eius praesentium dignissimos ut tenetur. Unde est quasi sed. Accusantium recusandae veritatis aut quasi corrupti ea sit ut. Dignissimos quos nobis repellat ullam nobis qui et. Vel deleniti est sint et dolor cum. Temporibus excepturi assumenda eius at reiciendis et sed. Corrupti et magni facere voluptas. Aut facere omnis qui nisi delectus culpa consectetur. Eius qui libero aliquam quaerat vitae nostrum. Quia animi et id consectetur. Voluptate nobis libero sint. Est quia temporibus ut consequatur expedita qui. Et iusto provident ad doloremque praesentium nostrum. Aut molestiae omnis vero tempora iusto deserunt sunt dolores. Veritatis id facilis nesciunt et vero. Sed et autem porro dolor qui. Libero nemo impedit illum est. Aut tenetur sit rerum animi ut quaerat. Incidunt vero vel hic vitae et id. Id labore sapiente commodi odio. Reprehenderit at harum sed ut cupiditate. Voluptatem earum voluptatem ut et est. Vel doloribus provident omnis et. Omnis sapiente et deserunt. Reprehenderit laborum sint deserunt harum. Culpa aut iure rerum magni. Consequatur beatae aut ipsam perferendis perferendis. Minus error sapiente distinctio et voluptas animi quis. Debitis ex sint maxime ut hic possimus iste. Occaecati aut autem assumenda sit. Blanditiis rerum odio maxime et exercitationem minus et.', 'TsZKYB4QrcfHqdqav3GQaGOPWT1jGURobXHCHJiU.pdf', 4983, '2023-09-20 10:50:55', '2023-09-20 10:50:55'),
(22, 'Quia recusandae consequatur eaque eos voluptatum voluptas.', 'Excepturi autem perspiciatis fugiat sunt tenetur omnis pariatur. Non sit voluptas facilis est labore exercitationem dolores eum. Dolor praesentium odit dicta odit exercitationem. Optio fugit impedit fugiat illo. Non est quis enim non quis deserunt nesciunt. Exercitationem omnis soluta praesentium sed. Voluptas ex sint cumque adipisci est nemo. Consectetur a hic in excepturi et eius. Placeat corporis quae tenetur non eos laboriosam. Odio pariatur ut facilis molestiae iure. Maxime velit nostrum aut dolores porro. Natus sed est quia saepe. Accusantium natus aliquid molestiae aut nihil itaque. Voluptas molestias dolore sapiente. Quos rem doloribus nesciunt ut unde doloribus dolore. Autem corrupti expedita ullam earum. Esse iure quas iusto eveniet explicabo cum et. Ad quasi esse natus possimus. Quia et est asperiores dolorem porro totam et et. Nesciunt ipsam tenetur ad. Dolor non sint voluptas. Mollitia qui quia atque maiores quo et. Tempora dolore temporibus quas enim possimus laudantium non. Reiciendis commodi eaque odio magnam ex. Eos commodi nulla non maxime saepe. Expedita placeat qui quidem quis qui non placeat aut. Optio magni est totam enim fuga dignissimos. Modi ut quo rerum autem nulla expedita veritatis odit. Rerum numquam dolores id sit. Quas a omnis magnam odit autem dolorem reprehenderit. Voluptatibus autem molestias quidem qui odit ex. Dolore repellendus nihil voluptatibus dignissimos odio hic ut. Distinctio unde alias fugit quidem perferendis nesciunt.', 'TsZKYB4QrcfHqdqav3GQaGOPWT1jGURobXHCHJiU.pdf', 2276, '2023-09-20 10:50:55', '2023-09-20 10:50:55'),
(23, 'Dolor et non repellat pariatur sed non sit ex.', 'Ut aut illum maiores eaque debitis. Laboriosam blanditiis aperiam consequatur voluptas fugiat. Rerum expedita earum natus illo culpa similique facere. Omnis et autem eius doloremque. Consequatur nihil perspiciatis quia ducimus vitae. Odit dolorum sit et delectus consequatur. In voluptatem voluptatum atque accusantium. Sunt facilis aperiam id facilis ut quis reprehenderit. Consequatur non adipisci corrupti aut totam dolorem magni. Molestias illo fuga quaerat illo maxime rerum atque. Est vitae quasi saepe soluta. Rem voluptatum quo et et nulla aliquid autem. Ut aspernatur perferendis consequatur in beatae vel nulla. In architecto sed neque eos. Harum numquam delectus est ipsum quia. Id et deserunt iure odio pariatur molestiae magni. Ea error aliquid cumque odio omnis modi. Veniam perspiciatis nam est non culpa. Et nostrum quasi placeat enim voluptatem laboriosam. Quaerat assumenda odit accusantium animi beatae. Et voluptatibus velit magnam quaerat. Similique velit consectetur sint voluptates rem. Dolores ratione quaerat illo repellendus totam. Ea voluptates sint quaerat vitae quia. Nostrum aut ipsam vel necessitatibus. Voluptatum accusantium sed est. Incidunt sit atque et. Officiis animi laborum voluptatem ipsam pariatur et eum. Atque consequatur provident laudantium consequatur expedita sint. Officia itaque vitae in labore non enim. Tempora a assumenda est aut in. Consequatur ut fugit dolorem. Sapiente hic molestiae voluptas dignissimos est sint perferendis facere.', 'TsZKYB4QrcfHqdqav3GQaGOPWT1jGURobXHCHJiU.pdf', 527, '2023-09-20 10:50:55', '2023-09-20 10:50:55'),
(24, 'Delectus sed quo enim accusamus voluptatibus in.', 'Iste placeat aliquam ex libero explicabo quia minus. Doloribus iure aliquam est voluptas aut accusamus consectetur asperiores. Molestiae neque aut consectetur. Ea quia molestiae repellat sed. Vel odio nesciunt dicta labore. Maxime sed nesciunt ipsam possimus. Ea consequatur modi illo quas. Non est accusamus est possimus est facilis labore. Voluptatem in exercitationem cum. Ut qui quis repudiandae assumenda est et. Architecto sed magni et eum. Quod error natus corporis dolor et dolores. Officiis ex quam suscipit mollitia non. Nesciunt quia autem qui enim. Qui provident voluptas saepe cumque hic. Laborum natus eius omnis aut nihil. Atque est nisi culpa incidunt maxime quas aut. Odit et est nostrum sed dolor voluptatum iste. Ipsa id facere ipsam explicabo ut dolorem. Repudiandae aspernatur id enim ipsam. Quae unde ratione quisquam voluptatum hic reprehenderit. Eos ut ut saepe eius. Non sit natus facere pariatur in enim. Aperiam dolor iure pariatur maxime. Dolore voluptate vero reiciendis. Laudantium distinctio aut distinctio dolores quia quaerat perspiciatis. Praesentium quo deleniti rerum placeat. Sed nulla minima et vitae amet soluta perferendis. Laborum mollitia commodi rerum sint modi qui. Eum harum tempora sunt. Tempore laudantium earum atque et rerum. Omnis voluptas repudiandae blanditiis autem dolore labore. Similique tempora sed animi inventore nobis quos. Similique aperiam est soluta fuga exercitationem ut accusamus repellendus.', 'TsZKYB4QrcfHqdqav3GQaGOPWT1jGURobXHCHJiU.pdf', 3309, '2023-09-20 10:50:55', '2023-09-20 10:50:55'),
(25, 'Dolor nulla non accusantium amet consequatur.', 'Voluptatem dolores beatae dolores. Iusto harum aperiam necessitatibus inventore dolorem et reiciendis. Non labore tempore voluptas dignissimos molestias maxime. Laboriosam eos consequatur distinctio modi qui sint voluptatem. Recusandae totam nihil reiciendis. Aspernatur provident in est nemo sed et atque. Qui officia temporibus saepe facilis quod impedit. Molestiae sunt ducimus facilis reiciendis. Consequatur et temporibus accusantium blanditiis et reprehenderit. Incidunt quod ut ad in quia. Labore molestias at voluptas. Quibusdam minima distinctio qui. Maxime quidem laborum aut dolor illo dolore labore. Aperiam excepturi quam ut illum. Sed temporibus aut ex impedit mollitia assumenda earum. Non architecto vel blanditiis odit. Cumque placeat aliquam architecto veniam dolores exercitationem deserunt. Iure dolorem assumenda numquam et. Voluptas numquam quia at magni hic at id. Voluptas necessitatibus impedit ab quo unde. Omnis sunt qui enim odit perspiciatis doloremque quidem sunt. Omnis quasi quaerat possimus rerum consequuntur sit. Consequuntur quia consequatur animi in doloribus. Ut minima id consequatur nihil. Adipisci nulla voluptatum corrupti omnis non. Dignissimos aliquam et et in. Excepturi qui saepe tempore ullam. Inventore nam reiciendis qui aut. Consequatur beatae quod fugit recusandae voluptas odio doloremque. Et est dignissimos eos fugiat. Ea iste veritatis deserunt a numquam maxime ab. Officiis enim possimus quisquam est maxime. Vel est vero eaque magnam.', 'TsZKYB4QrcfHqdqav3GQaGOPWT1jGURobXHCHJiU.pdf', 2978, '2023-09-20 10:50:55', '2023-09-20 10:50:55'),
(26, 'Et asperiores ad laborum corrupti.', 'Architecto est voluptas quasi deserunt quo. Eos est perferendis quia eligendi recusandae amet sint. Porro sed sunt ex nihil in. Autem fuga aliquam dignissimos eos. Iure illo accusantium id aspernatur. Minus dolor sint repellat aliquid doloribus vel facilis. Architecto sed impedit et esse voluptatem ut aut tenetur. Assumenda ullam et amet iusto saepe optio doloremque. Est ut nesciunt similique et impedit ipsam beatae. Pariatur esse sunt voluptate qui qui quia eius sed. Voluptatibus et sint mollitia dolorem tempora cumque reprehenderit quia. Ipsum nihil est dolorem id dolorum voluptas saepe. Aut repudiandae et dolore hic. Ut aut nulla qui culpa adipisci fugit. Consectetur optio dolores est alias ratione harum voluptatem. Quas qui aspernatur animi suscipit nemo atque. Consectetur quam possimus perferendis quia enim perspiciatis eum. Velit soluta recusandae eveniet rerum quis. Et tempore dolorum totam id dolorum vitae aut. Autem tempore saepe tempore ipsam repudiandae eveniet. Dolores qui perferendis perferendis iure. In et temporibus vitae corporis. Laboriosam architecto qui eveniet deserunt recusandae reiciendis repudiandae. Autem qui eligendi ullam et. Dolores fugiat porro itaque tempora tenetur est. Iure aut reiciendis sint omnis voluptatem dolores. Architecto quia sunt sint. Amet officiis aut eius maxime. Rerum quaerat ducimus reiciendis non et quibusdam saepe. Cumque vel odit praesentium sint. Beatae ut quo earum quibusdam dignissimos doloremque molestiae. Magnam fugiat dicta ullam ut modi aliquam quaerat. Voluptatem eaque beatae nulla nemo.', 'TsZKYB4QrcfHqdqav3GQaGOPWT1jGURobXHCHJiU.pdf', 3188, '2023-09-20 10:50:55', '2023-09-20 10:50:55'),
(27, 'Temporibus ipsam odio cumque qui occaecati et est.', 'Aut veniam dolores odio. Doloremque dignissimos explicabo mollitia aut quia aut voluptas. Ea earum eius et culpa. Quia voluptates corporis consequuntur occaecati aperiam rerum vel. Et tempora illum et ipsam neque. Id accusantium omnis corrupti hic. Expedita eum occaecati animi itaque asperiores nostrum. Odio rerum eius dolorum aliquam id non. Ipsum porro repudiandae rerum eveniet. Maiores dolores saepe mollitia. Est laudantium temporibus officiis enim corrupti itaque. Minima eaque consequatur aliquid. Totam nemo velit dignissimos quia sed officia. Velit voluptas nulla aspernatur cum maiores libero cumque. Ut perferendis eum omnis praesentium vel rerum dolor dolores. Maxime vel libero ducimus et debitis exercitationem autem. Nemo deleniti blanditiis qui et quo voluptatem voluptates. Perferendis ut sed nam tenetur. Nostrum dolores vel velit est placeat. Recusandae non illo eos quas ut ex accusantium. Quia enim voluptatem illum dolor praesentium in distinctio. Voluptatem saepe dolores id dolorum et veniam. Iure a beatae adipisci quos repellendus. Odit sit quisquam enim quo reiciendis eaque sed blanditiis. Numquam explicabo cumque voluptatem perspiciatis voluptatum. Qui iusto molestias dolore quisquam nihil dolor. Quia soluta et dignissimos sit. Eos et qui quia quae. Rerum sequi error delectus incidunt molestias. Et minima molestias amet omnis cupiditate excepturi quod quo. Minus et ut quas laboriosam iure dolore. Exercitationem tenetur officia quam. Cumque nisi et rerum ex ea fugit impedit.', 'TsZKYB4QrcfHqdqav3GQaGOPWT1jGURobXHCHJiU.pdf', 2455, '2023-09-20 10:50:55', '2023-09-20 10:50:55'),
(28, 'Minima enim soluta quo dolorem soluta.', 'Provident illo esse maxime consequuntur deleniti quod. Labore facere ut omnis aut illo sint. Sit et eius sequi voluptatem. Eligendi sapiente sint velit natus laudantium inventore. Ullam est adipisci autem beatae qui molestiae. Maiores dolores perferendis praesentium ut dolore iste cum. Harum assumenda perspiciatis odio. Aspernatur aut quaerat voluptatem ducimus laudantium consequuntur. Aperiam deleniti error commodi cumque nostrum. Sed sed sunt necessitatibus cumque. Enim temporibus praesentium consequuntur deleniti ex expedita magnam. Ut molestiae magni quae excepturi rerum. Error ad corrupti iusto adipisci a delectus. Repudiandae accusamus est officiis unde itaque ut vel. Fuga optio quia labore cupiditate. Quia ab illum minus qui perspiciatis dolor. Culpa illum fugit qui qui rem beatae est. Neque dolor deserunt minima vero doloremque beatae. Distinctio soluta dignissimos maxime quia beatae. Voluptas commodi sunt eligendi error vero. Accusamus sint quos voluptatem et. Consequatur ut deleniti et illo numquam maxime voluptatem. Ipsum architecto aut asperiores modi dolores. Ut eveniet inventore ut animi qui dolor rerum. Sint iure nemo in sit. Ratione neque sapiente perferendis dolores rem cum laboriosam nisi. Magnam atque mollitia earum maiores. Repellat inventore ipsum aut. Temporibus esse omnis animi accusamus ad et accusamus. Aperiam animi corporis dolor et. Molestiae pariatur debitis nobis vero ipsa quo dolores sequi. Nemo enim velit minima ex. Fuga incidunt illo est voluptate. Molestias vel commodi blanditiis ut omnis culpa neque.', 'TsZKYB4QrcfHqdqav3GQaGOPWT1jGURobXHCHJiU.pdf', 2617, '2023-09-20 10:50:55', '2023-09-20 10:50:55'),
(29, 'Et expedita rerum ea.', 'Ducimus ut aut at eos in. Vel non quasi optio qui cumque modi quasi. Dolorem rem quo explicabo harum non omnis ea error. Doloremque et et aut aliquam ullam. Aspernatur id quibusdam velit numquam. Dolorum ex inventore commodi veritatis dolorem quis ut. Nostrum voluptatem quisquam mollitia. Aut quas tempore quis corporis. Reprehenderit vitae neque ipsa dolor et. Nihil rerum voluptas et minus voluptatem impedit et nesciunt. Occaecati dolorem eligendi odio rem et quas iste. Quasi molestias et laborum voluptatem esse voluptatem omnis officiis. Eos vel officia vel cumque est excepturi. Et laudantium incidunt sit fugit tempora error error. Temporibus dolores omnis laboriosam aliquid. Sit sed et qui rerum. Rerum nostrum et iste quam vel quod laborum. Consequatur velit vel fugiat ea deleniti neque. Deleniti deserunt nihil in et. Qui dolore maiores sit. Deserunt excepturi deserunt ipsum est ut. Tempore nesciunt expedita ea aut maiores quisquam eos perspiciatis. Vero eius impedit laudantium dignissimos cupiditate corporis. Rerum omnis sed impedit. Iure ducimus occaecati commodi cupiditate. Vitae veniam a aut qui aut quas totam. Aut eum enim quaerat et consequuntur sed. Sit consequuntur repellendus ea est ratione. Ut dolorem repellat laudantium rerum aut error laborum. Qui ipsa eos et ipsa saepe non est quia. Enim et cumque minima rerum reiciendis. Nihil enim delectus pariatur in qui est quos atque.', 'TsZKYB4QrcfHqdqav3GQaGOPWT1jGURobXHCHJiU.pdf', 3359, '2023-09-20 10:50:55', '2023-09-20 10:50:55');
INSERT INTO `noticias` (`id`, `titulo`, `descripcion`, `archivo`, `likes`, `created_at`, `updated_at`) VALUES
(30, 'Consequatur numquam repudiandae aut blanditiis omnis.', 'Repellat explicabo aliquid asperiores expedita a iusto. Dignissimos porro qui quis nihil. Autem excepturi officiis dignissimos recusandae pariatur est. Maiores qui necessitatibus qui iusto. Itaque placeat qui maiores. Quibusdam perspiciatis qui distinctio repellat optio autem sit quo. Et neque laborum et et tenetur aut. Ullam repudiandae reprehenderit hic qui. Sapiente nulla laudantium corrupti delectus. Quaerat sed saepe rerum nam quia. Hic laudantium non nihil molestias ratione aut neque. Nisi deleniti magni enim vel inventore magni. Omnis harum illo in ut voluptas illum saepe. Neque id velit voluptates quaerat voluptas. Alias ab illo fuga delectus perferendis. Doloremque libero voluptate quia voluptates officiis nemo. Error aut est necessitatibus dolores reprehenderit tempore distinctio. Nobis et voluptatem aut fugit minima natus. Quasi numquam animi placeat. Illo modi est odio labore sunt quae. Sed molestiae quia in et consequuntur adipisci corrupti. Alias esse voluptates exercitationem ullam dolore. Laborum deserunt rerum eos est fugiat. Et illo vel dolor praesentium dolores nihil vero et. Sed minus dolor iusto voluptatem assumenda. Et non fugit ut dignissimos dolore autem. Omnis praesentium in illo praesentium iste quia quo officia. Explicabo voluptatem libero et et ab. Laborum ipsa repellendus et necessitatibus saepe et. Dolorem voluptas ut ex reprehenderit quia sed ab. Vel culpa eos quis quis.', 'TsZKYB4QrcfHqdqav3GQaGOPWT1jGURobXHCHJiU.pdf', 2061, '2023-09-20 10:50:55', '2023-09-20 10:50:55'),
(31, 'Nobis itaque sed rerum et.', 'Sit est delectus dolores tempore omnis ullam non. Ut quibusdam sunt reiciendis qui expedita nobis quia. Inventore explicabo exercitationem alias sunt omnis in. Error et qui itaque hic dolorum. Iste nam ut modi atque itaque. Voluptate omnis repellat id id voluptatum assumenda aliquid. Dolorem odio corporis molestiae sint voluptatem aut nihil. Consequuntur quisquam sit suscipit quia soluta reiciendis et occaecati. Incidunt deserunt voluptatum eligendi explicabo ad. Repellat placeat sint deserunt ipsa. Cupiditate ullam eum est aut. Libero autem eos quia architecto. Earum impedit enim velit voluptas modi neque quo. Quos reprehenderit deserunt fuga eos magni. Dolores architecto hic beatae recusandae velit asperiores voluptates. Perferendis nobis est illum sit. Alias fuga ea enim commodi voluptatem sit officiis. Recusandae possimus in sit aut unde. Dolor velit sapiente quis est sed reprehenderit. Praesentium qui et vel officiis iusto. Ipsum molestias nihil similique facilis quis et voluptas mollitia. Molestiae ut voluptas accusamus sed qui voluptates. Voluptatem sit libero id et quis. Id soluta omnis repellendus necessitatibus. Sunt neque quia atque et. Et tempore dolorem accusantium et magnam. Occaecati vero consequatur et molestias voluptas voluptatum quia voluptatem. Repudiandae corrupti iure occaecati qui quia aut. Provident modi commodi dicta magni. Consectetur et suscipit eum occaecati minima. Qui non autem voluptas ea et. Dolores est earum omnis praesentium. Ratione autem cumque aut qui vel laudantium.', 'TsZKYB4QrcfHqdqav3GQaGOPWT1jGURobXHCHJiU.pdf', 723, '2023-09-20 10:50:55', '2023-09-20 10:50:55'),
(32, 'Tenetur quos deserunt nihil ut.', 'Quia eum aliquid qui facere deleniti recusandae ab rerum. Consequuntur omnis earum qui doloremque cumque tempora. Autem officiis perferendis cum non veritatis autem. Commodi sequi architecto et et sunt tempore et. Non in sequi ullam aliquam ut recusandae eaque. Totam vel ipsa temporibus non deleniti asperiores. Ut ducimus reiciendis itaque aut quibusdam labore autem architecto. Voluptatem impedit et iure cumque quia hic sequi. Non eveniet maiores voluptas aliquid reiciendis voluptatem est. Nihil ipsam asperiores consequatur et quis voluptatem qui. Esse dolorem sunt sit aut vel pariatur cum libero. Aliquid earum ut tenetur aut. Soluta repudiandae repellat temporibus dolores occaecati. Dolore quod dignissimos voluptatem et. Veritatis facilis quo ut aspernatur saepe nemo aut. Id et ipsam laudantium deserunt. Eligendi sint id ipsa. Eum nihil qui fugiat ut possimus iusto aut. Dolorum consectetur ullam ullam quasi ratione enim. Nihil dicta asperiores corporis voluptatum quibusdam. Voluptatibus tempora sequi quidem vitae blanditiis officia. Consequatur aspernatur qui dolore enim. Officia asperiores rem delectus soluta molestias beatae cum harum. Non aut iusto voluptatem dignissimos voluptatem at iusto. Unde qui vero inventore explicabo. Non culpa quasi mollitia perspiciatis natus. Quia inventore tempora vero praesentium et. Temporibus et minima quam. Veniam id distinctio hic delectus tempore. Repellat totam quos ut voluptas eaque aut ut saepe. Expedita aut recusandae et iusto quia aperiam id.', 'TsZKYB4QrcfHqdqav3GQaGOPWT1jGURobXHCHJiU.pdf', 4028, '2023-09-20 10:50:55', '2023-09-20 10:50:55'),
(33, 'Et labore sit laborum ut accusamus reiciendis debitis.', 'Repudiandae dicta repellendus reprehenderit consequatur officia minus vero. Accusamus sit voluptatibus cumque et iste odio. Optio est et minima architecto asperiores excepturi neque ut. Earum dignissimos nostrum accusamus. Eos sapiente doloremque consequatur maxime. Repellat repellendus autem facere quo cumque accusamus est sit. Qui quis nesciunt iure consectetur itaque aliquam ullam. Dolores rerum aspernatur rerum. Deleniti suscipit est ullam et. Ea quae id officiis ut asperiores et fugit laudantium. Facere quae repudiandae laborum qui quaerat consequatur. Rerum temporibus qui quasi inventore. Ut provident autem et. Officiis nostrum placeat illum consequatur minima. Similique nihil non aliquid repudiandae culpa repellendus et. Quidem consequatur animi et eveniet eveniet. Quia fugiat expedita blanditiis ut amet est. Aut dolorum porro sequi itaque et sed reiciendis. Et possimus iure vero quia deserunt nam non. Rerum sit delectus numquam. Quam ut omnis quo voluptate ea maxime. Quia dolor rem dolorem aliquid facilis ut vel. Esse autem suscipit eum alias fugit et eum. Sit fugit ex autem labore. Et quia voluptas quo ex. Veniam molestiae labore aut eos deserunt inventore velit. Culpa et sit est architecto officiis pariatur. Dignissimos sit itaque fugit mollitia culpa voluptas beatae ullam. Molestias libero vero impedit iusto. Velit iure ut omnis sint cumque eos laborum nisi. Cumque ea sed ex nemo voluptatum rerum. Ut voluptatem ex in sint et quisquam nulla. Debitis voluptatum quia eaque dignissimos provident voluptatem. Quidem eum ut aut hic dolores.', 'TsZKYB4QrcfHqdqav3GQaGOPWT1jGURobXHCHJiU.pdf', 603, '2023-09-20 10:50:55', '2023-09-20 10:50:55'),
(34, 'Velit rerum quibusdam aut.', 'Ullam voluptatibus ut aut. Exercitationem debitis beatae in quasi ex qui. Ad perspiciatis eos mollitia sit. Qui ut aut dolorem consequatur voluptatem ducimus et. Aut molestiae facilis dolorum nihil sit quasi natus. Facere non repellat reprehenderit non sit. Sit delectus ipsum iste et fugit sint impedit similique. Nulla et laudantium nisi aperiam. Ab non beatae vel voluptatem. Ut perspiciatis quod in fugit. Quis sed aliquam voluptatem consequatur sit fugit. Natus explicabo alias ut repellendus molestias est. Ex dolore est occaecati alias voluptas reprehenderit. Officia et aut omnis molestiae sit ullam dolorem ut. Sed enim aut maiores quae. Ut itaque explicabo consequatur ipsa. Recusandae tempora suscipit ut odit in perspiciatis impedit. Nesciunt quibusdam deserunt quo ea. Sint alias velit laudantium earum consectetur. Omnis corrupti totam omnis. Id quo fugit amet eos voluptate deserunt animi. Ea occaecati similique qui sunt minus ut. Dolorum nam et reiciendis incidunt quos ipsa quia vitae. Fugiat odit ad repudiandae ut illum deserunt. Aperiam animi labore sed delectus tenetur voluptas. Rerum voluptates iure sit dolorum at sunt. Quod cupiditate velit aut facilis nisi illo adipisci. Qui nostrum deleniti at neque. Aliquid ut rerum incidunt. Doloremque sed numquam dicta. Sunt blanditiis voluptatem aliquid. Animi officia beatae totam quae adipisci et et. Velit et ullam aperiam officiis vitae eos consequatur consequatur. Quis est fuga necessitatibus omnis. Totam quia neque vero enim magni quam.', 'TsZKYB4QrcfHqdqav3GQaGOPWT1jGURobXHCHJiU.pdf', 1575, '2023-09-20 10:50:55', '2023-09-20 10:50:55'),
(35, 'Consequatur aut quia sunt cum ut vel molestiae ipsum.', 'Eum quia minima et adipisci porro aliquid. Est autem alias aut hic. Consectetur ut accusantium consequatur fugiat provident magni. Perspiciatis voluptates animi est saepe. Dignissimos excepturi fugit sed facilis. Officiis aspernatur quae omnis incidunt quis. Et perferendis tempora voluptates ipsam. Molestiae temporibus dolores quae autem dolores et veritatis. Et et nam qui. Fugit iusto ea cumque fugit minima nesciunt reiciendis. Sit modi rem nesciunt ullam modi. Cupiditate est doloribus aut veritatis. Reprehenderit ut quaerat maxime qui labore eligendi est placeat. Aut magnam inventore consequatur quia. Qui suscipit iusto est enim. Occaecati cum molestiae incidunt et impedit et neque. Cupiditate sunt mollitia neque. Ratione harum consequuntur et. Architecto illo repudiandae cumque saepe modi. Ea excepturi nulla at itaque alias a corporis expedita. Placeat qui fugit velit. Velit nisi quaerat debitis voluptas similique dolores quidem. Consectetur aut error aperiam deserunt mollitia quos maxime. Occaecati consequatur nam dolores nemo. Fugit consequuntur animi sit. Distinctio dolor quos aliquid ut ut dolores. Sint dolor quae qui nihil. Temporibus praesentium debitis aut ratione occaecati dolor. Assumenda velit magni voluptatem dolorum est repellat provident repellat. Molestias iure ipsum dolorem ut. Voluptate adipisci debitis quisquam ut. Magni minus et rem dolores magnam velit exercitationem ea. Totam quam ipsum iure hic nisi. Excepturi ullam vitae veritatis amet eaque et iusto nesciunt.', 'TsZKYB4QrcfHqdqav3GQaGOPWT1jGURobXHCHJiU.pdf', 1361, '2023-09-20 10:50:55', '2023-09-20 10:50:55'),
(36, 'Consequuntur laudantium et quia autem ducimus ab.', 'Ex harum ullam dolores ipsum laudantium. Fuga ut eaque est corrupti sapiente velit id atque. Ea possimus nesciunt omnis et repellat reiciendis. Ab voluptatem voluptas aperiam nisi. Quibusdam eos at fugit. Nemo quidem corporis autem. Consequuntur similique nostrum consequuntur occaecati officia est. Adipisci nulla velit aut dolores alias non occaecati. Dolorem qui sapiente molestiae tenetur. Ducimus minus occaecati non perspiciatis consequatur ea. Nulla architecto veritatis porro temporibus hic minima optio. Totam corporis saepe rem veritatis nihil molestiae eaque. Enim molestiae aut doloremque rerum itaque aperiam numquam. Ratione consectetur pariatur optio rem nostrum ut velit. Tenetur iste aut reiciendis quis deleniti qui. Dolore dolorem et voluptas itaque. Voluptatibus corporis qui fugiat odio. Beatae laborum et consequatur quia incidunt fugiat temporibus expedita. Voluptate eius itaque cum qui autem. Similique molestiae vitae occaecati minima sint ut. Molestias quam qui quis excepturi voluptate nisi earum. Necessitatibus et id tempore at similique. Quae numquam deleniti velit. Velit delectus velit doloremque modi neque. Cupiditate consequatur aut alias dolor blanditiis tempora ad. Facere aliquam excepturi blanditiis et alias necessitatibus nihil. Dignissimos qui blanditiis ut fugit est veritatis. Modi sed quam necessitatibus tempore. Officiis repellat ipsa explicabo. Impedit qui tempore omnis. Et aut laboriosam ratione cum quo optio deserunt expedita. Tenetur at qui beatae consequatur tenetur omnis nulla. Nesciunt vitae nobis eaque hic dolores pariatur officiis non.', 'TsZKYB4QrcfHqdqav3GQaGOPWT1jGURobXHCHJiU.pdf', 1388, '2023-09-20 10:50:55', '2023-09-20 10:50:55'),
(37, 'Nisi quis et similique vel eaque.', 'Qui earum non non aut repudiandae mollitia. Fuga corrupti sint non cumque aliquam totam. Fuga odit ipsam doloribus. Minima corrupti natus et ut et eum natus. Sed quia nobis impedit consequatur. Atque ad ea dolor tenetur quia. Laboriosam sapiente ipsum et sunt sunt. Occaecati ut aut voluptatem reprehenderit qui laudantium eius. Alias voluptas non rem nemo omnis. Non ea deserunt iste magnam doloremque numquam quis. Et enim vero veritatis voluptatem. Doloremque iusto magni et animi minima. Est alias omnis aut quasi. Aperiam corrupti tempora eaque id omnis molestiae consequatur. Et dolorem autem eos omnis et. Asperiores nihil eligendi et minima. Temporibus maiores adipisci eius nisi quia fugiat enim. Dolor maxime illum sint sed qui tempore voluptatem consequatur. Cumque totam animi ipsa autem est. Qui deleniti sit illo. Dolores optio sit nam in rerum dolorem dolores qui. Assumenda eos explicabo reiciendis unde est. Ut tenetur officia ab accusamus veniam. Inventore et consequuntur asperiores nulla. Non nesciunt similique ipsa aut enim ratione saepe recusandae. Quo vero iusto voluptatem dolorem officia ut voluptatibus. Laudantium praesentium sed autem quo quaerat. Est doloribus sint officia molestiae optio modi. Velit deleniti explicabo modi facere enim explicabo. Consequuntur quam harum fugit cupiditate corrupti fugit voluptatem. Harum magnam praesentium nam et molestiae fuga. Occaecati vero dolores amet ut odit. Non vel est ut qui. Dolorum autem voluptas nesciunt culpa. Rerum facere dicta sapiente eum dolor quam id.', 'TsZKYB4QrcfHqdqav3GQaGOPWT1jGURobXHCHJiU.pdf', 3961, '2023-09-20 10:50:55', '2023-09-20 10:50:55'),
(38, 'Repudiandae voluptas et distinctio magnam.', 'Libero alias incidunt ipsam. Ut sint dolorem quisquam. Maxime et quae non dolores sed. Incidunt eveniet in ut culpa. Dolores ipsam possimus natus exercitationem quasi. Eum nulla voluptates autem sit ratione sit voluptatem. Maiores accusantium ullam est accusamus qui asperiores aliquam. Exercitationem accusantium amet rerum et nemo. Dolores sunt voluptatem dolores debitis aliquid. Ad doloremque doloribus est adipisci recusandae amet. Debitis velit dolorem molestiae dolores sint eius corporis. Quisquam et consequatur rerum atque quia. Nesciunt delectus rerum et dolores voluptatem quo ad. Officiis quis voluptatem et dignissimos corrupti quam eveniet ut. Ipsum voluptas voluptatem sint delectus ipsa expedita ad. Voluptatum voluptate nobis quo beatae iusto. Ipsam sed voluptas soluta ipsam et sequi. Ducimus rerum qui qui qui et culpa. Et corporis tempore minus voluptatem placeat ad vel. Quo dolorum optio repudiandae corporis ut molestias. Dicta laboriosam tempora dicta enim quos. Aut quidem cupiditate pariatur rerum porro aut. Et culpa dolore sequi iste temporibus perferendis. Minima et reprehenderit dolores sed magni magnam provident tempore. Rerum voluptas consequatur iusto dolores recusandae maiores. Adipisci ipsum tempora tempore nemo dolor nihil quibusdam. Officia vitae necessitatibus qui est aliquid. Maxime dolor omnis dolor aliquam provident. Maiores sunt itaque placeat consequatur dignissimos eos eius. In quasi error non id ratione sequi ut sed.', 'TsZKYB4QrcfHqdqav3GQaGOPWT1jGURobXHCHJiU.pdf', 3846, '2023-09-20 10:50:55', '2023-09-20 10:50:55'),
(39, 'Error ad enim voluptatum nemo ea non.', 'Quasi similique ipsum magnam libero tempora. Similique soluta distinctio et dicta. Reiciendis illo aspernatur eius id occaecati voluptate. Et corrupti dolor laboriosam possimus minima placeat. Consequuntur laboriosam et commodi aut ut. Corrupti at dolor et nihil itaque. Aut facere quisquam qui officiis quis. Temporibus sed repellat aut voluptatum. Consequatur possimus quas voluptate facilis nihil. Sequi inventore recusandae consequatur omnis minus vel quis voluptatibus. Soluta maxime nesciunt et voluptatem omnis nihil architecto rem. Sit voluptas et ad ipsam doloribus magnam distinctio occaecati. Alias ea quas doloribus cum in labore sequi. Dolorum quod explicabo veritatis assumenda delectus quo. Inventore sed dolorum vel nobis eveniet quas voluptatibus dolor. Id quibusdam facilis numquam modi nihil. Consequatur quo in asperiores alias. Quo unde maiores eos. Dolorum numquam optio necessitatibus et sed est. Et quia assumenda eveniet facilis est. Modi sed unde minima id ut. Odit ex repudiandae a ut quas neque aut. Dicta ad rerum cumque quo sunt molestiae impedit. Delectus voluptatem labore eos itaque quo. Et qui nobis non aut. Harum ut necessitatibus voluptates culpa quia. Placeat tempora commodi deserunt harum. Minus et est a quidem. Voluptatem est a minus molestiae deleniti nostrum. Laudantium iusto exercitationem nam itaque ut quod. Consectetur iusto sequi a ut eum iure similique. Molestias enim omnis et. Qui sit dignissimos distinctio in praesentium. Consequuntur aut aut tempora porro corrupti quia corrupti.', 'TsZKYB4QrcfHqdqav3GQaGOPWT1jGURobXHCHJiU.pdf', 2334, '2023-09-20 10:50:55', '2023-09-20 10:50:55'),
(40, 'Architecto tempora et pariatur architecto ratione sint sequi sint.', 'Voluptas nisi dolorum illum libero. Labore cupiditate atque eos soluta aut. Odio excepturi nesciunt et tempora. Suscipit possimus voluptate dolores quaerat iste laborum similique. Quam magnam totam distinctio sequi maxime doloremque perspiciatis magni. Deserunt sed natus facere ut et qui maiores. Corrupti incidunt quis commodi. Deleniti enim facere quaerat. Porro doloremque voluptatum nemo doloribus exercitationem. Ex distinctio ad amet doloribus. Ut perspiciatis rerum commodi voluptatem omnis. Sit aliquid iste repellendus quia et rerum. Ut a explicabo fuga explicabo est in sunt. Aspernatur eius molestiae eaque sint. Cupiditate sed officia fugiat soluta. Maxime pariatur est dolor assumenda. Sint eos harum omnis tenetur. Quo sequi reprehenderit quis nam aut rerum eum. Velit autem voluptates debitis et accusamus eum tempora fugiat. Explicabo et dignissimos et delectus dolor. Totam ea quia adipisci et. Consequatur facilis quod itaque fugiat. Ut et porro cum vitae architecto. Perferendis excepturi rerum enim quas dolorum quibusdam ex. Dolores molestiae mollitia quo fugiat. Quos quo corrupti nulla culpa et. Totam dolore dolore ex eligendi odio est tempore. Tempora architecto architecto culpa voluptates hic quo. At totam sit optio soluta sunt. Quo et dignissimos sit quidem est consequatur aut. Id excepturi fugit consequatur. Provident voluptates laudantium reprehenderit aut velit quasi. Et et dicta iusto ab aperiam possimus. Quibusdam veritatis recusandae ab. Repudiandae facere et qui odit. Deserunt nostrum est porro quaerat minima. Error aperiam nisi natus aut quod culpa quasi.', 'TsZKYB4QrcfHqdqav3GQaGOPWT1jGURobXHCHJiU.pdf', 3640, '2023-09-20 10:50:55', '2023-09-20 10:50:55'),
(41, 'Ut animi id culpa et.', 'Odio iure molestiae saepe deleniti doloremque ducimus. Suscipit ut cumque rem qui. Occaecati accusamus neque fuga culpa sint voluptatem. Excepturi suscipit et consectetur id. Deleniti labore velit inventore architecto excepturi. Ut deleniti quas labore iste. Velit rerum enim voluptatem corrupti. Minus velit aliquid temporibus nobis dolor in. Porro tempore quod error sed at consequatur. Dolores quis fuga quisquam maiores. Iure omnis consectetur ab consequuntur. Vel dolores pariatur natus sed ipsam et. Nobis neque unde et ut ratione fugiat dignissimos. Ipsam ad quod qui provident vel maiores. Eveniet eligendi eius porro cum. Ut eum officia sit vitae enim et. Consequuntur totam consequuntur aliquam officiis officia id. Quod enim optio saepe ut occaecati laborum delectus. Aspernatur saepe ipsam et culpa et tempora eum. Minima molestiae deleniti iusto aut repellendus. Rem omnis et temporibus voluptatem. Corrupti omnis magnam quibusdam voluptas. Optio modi aut ut recusandae itaque et officiis. Molestiae deserunt maiores natus officia consequatur asperiores voluptatibus. Quia quo voluptatem et dolor ab voluptatem et aut. Suscipit et occaecati mollitia voluptatem. Commodi tempora omnis qui expedita voluptatem aut. Animi ipsa quasi possimus iste sit. Accusamus maiores voluptas est qui. Porro at est sunt hic hic. Blanditiis blanditiis et et placeat et minima laboriosam. Ex est voluptatem doloribus. Totam odio voluptatem temporibus minima adipisci est.', 'TsZKYB4QrcfHqdqav3GQaGOPWT1jGURobXHCHJiU.pdf', 4186, '2023-09-20 10:50:55', '2023-09-20 10:50:55'),
(42, 'Itaque vel qui at.', 'Similique facilis excepturi sit consequatur voluptatem rem. Nobis dicta voluptatem voluptas voluptas in quod animi. Dolores assumenda ab velit soluta. Ut reprehenderit repellendus sint atque. Sed quisquam minima odit totam asperiores quam nam. Velit illo ut laboriosam atque tenetur tempora. In sapiente est sequi molestiae. Ea doloribus consequatur omnis. Magni delectus excepturi veniam reprehenderit doloremque. Odio et perspiciatis et omnis neque. Autem quia id est eos. Voluptas nesciunt dolor iure fuga et omnis aliquid. Alias cum laboriosam ad et. Beatae voluptas impedit tempora quibusdam delectus. Repellat reprehenderit ut enim quo et. Magni quidem placeat adipisci tempora. Est est consequatur et ea. Facilis beatae ex commodi ducimus fugiat sunt. Et ut quia sed qui minus veniam perferendis. Ipsa aliquam nihil quisquam ea quod sed. Impedit in quidem sunt voluptatem quia suscipit itaque magnam. Quia et nihil quo nam quos. Perspiciatis at veniam consectetur voluptas. Vero iste provident rerum unde aperiam aspernatur. Saepe error voluptatibus aliquid non et. Necessitatibus reprehenderit velit omnis sapiente aut. Inventore perspiciatis saepe odio velit dolorem voluptas vel. Aut est numquam aspernatur vitae in ut perferendis. Quis quo voluptas natus quia impedit aut. Aut est omnis nemo et ut aut. Est voluptatem quia officia blanditiis omnis dolorum. Incidunt laudantium ut labore fuga quia blanditiis. Facilis porro possimus perspiciatis quam facere suscipit consequuntur. Libero eius error quaerat amet perspiciatis.', 'TsZKYB4QrcfHqdqav3GQaGOPWT1jGURobXHCHJiU.pdf', 3355, '2023-09-20 10:50:55', '2023-09-20 10:50:55'),
(43, 'Delectus itaque perspiciatis et nostrum.', 'Molestiae velit assumenda temporibus accusantium quo non. Reiciendis repudiandae exercitationem ipsam consequuntur. Adipisci voluptatem quod reiciendis qui id blanditiis et. Iure ducimus reprehenderit ea voluptates. Impedit repellendus itaque voluptas et est ea consequatur consectetur. Aspernatur praesentium culpa sunt dolore voluptas nihil. Harum illum perspiciatis voluptatum quos laudantium mollitia odio perferendis. Eos autem reiciendis consequatur nostrum suscipit sint consequatur placeat. Dolorum sed molestias asperiores voluptates. Autem minima velit perspiciatis et optio dolor illo. Quos exercitationem nostrum hic sapiente provident laboriosam debitis. Aut vitae est quos alias rem sequi. Enim voluptas optio dolor quisquam et et. Iusto consequuntur commodi labore corporis sapiente et quis et. Quidem sed tempora pariatur voluptatem. Corrupti quia placeat sit qui. Est dolor necessitatibus et quam dolorem. Doloremque dolor vero iure et doloremque et. Excepturi recusandae omnis sed qui illum ut et molestias. Sunt aliquam aperiam eius dolore nisi. Et velit rerum consectetur quaerat. Et aut consequatur itaque officiis. Aliquid et saepe deleniti nemo est suscipit id. Autem quia id ut aliquam consequatur doloremque voluptas. Modi repellat repellendus rerum optio. Eius earum placeat corrupti velit sequi ex aut. Quia maxime amet amet magnam ipsam dolorum et. Dignissimos dolor velit aliquam natus earum. Nam excepturi assumenda quis voluptate ut. Nihil harum voluptatem dolorum.', 'TsZKYB4QrcfHqdqav3GQaGOPWT1jGURobXHCHJiU.pdf', 4748, '2023-09-20 10:50:55', '2023-09-20 10:50:55'),
(44, 'Sit a et repellat magni.', 'Laudantium nemo excepturi autem quibusdam non aut aut. Dicta qui culpa doloribus. Saepe iusto dolor voluptatem velit ipsam id. Unde at nihil vitae. Qui nihil accusamus labore dicta. Et nesciunt quas earum. Assumenda quasi laborum nulla eaque velit sit animi. Et cumque porro consectetur aperiam distinctio optio optio. Id recusandae ea velit architecto dolor natus qui. Totam exercitationem accusamus cumque fuga. Tempore eligendi nam ab occaecati. Quia tenetur sit voluptatum. Porro minima dicta dolore. Nostrum dolor pariatur suscipit repudiandae voluptatem inventore et. Ut qui aliquam dolorum et commodi numquam ea. Laudantium qui nesciunt aliquam deleniti rerum voluptatibus ipsam et. Dolores harum sit eligendi assumenda quo enim recusandae. Eveniet provident nisi quia dicta incidunt consequatur fugit. Vero eveniet et quisquam ducimus sunt. Quia recusandae quia assumenda sit sunt rerum consectetur. Quidem necessitatibus cum dolor sunt. Ut voluptatem vel qui asperiores nobis dicta similique. Nisi ut et laudantium voluptate deserunt et quia optio. Cumque sit placeat deleniti pariatur ipsam. Magnam mollitia et dolores et autem aspernatur. Adipisci rerum qui sint error consequatur dolorem similique. Quae et ea iste quos. In occaecati sed magni nihil. Eos sit voluptatum qui. Repellat aliquid ad repellendus. Ullam pariatur enim nihil nobis cumque. Omnis sit laborum laboriosam suscipit aspernatur in nam eaque. Aspernatur voluptatibus sint recusandae dolorem.', 'TsZKYB4QrcfHqdqav3GQaGOPWT1jGURobXHCHJiU.pdf', 2615, '2023-09-20 10:50:55', '2023-09-20 10:50:55'),
(45, 'Maiores totam natus odio explicabo nisi eaque.', 'Aut maiores assumenda autem quos. Accusantium repudiandae quibusdam enim nihil. Vel pariatur occaecati dolorum qui alias neque. Explicabo et cupiditate deleniti sunt et reprehenderit. Assumenda cum aspernatur laboriosam et aut molestias debitis. Illo ad voluptatem qui aut illo distinctio ut. Debitis ut eum distinctio quidem incidunt explicabo pariatur. Eos voluptatem aut blanditiis earum reiciendis est. Ipsa eos eveniet quaerat omnis tenetur vitae iste. Omnis et et ut ex voluptatum. Dolorum nam voluptate qui minus. Dolore quaerat quis qui rerum inventore. Ut aut nemo sunt optio quia quidem voluptates. Est odit aut maiores autem asperiores quaerat impedit. Dolores qui perspiciatis inventore sapiente. Non totam temporibus unde aspernatur pariatur ullam accusantium. Impedit et ut enim in eligendi. Eaque omnis nemo ut velit. Dolorem sed architecto quis cupiditate temporibus. Nesciunt eligendi minus et nisi. Sit minima quia sed perspiciatis nisi corrupti. Et est amet magni similique qui voluptatem. Perspiciatis commodi asperiores accusantium repellendus ut ut accusantium. Aliquam iste voluptate modi consequatur distinctio et eum eius. Quod mollitia voluptatibus repellendus quasi. Earum excepturi dolorum adipisci blanditiis aut porro molestias. Repellat est aut eius recusandae odit in enim. Quasi officiis quia blanditiis aliquam magni sit exercitationem. Ut voluptas nostrum ut unde vitae sint sequi quam. Cupiditate occaecati soluta beatae vel provident aut aut.', 'TsZKYB4QrcfHqdqav3GQaGOPWT1jGURobXHCHJiU.pdf', 2446, '2023-09-20 10:50:55', '2023-09-20 10:50:55'),
(46, 'Hic autem provident aut omnis aut.', 'Atque labore in sed voluptatem repellat enim sed. Ea aut pariatur rerum. Recusandae fugit eum nesciunt deserunt ut. Et dolor velit aut sit repudiandae odio nemo. Odio quasi doloribus velit repudiandae. Consequatur rerum nesciunt labore necessitatibus non. Necessitatibus neque vitae fugiat excepturi ut. Nihil qui dolorem sed omnis asperiores rerum error. Consequatur ea ut nemo et ullam. Quae quod ut recusandae. Porro quis temporibus est consequatur maxime earum et quia. Nisi illum facere nesciunt veniam rerum voluptatem nisi. Occaecati veritatis enim ut. Deleniti numquam id accusamus consequatur officia voluptates in omnis. Nemo maiores voluptas voluptatem ducimus. Occaecati doloremque ut dolorem exercitationem et. Soluta quasi dicta earum accusamus debitis. In nemo alias veniam molestias explicabo. Et soluta atque aliquid molestiae dicta. Rerum architecto voluptates voluptatum et. Harum et voluptate aliquam saepe. Officiis eaque quia est est et magnam. Ullam quasi odit distinctio ad. Similique autem dolor ipsam sit iure. Praesentium sit nemo est modi veniam necessitatibus omnis. Dolore doloribus nulla nihil eos. Dolorem asperiores quae magni est quidem aut unde. Magni quidem quia neque itaque molestiae iure. Impedit iusto temporibus ipsa odit sunt. Et voluptatum delectus aspernatur autem. Aliquam nisi iusto iusto quia eius sed. Voluptas enim quia soluta ut. Ipsa ipsam earum repudiandae eaque porro consequatur nostrum. Ut vitae ab et blanditiis aliquam. Non ut nobis voluptas minus. Et eum sequi animi totam.', 'TsZKYB4QrcfHqdqav3GQaGOPWT1jGURobXHCHJiU.pdf', 294, '2023-09-20 10:50:55', '2023-09-20 10:50:55'),
(47, 'Quaerat dolorem in consequatur iste aliquam fuga.', 'Eum adipisci ipsum itaque et ratione commodi culpa. Veritatis et repudiandae eum voluptas praesentium. Eius ut voluptas illum voluptate. Unde est at ut porro esse inventore esse. Optio iste minus repellendus beatae minus alias consequatur. Consectetur blanditiis odit asperiores deserunt qui voluptates. Laborum in quidem et tenetur quae. Sit rerum possimus dolorem consequatur. Tempore minus est aut eligendi. Molestiae est est dignissimos quisquam totam. Id veniam deserunt eius architecto quod est fugit voluptatibus. Sint occaecati qui ea consequatur et beatae in. Et eum accusamus ea harum. Officiis repudiandae sint voluptates architecto vel ab eum. Inventore ea eaque quisquam impedit non aliquam incidunt quibusdam. Dolores quisquam qui enim molestiae officia. Consequatur officiis magnam quidem qui est enim modi. Odit nihil laboriosam consequuntur ea totam amet et. Voluptatum quis soluta minus. Facilis mollitia voluptas aliquid laudantium minima. Velit optio similique vero iusto. Dolorem mollitia dolore iste expedita iste. Voluptatum consectetur ad voluptatem in voluptate. Ex quidem ut placeat qui officia velit. Ut aut maxime quod nesciunt. Ipsa quis rem quod atque esse laborum sed. Sit tenetur excepturi quo corrupti vel aut error. Illo debitis consequatur natus. Debitis tenetur iste consequuntur culpa odit sint. Inventore minima dignissimos eos aut ut blanditiis rerum. Incidunt perferendis deserunt et ducimus aut et. Ut ex repudiandae sit maiores voluptatem rerum. Quod sequi tempora recusandae est vel ut esse officia. Voluptas excepturi autem et ut. Dolor odio eligendi nam.', 'TsZKYB4QrcfHqdqav3GQaGOPWT1jGURobXHCHJiU.pdf', 1365, '2023-09-20 10:50:55', '2023-09-20 10:50:55'),
(48, 'Laboriosam occaecati repudiandae nihil modi.', 'Ut nulla voluptatem ut et voluptatem. Saepe rerum consectetur molestiae sit dolore. Labore sit sapiente qui labore soluta quidem. Aut totam eos beatae voluptatem est voluptatem et. Distinctio et dolores ut hic. Nihil accusamus consequatur officiis corrupti non. Optio voluptatem architecto atque eius minima. Voluptas voluptate eligendi consequatur dolorem. Et dolor dignissimos magnam aperiam aut ea ut. Non consectetur error expedita eius voluptatibus libero. Quidem corrupti ut sint unde id beatae dolor. Cum vitae qui aliquid voluptas voluptatem qui dolores. Optio fuga itaque ullam non assumenda et. Perferendis facilis odio debitis repudiandae atque. In iusto est dolor maxime. Nihil provident dolore dicta perferendis. Ut repudiandae ut praesentium et. Omnis est fugiat id tempora id voluptas. Et voluptatem reprehenderit iure perferendis. Itaque perferendis aut ad deserunt voluptatem. Assumenda ea sit temporibus non rerum. Iste laboriosam occaecati officia reprehenderit tenetur sequi ex. Ut eligendi qui non. Consequatur quis vel voluptate eveniet dolores minima. Amet deleniti ut quis consequatur consequatur inventore. Cum voluptatem quia fugit quis accusamus autem deleniti. Sunt laboriosam enim exercitationem consequuntur quia. Necessitatibus consectetur iure enim quos totam veniam officia. Magnam nihil deleniti assumenda enim repellat rerum. Eos sunt expedita odio. Quia quisquam qui architecto adipisci.', 'TsZKYB4QrcfHqdqav3GQaGOPWT1jGURobXHCHJiU.pdf', 238, '2023-09-20 10:50:55', '2023-09-20 10:50:55'),
(49, 'Mollitia quibusdam ducimus quis nisi.', 'Dolores consequatur saepe aut amet. Et harum est et tempora maiores voluptates quaerat. Cumque distinctio adipisci enim. Ut eos quae consequuntur fugit eos est totam eum. Atque aliquam impedit velit aut. Facilis deleniti dolorum ea quos aliquam delectus quia. Nobis fugit id et eligendi dolorem id. Et voluptatem aspernatur occaecati excepturi qui ut corporis. Voluptatem deleniti deleniti dolor omnis consequuntur praesentium sed. Amet et voluptatem aut maiores non. Reprehenderit et est veniam aut. Qui officia nulla excepturi numquam voluptatem quia nihil. Laboriosam harum perferendis nihil consequatur sunt autem. Non nemo reiciendis incidunt quasi non numquam. Sapiente labore maxime expedita natus in quo natus. Impedit qui qui recusandae nulla quaerat. Animi enim ipsam minima molestiae et. Dicta illum id similique omnis. Harum officiis error sunt in voluptas non nemo voluptate. Fuga rerum animi nisi nobis eos est. Natus exercitationem est vel laudantium. Officia ullam quisquam ut non. Rerum corporis veritatis doloribus nostrum. Optio tempore perferendis fugiat dolore suscipit. Qui minus excepturi voluptate maiores asperiores repudiandae voluptatem. Exercitationem ut rerum et unde. Ut non fugit perspiciatis. Id distinctio illum expedita ipsam sint quia alias. Aut et ad temporibus alias est. Architecto recusandae assumenda sapiente optio eos quae voluptatem. Consectetur soluta facere reiciendis rem beatae quasi. Veniam voluptatem ullam blanditiis quis. Et sit placeat fugit similique et quo est. Quo quia ipsa ex reprehenderit.', 'TsZKYB4QrcfHqdqav3GQaGOPWT1jGURobXHCHJiU.pdf', 4038, '2023-09-20 10:50:55', '2023-09-20 10:50:55'),
(50, 'Consequatur aliquid modi ullam quo sint et ut.', 'In aut unde beatae illum occaecati et qui. Repudiandae sed rerum possimus cum est est. Necessitatibus veniam illo repellat soluta incidunt doloribus qui fuga. Ea eligendi consequatur sunt. Molestiae eos distinctio iusto. Et beatae sequi laboriosam ut. Molestiae minus vitae et eum. Amet nobis architecto ratione est eos eligendi. Eum et quibusdam et maxime excepturi aut. Consequatur dolor ut accusamus ullam. Doloribus inventore cum qui nisi illo quo quo. Qui sed consectetur assumenda animi sed. Et eius est debitis aut quo. Qui voluptas deserunt eum consequatur voluptatem. Reiciendis maxime enim blanditiis aliquam. Beatae sunt saepe hic asperiores distinctio dolores repellat distinctio. Maxime maiores quo reiciendis. Minima odio ut officiis et a ut. Velit aut est iure quibusdam nihil eligendi alias. Saepe voluptatem ipsa quidem non fugiat. Magnam occaecati aperiam a eos velit et omnis. Totam saepe velit eaque quam dicta cum quam esse. Ut accusantium saepe labore architecto ipsum similique. Aut voluptates quibusdam facilis asperiores voluptatem et. Sed laborum porro tempore vel voluptatibus voluptatem dolores harum. Hic nam consequatur porro quia consectetur. Cum ullam optio quam autem velit ea. Culpa rerum incidunt commodi. Quas aut est ut maxime tempora reprehenderit. Ab sunt accusamus debitis tenetur sed reiciendis. Nam cumque a est asperiores aut voluptatem quibusdam. Voluptas hic sit incidunt et. Vero et est animi qui rerum.', 'TsZKYB4QrcfHqdqav3GQaGOPWT1jGURobXHCHJiU.pdf', 3373, '2023-09-20 10:50:55', '2023-09-20 10:50:55'),
(51, 'Autem sequi deleniti dolores id alias ea at.', 'Et qui consequuntur delectus. Rerum itaque animi qui ut eum et fugiat error. Voluptatum neque qui assumenda animi atque laboriosam. Ratione aperiam cumque eius necessitatibus. Quidem alias neque dolorem porro dolores alias. Rerum dignissimos iure quos sequi esse est rerum. Nulla soluta odit perferendis vitae incidunt doloremque. Beatae qui quasi ipsa deserunt vitae fugit similique. Labore iste maxime et dolorem numquam. Est quae id laudantium. Distinctio sed nobis eveniet. Adipisci voluptatem maiores ipsam. Dolorum quas ut asperiores iusto dolor dolor. Doloremque possimus sit autem animi hic sed. Hic ducimus aspernatur neque incidunt inventore dolores ipsam. Facilis molestias error enim. Dolores excepturi porro sit voluptates ut officiis autem nulla. Fugiat quae quia odit voluptas ut est ut odio. Expedita qui corporis numquam hic ea minima ex. Architecto nihil quia est voluptatum aspernatur rem eveniet qui. Quia qui id aut amet. Aspernatur illo porro est qui. Ex iure fugiat et sed rerum necessitatibus recusandae. Ipsam rerum perspiciatis maiores dolorem corrupti. Est sed eaque assumenda voluptas architecto molestiae. Quia dolor repudiandae aliquam numquam. Et ut atque dolorum. Alias eos eaque ea et reprehenderit cum asperiores dolore. Ut iusto non voluptatum quidem aliquid deserunt. Numquam omnis et quo dolorum dignissimos. Maxime fugit omnis fugiat. Voluptatem repellendus aliquid molestias sed earum fugit quos deserunt. Provident ducimus et molestiae nisi ipsa quia quia. Quod est cum consequatur dolor natus alias aperiam repudiandae.', 'TsZKYB4QrcfHqdqav3GQaGOPWT1jGURobXHCHJiU.pdf', 1554, '2023-09-20 10:50:55', '2023-09-20 10:50:55'),
(52, 'Eum iste nam non expedita aut.', 'Quod id earum rerum sit non iure cumque. Tenetur beatae ut velit consequatur numquam voluptatem. Incidunt officiis incidunt expedita sunt quia odio. Iure incidunt molestiae officiis explicabo possimus illum possimus. Fugit nisi aut doloribus necessitatibus. Dolorem culpa ut optio voluptatem repellendus eum voluptatum rerum. Est consequuntur eius a rem itaque animi. Similique quo incidunt quibusdam eum dolore quis. Illo deleniti unde officiis impedit ad pariatur velit dolorem. Est quae quasi quia similique odio mollitia. Quo quisquam quis dolor autem placeat et ut. Qui libero repellendus ipsa voluptas aut harum fugit. Fuga sint molestiae temporibus ut dolor. Nam distinctio commodi sit ipsum qui. Ipsa numquam nihil nihil et ad. Incidunt voluptatum dolor eligendi ea qui distinctio saepe. Eaque qui dolorem sunt dolore dolor. Sit sed porro tenetur sed voluptas consequuntur atque neque. Quos perferendis nobis quo dolores. Culpa odio est architecto aut eum est. Molestiae mollitia veritatis quis est distinctio placeat ut. Et aut consequuntur dolorum recusandae doloremque quod. In alias autem pariatur sapiente corrupti nemo. Quo aut architecto iusto eligendi. Quibusdam mollitia quo et veritatis soluta eos molestiae architecto. Consequuntur doloribus quidem magni quis molestiae praesentium quia. Distinctio voluptatibus ducimus accusantium quas. Maxime non aut aut dolores. Perferendis asperiores laborum ea ut magni molestias. Laborum cum quis illo perferendis dolorem repudiandae dolorum. Modi ipsam facilis quidem consequuntur cupiditate vitae. Et placeat pariatur omnis.', 'TsZKYB4QrcfHqdqav3GQaGOPWT1jGURobXHCHJiU.pdf', 1906, '2023-09-20 10:50:55', '2023-09-20 10:50:55'),
(53, 'Magnam ad temporibus omnis et.', 'Reiciendis vitae non eos rerum ut. Inventore delectus sint libero atque tempore voluptatem quasi officia. In laborum rerum ut quia delectus eos. Ex aut sunt id sunt repudiandae ad dolor. Iure non id in. Dolore quo quas nulla eum nobis. Accusamus laudantium quis ut dolores tempora consequatur. Nam molestias libero sunt eveniet in. Voluptatem veniam deserunt doloremque rem ut. Provident error sunt iure consequatur placeat et enim reprehenderit. Optio magnam dolor rem ea esse. Omnis reprehenderit non a omnis repudiandae neque id. Sit eum maiores quis ut voluptates voluptate rerum. Aut odit doloremque ut non ut voluptatem. Nulla iusto voluptas nostrum necessitatibus iste. Aut nesciunt iste aut qui quae et. Doloremque quo odit ut delectus quae officiis dolorem. Maiores autem impedit dolores aut odit et odio. Architecto nobis excepturi impedit voluptates veniam. Porro assumenda quis amet blanditiis veniam esse qui. Repudiandae alias ratione magni possimus. Quidem amet quia est ut. Sunt deserunt voluptates deserunt deserunt ex quaerat. Ullam animi ratione quos soluta cumque ut consectetur. Veritatis officia omnis aspernatur dolorem quaerat vel. Non sunt eius rerum ipsam veritatis odio exercitationem odit. Minima rerum neque repellat impedit. Eos voluptatem corrupti non veritatis et qui tempora. Aut unde porro reiciendis fugit dolore qui at dolorem. Exercitationem itaque voluptatem ea nulla est exercitationem consequatur veniam.', 'TsZKYB4QrcfHqdqav3GQaGOPWT1jGURobXHCHJiU.pdf', 1395, '2023-09-20 10:50:55', '2023-09-20 10:50:55'),
(54, 'Et qui dolorem fugit id.', 'Nisi deleniti similique facilis libero temporibus nulla. Neque cum et eligendi ab sit voluptatem. Sunt non sit non similique officiis deleniti. Velit et enim molestiae maiores ut. Libero neque non quia voluptatum. Qui quam maxime ab recusandae. Et voluptas autem rerum corporis voluptas et sapiente magni. Sapiente aspernatur eos architecto est illum et eos. Itaque eaque voluptas dolore commodi exercitationem. Suscipit excepturi et in omnis nisi. Eaque debitis nostrum est dignissimos omnis quod illum. Quis ea et et. Veritatis sit qui totam voluptatem quaerat dolorem. Voluptatem iusto tempore eos sint quidem. Ut quasi id culpa eligendi. Officiis cumque sed expedita aut qui tempore molestiae ducimus. Accusamus non nihil ipsum corrupti. Sunt non accusamus repellat. Ab et qui consequatur mollitia totam. Magni cumque expedita deserunt sed ipsum ut. Velit fugit placeat voluptatibus tenetur. Est accusantium eum fugit culpa totam amet. Consectetur nemo qui error quia. Tenetur accusamus officia excepturi et et placeat. Consequatur occaecati accusamus velit est delectus. Libero odio ut alias. Fugit debitis expedita vitae. Corrupti omnis ut eius quae. Temporibus accusamus eligendi expedita in voluptatem eum. Qui incidunt ab veritatis. Dolorum similique quisquam in eligendi ut deleniti dolorem. Aliquam esse ullam temporibus. Nostrum expedita cumque quae quisquam iste quo. Dolorem quia accusamus et natus voluptas exercitationem qui. Quo expedita qui totam voluptatum tempora et quam. Ut et neque provident non eius. Tenetur aperiam veritatis maxime beatae non debitis reprehenderit.', 'TsZKYB4QrcfHqdqav3GQaGOPWT1jGURobXHCHJiU.pdf', 3545, '2023-09-20 10:50:55', '2023-09-20 10:50:55'),
(55, 'Et eveniet eius maiores voluptatibus molestiae facilis.', 'Quas quas ea omnis consequatur error enim dolore. Enim modi magnam quas iste iste porro omnis. Error eligendi aut id temporibus nisi assumenda quia. Facilis voluptatem et excepturi vel unde deserunt iusto ipsam. Cumque expedita adipisci cumque sed magni. Quis eos suscipit hic ullam officia voluptate. Laudantium amet atque voluptatum corrupti voluptatibus explicabo. Reiciendis earum necessitatibus iste saepe. Velit iusto quis dolorem ut. Quas molestias accusantium eos veritatis asperiores aut. Esse fuga distinctio voluptatem fugiat inventore. Perferendis sint mollitia aut esse ea cum. Quaerat qui aspernatur voluptas cupiditate. Natus suscipit commodi ipsum qui praesentium. Beatae iste deserunt explicabo magnam neque excepturi veniam ut. Recusandae voluptas voluptatibus non totam. Ea ipsum et vero et praesentium. Illo corporis optio aut nihil debitis. Rerum dolor molestiae voluptatem omnis consequatur mollitia quia. Incidunt deleniti nobis animi consequuntur. Odit autem vitae laborum autem consequuntur perferendis. Ipsa fugiat odio quod sit velit sunt ut. Libero dicta et laborum. Delectus et sed at ab beatae vitae odit. Sit quos cumque in ipsa quaerat alias sint laborum. Sunt nihil quis et quia nisi. Corrupti itaque et non et nesciunt ut tenetur. Ex ratione aut et. Modi qui odit repellat minus sequi dolorem laboriosam. Cum enim sunt non aut dolorum ea explicabo. Aperiam enim debitis aut quam tenetur. Quas vel amet molestias qui. Porro quia aut ut voluptates sed eum sit. Ut est pariatur ab. Qui deserunt ut delectus dolor ut animi. Totam nobis omnis libero quaerat et neque.', 'TsZKYB4QrcfHqdqav3GQaGOPWT1jGURobXHCHJiU.pdf', 291, '2023-09-20 10:50:55', '2023-09-20 10:50:55'),
(56, 'In et tempore et quo.', 'Et sunt velit non error vel in voluptatem. Accusamus commodi maiores veniam veritatis. Dolorem aliquam est est officia cumque velit explicabo. Pariatur est minima laudantium rerum asperiores sunt. Eius nisi vero adipisci id. Ad possimus quae eius quo voluptatibus ut optio. Omnis molestiae voluptas cumque esse sapiente eligendi ea. Et quidem ducimus a quia eos illo blanditiis. Iste molestias provident ratione doloremque tempora nesciunt laudantium sed. Ducimus ut rem voluptates tempore. Dolor dolor repellendus mollitia labore accusamus doloremque eius. Voluptas amet quibusdam suscipit non praesentium illo ab. Voluptatem dolores soluta odio molestiae hic in. Sint quia qui quaerat repellat optio ab aliquid laudantium. Tempore sint deserunt ullam iure vero corporis est. Omnis quod adipisci eos fugit reprehenderit. Non et praesentium in ad. Consequatur delectus pariatur sed eveniet sunt cumque omnis. Non expedita sed earum voluptatem. Numquam mollitia rem sint voluptatem. Iusto impedit et cum. Nostrum quia hic sed beatae non voluptates. Recusandae nihil molestiae deleniti voluptate voluptas. Cumque rerum omnis et fugiat eos dolor illum. Esse itaque sequi ut enim et quia inventore. Nesciunt distinctio officia similique hic et. Deleniti iure et dignissimos consectetur consequatur incidunt autem. Quis deleniti similique amet modi. Ratione pariatur tenetur aut totam. Possimus esse quam dolor id illo. Quos aliquam exercitationem omnis vero nihil omnis voluptatibus. Odit voluptatem dicta nulla consequatur doloribus quo voluptas maiores.', 'TsZKYB4QrcfHqdqav3GQaGOPWT1jGURobXHCHJiU.pdf', 3022, '2023-09-20 10:50:55', '2023-09-20 10:50:55'),
(57, 'Dolor optio doloribus voluptas et tempora fugiat voluptatem.', 'Autem consequatur exercitationem suscipit velit. Dolores laudantium non magnam itaque ipsa possimus. Mollitia quis corporis veritatis. Unde sed in blanditiis quibusdam. Dolor eligendi ut amet ut magnam quo. Itaque nihil aut quae nihil sint alias molestiae. Est facilis vel aliquam autem. Repellendus consectetur aliquid iure eum. Eius recusandae delectus numquam ullam fugiat consequatur incidunt est. Qui et autem et sit qui deleniti sunt. Nesciunt placeat ipsam cum ut. Veritatis et dolorem quia ullam ut cumque. Dolores blanditiis omnis vel. Aliquid aliquam pariatur et rerum officiis est dolor. Ipsum aut ratione esse repellat quo qui ad. Nesciunt totam et maiores consequuntur. Eaque et at eum rem. Nam eligendi est laborum eligendi eius pariatur. Eius omnis itaque deserunt officiis reiciendis. Eos sequi totam minima voluptatibus. Voluptas ex possimus libero est. Earum voluptatem exercitationem consequuntur velit. Dolor inventore id eveniet hic. Iste consectetur laborum aspernatur molestiae. Eum quia delectus qui impedit impedit. Quaerat dolores necessitatibus repellat. Delectus sequi fugiat debitis a ex nostrum sunt facilis. Tempora suscipit explicabo odio maiores odio dolorem sint. Debitis odio magni in eaque et cumque. Voluptas consequatur assumenda consequatur dolorem illum quos. Omnis ipsa facere amet aut repellat ut officia. Ipsam dolorum assumenda in delectus. Consequatur atque quo voluptas sit commodi sit. Voluptatem quis omnis molestias tenetur sunt sunt qui adipisci. Id sed quo quia ducimus amet. Repellendus suscipit consequuntur et.', 'TsZKYB4QrcfHqdqav3GQaGOPWT1jGURobXHCHJiU.pdf', 693, '2023-09-20 10:50:55', '2023-09-20 10:50:55'),
(58, 'Temporibus ratione quasi possimus ea modi recusandae fugiat ut.', 'Aut ea enim ut. Qui voluptas saepe qui magni qui magnam dignissimos sit. Maxime hic animi rem id. Unde sequi voluptatem eaque aliquam. Est odio iste et et. Consequatur dolorem vitae quibusdam ad asperiores id mollitia. Iure ea explicabo saepe temporibus. Sed animi eligendi recusandae voluptatem autem possimus amet. Facere vel ab sed omnis neque laboriosam. Sit modi quos minus officia iure. Eum laboriosam nihil accusamus laudantium distinctio ad porro ullam. Incidunt aperiam at accusantium dolores. Deleniti doloremque veritatis velit voluptatem necessitatibus fuga occaecati. Ut corrupti soluta nihil enim praesentium porro hic. Rerum necessitatibus aliquid eaque iste tenetur veritatis et. Accusamus aspernatur ea illo molestiae iure. Dolorum rerum ipsa qui voluptatem et ipsam quia et. Odit neque aut reiciendis quasi. Consequatur magnam perspiciatis delectus qui illo neque eveniet. Doloremque inventore enim minima eaque temporibus excepturi maiores. Molestias maiores quidem ipsum voluptatem. Et consequatur sit molestias vel. Accusantium tenetur facilis vero et. Sed ea et asperiores facere ut explicabo ut. Eligendi veniam incidunt provident. Facere voluptas tempora in. Quos molestiae et qui rerum. Eligendi quo assumenda sit vel consequatur repudiandae. Eveniet doloribus velit repudiandae non ut aut. Eaque accusantium similique corrupti est. Ut saepe qui quia non sapiente. Occaecati consectetur aut harum est. Et perferendis enim sed fuga quaerat doloremque ipsam quaerat. Sapiente sunt praesentium eius et.', 'TsZKYB4QrcfHqdqav3GQaGOPWT1jGURobXHCHJiU.pdf', 289, '2023-09-20 10:50:55', '2023-09-20 10:50:55');
INSERT INTO `noticias` (`id`, `titulo`, `descripcion`, `archivo`, `likes`, `created_at`, `updated_at`) VALUES
(59, 'In ullam animi et nesciunt ut.', 'A quis soluta eos repellendus maiores mollitia. Harum quo et sed blanditiis ut nulla nam. Recusandae quis minus explicabo qui. Suscipit rerum qui voluptas. Aut vel dolorum veritatis minus dolores velit porro hic. Quibusdam aliquid nulla eos. Nemo libero cumque illo rem consequuntur et distinctio. Ea fuga iusto sed eligendi vel. Et et aliquid voluptatem laborum. Iusto molestiae sint exercitationem. Neque vel temporibus aperiam quia. Perferendis voluptate et nulla velit et fugiat eaque. Labore consequatur debitis officiis numquam occaecati voluptates. Et tenetur voluptatem voluptas deserunt blanditiis minima. Autem quis temporibus qui quia quas in sint illum. Eaque sunt vel quos quaerat. Corrupti praesentium et perferendis qui amet quas. Veritatis aut voluptas aut non et illo. Non explicabo aspernatur quisquam natus nobis. Est aperiam vel facere vero eveniet repellendus modi deserunt. Deserunt dolores quia natus non incidunt voluptatem voluptas. Atque voluptates fugiat est ut autem in sed. Et quaerat voluptas voluptas. Eveniet earum aliquid rerum aliquam recusandae. Et quas eum eum atque soluta. Ipsam dolor ut et molestias. Praesentium dolorem illum eum. Dolorem molestiae consequatur et et corrupti ratione corporis. Quas recusandae animi consequatur sed. Voluptatem qui omnis qui voluptates qui. Magnam debitis sed velit voluptatem nam iure. Possimus et in quo nihil sit libero. Dolorem aspernatur velit animi vel aliquam ipsum. Cumque fugiat est ut corrupti. Aut sit soluta sunt libero. Autem iste omnis beatae rem esse quisquam porro ea. Id quidem atque minus praesentium culpa.', 'TsZKYB4QrcfHqdqav3GQaGOPWT1jGURobXHCHJiU.pdf', 234, '2023-09-20 10:50:55', '2023-09-20 10:50:55'),
(60, 'Omnis possimus voluptas magnam quia modi velit.', 'Enim similique dolorem officiis ut. Dolores quibusdam rerum neque magni quaerat dolor voluptate impedit. Consequatur voluptas velit alias ut deleniti voluptas. Magnam error ut sint nisi at id in deleniti. Et et in maiores aut laudantium enim eum. In facere dolorem quibusdam sint rerum. Reprehenderit sequi dolorem ipsum at. Quos cum omnis quo. Voluptatem aspernatur distinctio delectus et dolore quia quisquam. Tenetur officia adipisci hic. Eius qui distinctio qui et. Praesentium exercitationem consequatur pariatur aut. Sequi ducimus eos et veritatis recusandae. Maxime velit soluta necessitatibus adipisci facere non sed fuga. Autem voluptatem beatae hic. Inventore illo nesciunt non enim cupiditate quaerat dicta. Labore est quo sed facere et. Hic est corporis temporibus autem et labore cumque ut. Id quibusdam ut alias rerum voluptatem dolorem quas ex. Quo tempore nobis sapiente voluptatem vitae ratione ullam. Quis beatae autem similique modi soluta consequatur. Doloribus odio adipisci asperiores tempore. Excepturi ipsam consequatur eum minus temporibus. Aut sed non voluptas veritatis quia. Quos dolor necessitatibus id iste. Eaque vitae aperiam perspiciatis libero. Qui repellendus voluptas et beatae itaque alias aut. Et quia ut nam est omnis quae temporibus. Odio natus voluptas molestiae exercitationem. Porro mollitia veniam quod. Odio similique corrupti illo officia culpa.', 'TsZKYB4QrcfHqdqav3GQaGOPWT1jGURobXHCHJiU.pdf', 2460, '2023-09-20 10:50:55', '2023-09-20 10:50:55'),
(61, 'Et iusto deleniti tempora et qui alias hic et.', 'Nihil inventore officiis debitis aliquid. Eos voluptatem id eos omnis sint. Facilis est aut neque earum. Cumque a illum in rerum placeat vitae tempora. Doloremque qui doloribus autem id. Tenetur itaque fugit quia aut est. Sit atque incidunt ut libero. Animi esse iusto quis rerum unde. Dolore voluptatibus vel eligendi. Harum qui reprehenderit quis adipisci corrupti quae corporis et. Voluptates qui est libero voluptas fugit quo. Aliquid placeat omnis aut et fugiat aut explicabo. Quos omnis expedita dolor in eveniet est ut molestiae. Iste enim ut soluta. Culpa eaque corporis aut aliquid voluptates mollitia. Ipsum explicabo quia corporis non. Dolores molestiae sequi soluta aut. Quis et necessitatibus explicabo delectus rerum blanditiis. Dolor quia rem ut ut quo non. In et quia consectetur eveniet et sapiente accusamus. Impedit error eos et eum. Omnis libero magni nemo aliquam amet sit accusamus eos. Expedita dolores consequuntur debitis aut quidem quo minus. Qui et nihil consequatur ea a. Iusto ut et voluptates eligendi molestias ea voluptatem. Nihil ut velit odit reprehenderit dolores fugiat qui. Iure eius ut consequatur autem voluptatem. Magnam repellat quibusdam veritatis est dolores. Repellendus architecto aperiam ipsum dignissimos ullam magni non. Possimus at et repudiandae deleniti ipsum. Tempore voluptates voluptas rerum quasi animi enim. Et corporis explicabo qui ut ad in. Voluptas reprehenderit porro vel dolor. Ad sit sed sint. At sit et explicabo aut molestias iste.', 'TsZKYB4QrcfHqdqav3GQaGOPWT1jGURobXHCHJiU.pdf', 1900, '2023-09-20 10:50:55', '2023-09-20 10:50:55'),
(62, 'Odit enim pariatur hic et iure distinctio ipsa illum.', 'Culpa molestias accusantium saepe expedita. Voluptatibus distinctio rem velit aut debitis temporibus voluptates. Ut et eius distinctio fuga nobis recusandae sed. Neque odio facilis sit in minima. Eius amet quia sit voluptate voluptatem aliquid. Ut assumenda quo sit ut et provident qui. Praesentium quod officia et aut cumque qui sint est. Perferendis voluptate ut quo et sit. Quis veritatis sit repudiandae nihil. Sunt molestias est et doloribus optio asperiores eum. Ducimus saepe ut ea quam incidunt quo natus voluptas. Eveniet qui eaque ea qui. Nostrum adipisci rerum laudantium deleniti officiis. Consequatur mollitia laudantium id. Non nemo aperiam animi quia. Ut qui unde itaque maiores necessitatibus error ullam blanditiis. Ratione reprehenderit esse quia ad. Adipisci quaerat corrupti sunt ratione. Commodi tenetur reiciendis illo dolorem repellendus adipisci fugit. Magni et unde voluptatum dolor. Exercitationem iure velit quisquam modi. Perferendis qui excepturi est quaerat sunt aperiam. Beatae non tenetur et sint quod omnis. Neque sit eius aperiam in non voluptatem eius. Cum vel est voluptas velit. Rerum labore quam quo rem dolorem qui ut. Aut itaque corrupti et repudiandae ut eligendi. Tempora accusamus quia soluta. Illo quia facilis autem ex corrupti. Tenetur veritatis et aperiam asperiores assumenda eveniet molestias. Molestias facilis autem minus ea. Ipsum consequatur ut provident consequatur quidem aspernatur explicabo. Qui ipsa nemo ab.', 'TsZKYB4QrcfHqdqav3GQaGOPWT1jGURobXHCHJiU.pdf', 2803, '2023-09-20 10:50:55', '2023-09-20 10:50:55'),
(63, 'Ex eos est voluptatem nemo atque culpa illum.', 'Aperiam consectetur qui et et fuga iure autem. Sit non nostrum aliquid nostrum autem. Ullam laudantium voluptatem rerum autem. Et sit est ut veniam et. Cum velit laudantium earum. Rerum nisi inventore similique dolor. Voluptatem eos non qui assumenda ut corporis. Aut odio consectetur harum unde unde. Pariatur consequatur ipsam consequuntur ut voluptate. Ex enim ipsa blanditiis et est eius ad. Non est officia voluptatem eum. Explicabo et velit deleniti temporibus aperiam unde. Voluptas nam magni doloremque et. Est eos voluptatem consequuntur et totam et expedita. Nesciunt facere ut non animi dolorem pariatur. Nulla consequatur expedita rerum et ipsum. Incidunt et cum qui impedit ea. Necessitatibus est quia iure architecto ad tempore vero est. Sit error nisi et omnis et molestias nemo voluptatem. Aspernatur quae sunt tempore saepe unde. Aspernatur quaerat officia sed qui odio cupiditate omnis et. Incidunt sint sint rem illo pariatur. Rerum quas ea deleniti at debitis. Quia fugit nam et modi non. Eius dolore magni enim corrupti sunt eveniet. Pariatur rerum cum voluptatum sunt. Sed iure nihil est deserunt vitae necessitatibus. Dolor eius ipsam odit sunt ipsam enim veniam in. Consequatur veniam qui eligendi. Qui pariatur vel nisi suscipit. Quis aperiam consequatur saepe harum. At aut vel velit magnam incidunt odio quisquam. Architecto nisi explicabo ipsum quo consequatur numquam. Occaecati quisquam cupiditate nisi doloribus. Quam quos ut similique et facere dolores eum.', 'TsZKYB4QrcfHqdqav3GQaGOPWT1jGURobXHCHJiU.pdf', 296, '2023-09-20 10:50:55', '2023-09-20 10:50:55'),
(64, 'Voluptatum amet sit qui et distinctio qui aspernatur.', 'Aut labore et nobis provident. Beatae nihil doloremque corrupti sunt at cupiditate ad nihil. Mollitia exercitationem dignissimos molestiae a eum blanditiis. Aspernatur sint qui ut id voluptatum. Adipisci sed accusantium ipsum sit suscipit qui. Dignissimos rerum beatae quis ut quam aliquid. Pariatur repudiandae dolores architecto delectus voluptatem voluptas. Quia occaecati ducimus neque quia sequi consequatur. Sed sit enim quos velit eos at quod. Quia non in eaque sint dolores velit expedita. Optio sit omnis et illum saepe dicta ad. Quod ut voluptates nihil illum. Consequatur saepe aperiam est ducimus. Qui nobis velit maiores aut aspernatur voluptatum. Quaerat quod fugiat quas velit inventore dolores. Sit ducimus est et itaque quasi. Sint dolor ut dolor. Ullam aut recusandae qui qui fugit. Autem tenetur hic est voluptas. Sed tenetur aut quos nostrum ipsa eaque. Fuga at sit eaque est voluptatem incidunt. Sunt ratione consequatur quis voluptatum architecto aspernatur. Modi perferendis enim aut vel culpa voluptatem non. Nam velit distinctio aliquam odit magnam. Dolorem magnam adipisci quasi. Porro sunt quisquam velit esse saepe mollitia. Voluptatum quia aliquid neque. Molestiae qui odit ut at quasi. Quos commodi eos id libero ipsam eaque qui. Repellat voluptas blanditiis voluptatem nisi inventore autem necessitatibus tenetur. Veniam et quidem deserunt a numquam nesciunt sit qui. Sed et quos in.', 'TsZKYB4QrcfHqdqav3GQaGOPWT1jGURobXHCHJiU.pdf', 2636, '2023-09-20 10:50:55', '2023-09-20 10:50:55'),
(65, 'Dolore beatae dolor natus aperiam perspiciatis tempora temporibus.', 'Neque ipsa sed vel rerum non deserunt nemo unde. Quasi voluptas enim repellendus non et quo. Exercitationem qui et ex corporis quae amet molestiae tenetur. Maiores quibusdam aut sed unde officia commodi voluptatem autem. Placeat ut iste iste explicabo unde voluptate facilis aut. Ut culpa aut aut consequuntur. Neque impedit qui ad et. Sint molestias dolor autem accusantium reiciendis qui et. Ratione at aperiam non aut. Accusantium fugiat omnis reiciendis architecto amet quas sed. Sapiente magni voluptas accusamus aliquid. Error voluptate inventore quod itaque eaque. Accusamus tenetur porro illum pariatur vero deserunt et. Quia occaecati id qui eos. Facere doloribus et sunt nostrum. Dolores pariatur mollitia aut est praesentium ad sunt aperiam. Omnis ipsam placeat ex ad. Omnis nihil est aliquid aliquid. Mollitia ratione aut commodi aut explicabo quod. Et omnis et deserunt ut rerum vel. Assumenda odio sint explicabo facere deserunt et. Beatae nostrum quia dicta maxime ipsa. Dolorem fugit ducimus vel quia et deserunt. Illo optio eos itaque deserunt nulla. Error rerum maiores non necessitatibus et et. Eos unde voluptatem fuga velit. Repellendus perspiciatis earum provident sed. Ipsum dignissimos qui accusantium est. Repellendus reiciendis nemo sequi amet. Ut cumque corrupti molestias laudantium nobis soluta saepe rerum. Sint voluptas maxime laborum odio quo. Non explicabo quam sit et est inventore qui. Distinctio consequatur minima minima porro similique voluptatem qui. Dolore blanditiis illo sed aut. Labore blanditiis necessitatibus voluptatem vel quas magnam eum.', 'TsZKYB4QrcfHqdqav3GQaGOPWT1jGURobXHCHJiU.pdf', 131, '2023-09-20 10:50:55', '2023-09-20 10:50:55'),
(66, 'Autem expedita eum ipsa possimus.', 'Sequi vel corporis ratione ut consequatur. Laborum quasi officiis eum. Iste omnis nemo enim sint. Culpa dicta recusandae ut neque expedita mollitia hic. Perferendis beatae est est adipisci dolore in. Voluptas sunt provident nemo in repellendus sed. Voluptatem est ducimus harum accusamus. Aut dolore non blanditiis quaerat et ut. Vel quasi est odio mollitia nostrum est saepe. Illo adipisci non sit placeat quas quaerat. Necessitatibus eveniet omnis cumque alias hic laboriosam voluptatem. Quia voluptas sed et non consequatur nihil sint. Voluptatem dolorem libero aspernatur earum minus alias facilis. Qui assumenda dolor eius eligendi aspernatur. Et libero voluptas voluptatem facere veniam. Culpa amet debitis repellat ut omnis provident amet est. Dolor sed aspernatur voluptas doloribus. Aut rerum sed cumque quos qui. Praesentium occaecati repellat et quo voluptates deserunt. Repellendus numquam aut esse cupiditate vero voluptates voluptatem eligendi. Numquam suscipit aliquam quae qui adipisci ut accusantium. Omnis doloribus esse molestiae ut fugiat voluptate. Sequi autem quisquam repellendus modi nemo et eveniet. Dicta autem iste recusandae consequuntur pariatur neque. Sed tenetur dolore magnam quod consequatur maiores aut. Quidem eum dolorum velit enim incidunt doloremque. Amet et mollitia reprehenderit magnam. Laboriosam accusamus amet iusto excepturi. Ea nesciunt deserunt voluptates ut incidunt impedit. Ut non ut sit ducimus nulla incidunt.', 'TsZKYB4QrcfHqdqav3GQaGOPWT1jGURobXHCHJiU.pdf', 946, '2023-09-20 10:50:55', '2023-09-20 10:50:55'),
(67, 'Necessitatibus asperiores doloremque eaque quas vitae consequatur.', 'Et enim tenetur et est autem perferendis. Quo voluptatem ut temporibus porro veniam. Omnis aut et itaque modi consequuntur recusandae qui. Ratione rerum aliquid libero reprehenderit. Iusto ut autem et magnam amet a. Reiciendis necessitatibus perferendis officiis alias dolorem quos distinctio. Corrupti deserunt qui nobis. Tempore ex illo iusto esse ab qui iusto. Hic aut rem et assumenda voluptatibus minima dignissimos. Voluptatibus unde cupiditate voluptatem aliquid. Aspernatur fuga sit quod pariatur facilis quos rem. Et vel qui et beatae. Quas non illum aut vero optio voluptate. Repellendus perspiciatis nisi perferendis ipsa consequuntur recusandae. Enim culpa beatae magnam eaque sint et enim. Reiciendis ut nesciunt assumenda qui quis. Perspiciatis fugit in veniam architecto voluptatum consequatur veniam modi. Quia et dolorem eos inventore ut. Doloremque ut nobis sapiente itaque omnis quibusdam quisquam delectus. Sit minus saepe tempore accusantium fugit. Sunt quo in facilis aperiam nemo adipisci reiciendis. Rerum quo error delectus voluptas repudiandae magnam. Nam est consequatur aut. Quibusdam molestiae eum voluptas. Repudiandae reprehenderit in veritatis fuga quos. Inventore sunt cumque dignissimos libero ut eveniet deleniti. Id quia quia voluptas totam ex ipsam tempora. Ad dolor sit veritatis placeat dolore commodi delectus omnis. Totam eum dolores corporis facilis. Exercitationem est hic amet incidunt reiciendis commodi.', 'TsZKYB4QrcfHqdqav3GQaGOPWT1jGURobXHCHJiU.pdf', 1385, '2023-09-20 10:50:55', '2023-09-20 10:50:55'),
(68, 'Aliquam magnam dolorem enim dolorem at.', 'Aut ea similique ut sit aliquam. Sint est quia amet vitae ab omnis. Ab enim dolorem consequatur perferendis culpa officia. Modi enim ab est soluta. Iste pariatur qui dicta facilis qui culpa. Earum eveniet omnis perspiciatis aperiam maxime non eveniet debitis. Minima ullam facilis quidem excepturi hic molestias dignissimos eligendi. Enim sed minus eveniet. Officiis animi optio eos placeat commodi assumenda. Sed repellat voluptas commodi molestias tempora. Doloribus nostrum distinctio minus amet nihil. Molestiae et culpa non quo officia eum exercitationem. Porro consectetur est voluptatibus aut quidem. Explicabo perspiciatis ea facere sequi veritatis velit. Alias distinctio repellat incidunt. Aut ipsum voluptatem quam accusamus veritatis voluptas. Similique magni eligendi sed temporibus qui. Ut impedit corrupti velit. Maxime repellat et beatae recusandae est sit. Eligendi sit omnis nemo necessitatibus. Culpa debitis beatae aut. Vitae consectetur facere est necessitatibus iusto. Aut veniam consequatur aut voluptas et laboriosam. Aut debitis fugit beatae consequatur. Deserunt a qui veniam blanditiis. Nesciunt quo est modi quam earum. Itaque in sed optio aut molestiae aut minus sit. Excepturi qui aspernatur qui. Expedita consequatur quia facere. Nobis perferendis quam porro aut. Veniam sunt enim labore est in. Hic debitis sunt ipsa sit et laboriosam autem. Voluptatem molestias est modi qui quibusdam doloribus. Aspernatur qui ut laboriosam accusamus enim consequatur error fugit.', 'TsZKYB4QrcfHqdqav3GQaGOPWT1jGURobXHCHJiU.pdf', 4590, '2023-09-20 10:50:55', '2023-09-20 10:50:55'),
(69, 'Accusantium eveniet reprehenderit consectetur placeat quia architecto alias.', 'Fuga molestiae qui omnis quo in quam. Eius molestiae ut repudiandae. Qui enim occaecati eum qui in blanditiis sunt. Maxime at aut voluptatem consequatur consequatur ex et qui. Dolores itaque vel veniam consequatur sint et aut ut. In et voluptatem facilis illo est et provident. Enim libero et non magni. Adipisci ut odit qui qui est dolorem corporis quisquam. Aliquid repellat quia nihil natus ut quia. Ut delectus quaerat architecto cupiditate. Saepe facere architecto fugit consequatur. Porro culpa similique eos illo. Ut est nulla quo. Ratione est dolores adipisci corporis dolor. Non at eos et repellendus aliquam. Nisi dolorum fugit sit sint odit repellendus. Dolore ut eveniet ut praesentium aut et. Non repellat nesciunt quod dolorem. Sunt iure modi voluptas qui illo temporibus deserunt. Molestias in est quae aut. Debitis debitis vitae est a eaque laboriosam. Fugit sint esse vel ipsam quia. Dolorem et maiores fuga illo ea. Voluptatem veritatis aut velit et eligendi. Autem rem ex sint pariatur suscipit autem. Tempore sint tempora iure accusamus sit. Quam reprehenderit soluta sit iure sint voluptatum pariatur. Sit sed iste quia dolorem. Sapiente dignissimos possimus molestiae et et. Non repellat quas nihil quo quos aut velit. Hic qui enim ad culpa libero. Labore et quae labore aperiam placeat laborum. Et in at quae repellendus id dolorem perferendis enim. Et corrupti doloremque velit corrupti ratione aliquam. Cum aut laboriosam animi corrupti. Vero consequatur eum ex repellat ea impedit neque. Tempore et voluptate vitae est hic aspernatur laudantium.', 'TsZKYB4QrcfHqdqav3GQaGOPWT1jGURobXHCHJiU.pdf', 3756, '2023-09-20 10:50:55', '2023-09-20 10:50:55'),
(70, 'Harum fugit perferendis fugit quo.', 'Exercitationem modi aperiam reiciendis. Placeat et omnis doloremque eveniet doloribus sed. Inventore enim iste sit est sit. Labore sint dolorum numquam sed ut repellat dolorum laudantium. Enim consectetur porro dolorem ut nulla repellendus explicabo voluptate. Voluptatum dolorum temporibus voluptatum impedit ut temporibus deleniti quis. Nihil illo et quis facilis molestiae velit. Eius aut aut asperiores quidem ducimus amet sapiente. Vero laboriosam ipsa repellendus velit amet praesentium eveniet. Soluta omnis sunt ab est iste eum molestiae. Et ad voluptas in hic. Dicta minima porro enim veniam adipisci officiis. Est unde temporibus sit quas veritatis eum. Beatae amet eligendi quaerat sequi et accusantium. Facere totam alias atque atque repellat. Nisi molestias explicabo perferendis blanditiis est repellat. Nostrum itaque non velit temporibus. Necessitatibus iure totam repellat et voluptatem. Quis magnam natus fugit incidunt quia doloremque. Quia dolorem ut qui culpa. Dolores facilis labore ea minus fuga alias. Est quo ea quae qui id dolores. Porro aliquid ut voluptas tenetur dolore corrupti. Numquam est sed eligendi dignissimos doloremque reprehenderit. Aut esse possimus deleniti. Deserunt laborum cupiditate ad. Sint et excepturi illo voluptatem. Eos quis molestias vitae architecto ut. Neque laboriosam et commodi quibusdam et quaerat.', 'TsZKYB4QrcfHqdqav3GQaGOPWT1jGURobXHCHJiU.pdf', 240, '2023-09-20 10:50:55', '2023-09-20 10:50:55'),
(71, 'Recusandae dolorum suscipit voluptas harum.', 'Officiis quisquam eos veniam aut. Aut cum itaque placeat atque error incidunt ut. Voluptates in nam consequatur sequi minus officiis consequuntur. Ab tempore et inventore aut est ex. Quia doloremque laudantium unde id saepe cum. Est facere perspiciatis aliquid voluptate nisi nihil qui atque. Vel enim eos veniam omnis. Qui sint ullam accusantium consequuntur. Perferendis omnis omnis reiciendis ut ipsa. Iusto sit eligendi ut. Officia a a mollitia enim sequi. Aperiam fuga facilis esse deleniti quas et veniam qui. Repudiandae autem beatae tempore. Qui sit a et in laboriosam tempora non. Vel impedit sit et iure. Minima est aliquam molestiae similique. Sint numquam deleniti omnis consectetur. Esse similique iste recusandae fuga quas et quam. Aut qui fuga hic aliquam ut occaecati. Est et eum qui adipisci dolores dolor et. Architecto est non sapiente enim vel. Totam ut rerum et perferendis. Ratione eum aut aut dolore. Dolore eos ipsum repellendus eveniet. Numquam repellendus accusantium tenetur non eos doloremque. Nobis animi quis porro consequuntur. Consectetur nihil dolorem consequuntur quisquam et vel doloremque. Consequatur rerum corrupti veritatis harum. Architecto nobis perferendis odio et sit. Sunt similique ipsam molestiae dolor aliquam qui. Qui at autem unde enim voluptatem rerum saepe est. Nobis ab sunt at voluptatem consectetur est aut nobis. Quidem eaque aut molestiae. Soluta eveniet recusandae dicta quae nulla. Sit dolorum debitis voluptate dolores voluptatibus. Quibusdam labore molestias voluptates rerum aspernatur.', 'TsZKYB4QrcfHqdqav3GQaGOPWT1jGURobXHCHJiU.pdf', 728, '2023-09-20 10:50:55', '2023-09-20 10:50:55'),
(72, 'Eum fuga non ut expedita sunt veniam.', 'Et aut eius voluptas. Maiores dolor eaque atque est quo. Aperiam quas itaque recusandae necessitatibus. Accusantium voluptas fugit est sequi. Et aliquid et enim delectus est. Consequatur voluptatum tenetur necessitatibus voluptatum sint repudiandae quisquam. Libero nemo minima quia earum alias aut distinctio ut. Quia qui ut voluptate aut sit eum at. Quia nesciunt iure laudantium voluptatem voluptatum sed est. Porro ea nihil natus debitis. Vel asperiores odio nihil aperiam repellendus dolorem. Ducimus esse voluptatum sit aspernatur ipsam qui. Et eum ut illo itaque rem consequatur adipisci. Sunt eum id quo fugit eaque similique. Autem totam id unde unde sed. Ut consequatur quia hic quo animi saepe esse. Est aut rerum quia occaecati sit. Non voluptates quo amet eveniet. Earum ipsum qui corrupti ullam eius nostrum. Qui quo eligendi ut aut quia at. In ipsum fuga voluptate dolore architecto facere illum. Omnis repudiandae blanditiis ut. Incidunt dolore consequatur sint perspiciatis rerum quasi. Neque cupiditate nihil perferendis quaerat sunt maxime odio autem. Commodi numquam blanditiis itaque ut molestias delectus culpa qui. Dolor et rem dolores eos vero inventore adipisci porro. Est animi maiores et nostrum perferendis quidem debitis ab. Ipsum libero earum impedit qui deleniti qui quia. Nisi officia error consequatur est. Animi iste reprehenderit dignissimos nemo. Sint ipsam id consectetur et nobis voluptatem ea. Iure nihil voluptas perferendis sit ea. Nostrum aut tempore dolorum et est. Voluptatem assumenda aut nihil minus corrupti est voluptatem.', 'TsZKYB4QrcfHqdqav3GQaGOPWT1jGURobXHCHJiU.pdf', 48, '2023-09-20 10:50:55', '2023-09-20 10:50:55'),
(73, 'Itaque et at accusamus ad et non.', 'In dolores est sed corrupti earum iste doloribus. Ea voluptatem vel libero blanditiis aut delectus eum. Quidem quidem sunt eveniet sit rerum. Neque repellat ex esse. Voluptatem laudantium aut beatae nihil atque maiores. Veniam quos et aspernatur. Doloremque est atque facilis dolores. Quae repellendus eum ut aut. Eum similique non inventore quia aut. Voluptas aut hic odit repellendus qui. Consequuntur neque nesciunt et deleniti impedit nihil. Vero molestiae unde ut aut sit aut. Aut qui reiciendis dolor corporis. Eligendi tempora est quis. Velit dolores ipsum culpa et suscipit aliquid ad. A autem magnam et et eum dolorem dolor magnam. Et neque dignissimos rem. Voluptatem occaecati dolorem rem sit in. Voluptatem debitis id consectetur et incidunt voluptatem ut. Rerum natus praesentium provident eum sint dicta. Totam dolorum amet beatae autem labore perferendis provident. Et temporibus quas sed aut rerum praesentium. Id sequi reprehenderit voluptas repudiandae cum quod. Pariatur voluptas saepe perspiciatis sequi aut. Atque nostrum fuga officiis sed soluta quas. Cumque eveniet laboriosam quidem eos ullam et officiis esse. Provident nobis rerum porro ipsam. Quos autem ducimus deserunt iure voluptatem id rerum sed. Quas assumenda incidunt molestiae quod ut sunt. Ab nobis quia molestiae nisi sint. Quis unde vero quam omnis facilis atque cupiditate. Quibusdam ut atque nulla aut qui. Omnis molestiae culpa non distinctio est est fugit. Neque corrupti sed qui sed. Consectetur optio facilis aspernatur ipsa.', 'TsZKYB4QrcfHqdqav3GQaGOPWT1jGURobXHCHJiU.pdf', 1659, '2023-09-20 10:50:55', '2023-09-20 10:50:55'),
(74, 'Facere hic sit non odio dolores voluptatum.', 'Et magni accusamus minus molestiae eaque. Quod facilis et sit consectetur nemo maxime magni. Architecto sit sed dolore eum ipsa accusamus quis. Dolor in quas temporibus vitae consectetur placeat pariatur. Dolor voluptas non consequatur et. Perspiciatis dignissimos itaque illo. Eos quis atque esse alias sit accusantium. Unde mollitia amet quidem enim dolorem. Labore voluptate atque voluptatem praesentium perferendis sunt. Ad beatae itaque dolorem similique perferendis quo libero. Et voluptatem rerum ut sint. Aut incidunt in aut aut quidem quis ex. In soluta dolore id omnis amet quo consequatur. Debitis fugiat aut possimus corporis voluptatibus soluta eum. Dolore omnis similique voluptas. Iure qui voluptas voluptatem aut incidunt facilis repellat. Cum asperiores quia quas consequatur. Doloribus ut magni aut facilis. Aliquam odit quia ut ut ut. Hic aut minima nulla eos quidem qui. Quidem modi nam hic aut sequi. Error ipsam ut quia vel est provident ducimus. Et tempora accusantium dolores tempora. Est qui quia mollitia eos dolores aliquid nobis expedita. Consequuntur nemo corporis explicabo ipsum. Ea similique et maiores debitis non dolores. Eveniet nemo autem et pariatur earum libero animi. Laboriosam et cum est nulla. Voluptate vitae esse delectus magnam. Impedit deleniti est incidunt. Nemo modi repudiandae dolorum et consequuntur quia sit. Magnam quia doloribus maxime est qui placeat natus vel. Vel ullam voluptatem doloribus voluptas aut voluptatem enim. Eveniet quia consequatur minus quia.', 'TsZKYB4QrcfHqdqav3GQaGOPWT1jGURobXHCHJiU.pdf', 4730, '2023-09-20 10:50:55', '2023-09-20 10:50:55'),
(75, 'Dolor deserunt deserunt repellendus eligendi.', 'Quaerat at quam numquam maxime. Sed temporibus nobis officiis tempora voluptatem qui deserunt. Consequatur non vel velit. Est eum molestias non cum sit minima. Quia at ullam porro quia explicabo in eveniet. Minus aut magni delectus ut. Aliquam fugit quia harum et numquam eligendi temporibus. Repellat qui eaque neque quasi debitis molestiae ipsum. Fuga consequatur officiis nihil voluptas. Ut quasi quidem aut harum autem quo vel. Quia porro distinctio voluptas eos. Doloremque qui quidem qui molestiae. Eius cum quo ex amet explicabo debitis. Ducimus qui optio rerum ut dolores. Beatae laborum officiis soluta voluptatibus facilis culpa. Nihil praesentium debitis rerum libero amet sint. Architecto voluptatem omnis corrupti consequuntur voluptatum et. Est odit qui repellendus quis voluptatem ad labore. Non illum corrupti rerum rerum. Voluptatem suscipit laborum enim laboriosam fuga et. Asperiores sed quis similique est. Mollitia delectus id dolorem cum cupiditate vel veniam. Iure nulla beatae est mollitia soluta itaque. Consequatur animi consequatur corporis quos doloremque. Rem aliquam rerum aut modi placeat eaque. Labore et porro numquam. In consequatur ad perferendis porro ut molestias voluptatem. Error suscipit non sint dolore dolor doloribus qui. Et in impedit adipisci non. Et dicta optio in cum et nihil sapiente. Quia ea sit accusamus debitis officiis. Quo voluptas minus debitis laboriosam. Illum in consequatur cupiditate magni. Dolorem enim commodi voluptas qui. Porro ducimus sed quidem cum ea.', 'TsZKYB4QrcfHqdqav3GQaGOPWT1jGURobXHCHJiU.pdf', 672, '2023-09-20 10:50:55', '2023-09-20 10:50:55'),
(76, 'Voluptatem aspernatur qui id corporis earum blanditiis eligendi.', 'Neque vitae et vel exercitationem illo quis quasi. Et voluptatem ut impedit velit et qui. Accusamus unde nemo officiis repellendus laboriosam mollitia iusto. Eum quia repellendus aut quos et. Et ut et incidunt dolorem voluptatem fugiat voluptatum. Inventore voluptas alias repudiandae earum debitis rerum et consequatur. Ipsam fugiat velit eius totam et illum a. Odit error veniam sit velit nisi tempore. Et fuga cupiditate eius quidem sint incidunt maiores. Vel architecto quasi ex omnis. Provident labore odio consequatur deserunt aut quia. Ut rerum porro est voluptatem harum. Hic libero et ipsam tempora quod. Suscipit eos libero praesentium cum eius aut eaque aut. Qui culpa quaerat quia qui ipsam possimus. Dolorem aut et fugit eius autem sit. Et fugit fuga ut. Esse aliquam velit id voluptatem minus omnis ducimus. Atque molestias et sit. Non et ut et quasi sed. Mollitia laborum non fugiat reprehenderit tempore perspiciatis voluptatem. Magnam ut itaque tenetur et quis ad expedita expedita. Doloremque quas nam et quaerat autem et modi. Minima voluptate odio fugit qui fugit nisi aspernatur. Eos nobis vitae facere. Aspernatur debitis occaecati commodi consequatur facilis. Dolor quas sunt debitis voluptate molestias corporis. Facere provident ex maiores eius quia. Fuga distinctio molestias minus similique accusamus. Dolore officia id molestiae beatae vero. Dolore rerum quo doloribus. Neque soluta qui laboriosam voluptas et at ad. Aut ut a sit velit sint.', 'TsZKYB4QrcfHqdqav3GQaGOPWT1jGURobXHCHJiU.pdf', 2407, '2023-09-20 10:50:55', '2023-09-20 10:50:55'),
(77, 'Adipisci cumque praesentium adipisci et rerum fuga.', 'Fuga rem ducimus voluptatibus sapiente veritatis labore id. Error cumque et in error. Nulla occaecati praesentium accusamus dolor in rerum porro. Et doloremque accusantium aut. Sunt rem voluptatem sit vitae nobis asperiores. Cupiditate ducimus minus maiores. Est nobis quis facilis earum quo. Optio voluptatem vel dolore ea. Ea ex neque accusantium accusantium iure minima qui. Reiciendis consequatur vel placeat iste quos corrupti. Et quo et et aut velit. Ut dolorum dolorum quis porro quia est enim. Expedita voluptatem ratione earum eaque repellendus. Id dolorem id maiores ipsa non sit. Quo laboriosam ut quis nisi. Nesciunt aut sed qui omnis dolorum architecto placeat qui. Id deserunt nostrum quas laboriosam inventore omnis. Assumenda alias voluptatum soluta ut. Velit aut laborum illum voluptas ut quam est non. Aut soluta voluptatem mollitia unde voluptatibus voluptatem. Eius aperiam rerum aspernatur fuga nihil et aut quos. Aut saepe et adipisci voluptate odit qui ducimus. Sit in accusantium explicabo. Eveniet sunt impedit est animi officia est magnam ratione. Blanditiis fugit at sunt ratione. Recusandae tenetur molestiae excepturi illo. Vero eum quibusdam porro magni consequuntur. Hic rerum consequatur veniam et consequatur at. Dolorem quos eum nostrum quaerat rerum quam. Dolore distinctio in culpa. Suscipit architecto corporis distinctio voluptas labore error. Voluptate et impedit nihil. Autem delectus aut enim velit similique. Fuga voluptatum corrupti blanditiis et aut.', 'TsZKYB4QrcfHqdqav3GQaGOPWT1jGURobXHCHJiU.pdf', 1444, '2023-09-20 10:50:55', '2023-09-20 10:50:55'),
(78, 'Rerum accusamus dignissimos tenetur.', 'Commodi necessitatibus quaerat quia non sed dolorem. Autem ratione laudantium reiciendis porro quia. Minima quis suscipit porro omnis. Delectus eius laudantium odio in nobis nulla. Eius voluptas ipsam molestiae ut ut non alias eum. Voluptas quas et ipsum aut blanditiis dolore deleniti. Maiores eaque perspiciatis qui eveniet sequi. Commodi deserunt et quia deleniti esse fuga. Ab nihil repellendus vitae accusantium alias delectus eos. Vero ipsum magni est dolores. Laborum sit temporibus atque. Rerum inventore optio aperiam dolorum quod quo ullam. Velit saepe velit ut voluptatem. Et iste recusandae rerum velit earum in. Eveniet illum eos quidem fuga commodi expedita esse sint. Facilis eos sed eos dolorem. Dolor optio illum id ab iusto in. Tempora qui id ea dolores aut qui. Molestiae velit in maxime quia odit perspiciatis reprehenderit. Hic ad consectetur ipsum amet architecto ut. Cumque et a necessitatibus et ratione commodi pariatur. Ut sint est in accusantium eius aut. Ad adipisci exercitationem odio aut ratione. Error consequatur atque ut dolorem quisquam adipisci quae. Optio provident asperiores itaque sint. Illum beatae ut explicabo ut dolor sit. Numquam officia et quasi nobis vitae enim. Ratione minus officia doloribus ut aut quis impedit rerum. Ex excepturi repudiandae qui ad nemo nesciunt. Eum perspiciatis praesentium sint saepe quaerat qui sit. Rem quidem eos quo reiciendis. Nihil aut totam eum culpa. Iure praesentium est ipsam nihil quo quaerat dolore. Neque minima doloribus ex velit quasi dolore molestias.', 'TsZKYB4QrcfHqdqav3GQaGOPWT1jGURobXHCHJiU.pdf', 351, '2023-09-20 10:50:55', '2023-09-20 10:50:55'),
(79, 'Quis qui consequuntur et earum ea consequuntur sapiente.', 'Qui et et molestiae non voluptate omnis ab. Ut itaque similique voluptate et aliquam fugiat debitis. Sit sed quasi quia blanditiis consectetur unde. Rem ut ut iure dolore. Sint consequatur ut quidem quis veniam necessitatibus autem. Eligendi delectus dolor reprehenderit ut in nulla. Et possimus possimus autem voluptatum ipsum. Ratione ut voluptatibus voluptates placeat perferendis ad maxime. Accusamus nostrum voluptatem quos ad a dignissimos. Debitis occaecati modi perspiciatis ducimus delectus. Reprehenderit molestiae exercitationem corrupti eaque. Mollitia mollitia voluptatem et doloremque iure impedit. Accusantium cupiditate nesciunt eos autem excepturi dignissimos. Dolores quo qui voluptatem aut cumque voluptas. Quis dicta qui odit cumque exercitationem modi. Voluptas fugit recusandae in est eaque vel. Itaque labore quo iusto laborum nesciunt nesciunt. Qui voluptas autem placeat ea laborum. Sit qui quisquam nesciunt officiis non dolores ea. Omnis ut voluptatibus accusantium et non excepturi. Dolorem quae consequatur consequuntur et. Et accusamus doloremque iure. Inventore qui voluptates mollitia officia quidem hic nemo. Suscipit est tempore et placeat. Accusamus necessitatibus et autem incidunt inventore. Dolor quia esse autem doloremque. Illo earum commodi voluptatem. Maxime dolorem labore reiciendis quam iure qui et. Consectetur assumenda quasi sint nulla eligendi. Delectus sed corporis ipsum voluptatem aut accusantium. Minus voluptates nesciunt quod dolores unde.', 'TsZKYB4QrcfHqdqav3GQaGOPWT1jGURobXHCHJiU.pdf', 2940, '2023-09-20 10:50:55', '2023-09-20 10:50:55'),
(80, 'Quis sint hic quas et consequatur recusandae similique.', 'Ut voluptates omnis veritatis eum veniam nihil omnis. Sed voluptatem error beatae rerum voluptas et animi. Voluptate et velit ut incidunt recusandae vel fuga. Dignissimos non expedita numquam non aut sed id. Et temporibus et quas natus. Sint vel adipisci magni doloremque et. Sed dolore amet sunt expedita natus non et. Iste sunt quisquam et vel et. Cupiditate quisquam in reiciendis voluptatem. Libero dolore magnam minus consequatur doloremque voluptatem. Autem hic rerum ea laboriosam voluptas. Suscipit harum ducimus corrupti natus tempore quas natus voluptatem. Quos nostrum vel amet. Ipsum sunt et vel. Fugit delectus a sunt ea explicabo. Dolor sunt qui quos corrupti similique sapiente. Distinctio ex alias a enim necessitatibus facilis. Porro repellendus aperiam fugiat quod. Aut alias temporibus nihil perferendis sit et qui. Qui voluptatem sed deserunt sunt quis repudiandae officia corrupti. Omnis laudantium adipisci quae a. Suscipit nobis enim officiis doloribus. Commodi hic rerum alias repellendus cum architecto aliquid. Officia iste corrupti doloribus voluptates. Aut qui odio omnis commodi inventore dolores ducimus. Et rerum consequatur incidunt error quidem aperiam mollitia. Expedita voluptates vel ut. Ut distinctio ipsa rerum. Esse harum qui inventore doloribus sit ducimus et est. Excepturi tenetur eligendi exercitationem consequatur. Voluptatem dolores fugit deleniti fugiat sint illo eaque. Sit voluptatum tenetur modi in et. Quisquam odit in ipsam facilis corporis quia alias. Voluptas ut dolore et et necessitatibus cum.', 'TsZKYB4QrcfHqdqav3GQaGOPWT1jGURobXHCHJiU.pdf', 3238, '2023-09-20 10:50:55', '2023-09-20 10:50:55'),
(81, 'Reprehenderit voluptas sit possimus corrupti vel dicta.', 'Optio labore nihil voluptate est dolores voluptatibus. Distinctio repellendus doloribus nam fugiat animi soluta adipisci itaque. Aliquid facere facilis provident explicabo voluptatem consequatur fuga. Voluptatum natus pariatur voluptas iure. Libero nobis libero accusantium quam quia. Voluptatem maiores odit odio corporis eum. Tempora aut maiores ipsum quae et et quia. Rerum ab quam occaecati. Consequatur ad quia repudiandae rerum laboriosam. Consequuntur aspernatur eveniet sit dolorum. Repellat iusto nemo expedita nisi. Dolorem ut et et. Voluptate eum aut dolorem tempora. Ipsam est corporis voluptas cupiditate. Autem praesentium aut dolorem. Quia est libero et possimus cumque. Et voluptates consectetur aut assumenda corporis ullam consequatur aut. Voluptate possimus doloribus qui ut. Est occaecati eveniet sunt voluptate et. Totam eligendi illo id est et natus error enim. Incidunt non repellat vel odio. Tempora est blanditiis ad quod harum. Harum corporis et aut sed sint et. Et voluptas voluptatem qui odio consequatur aperiam et. Dolor delectus temporibus neque quo optio soluta. Cum qui quisquam officiis. Sit animi totam illum molestiae ipsum dicta. Culpa consectetur vel accusamus optio qui molestias qui. Nihil eaque qui aliquam nemo dicta. In vero eum voluptatem molestiae aut ratione. Nihil distinctio qui dicta et delectus. Eaque nihil non placeat quam. Nam illo quia est quidem non. Labore modi est minus quis.', 'TsZKYB4QrcfHqdqav3GQaGOPWT1jGURobXHCHJiU.pdf', 3773, '2023-09-20 10:50:55', '2023-09-20 10:50:55'),
(82, 'Sit dolorum facilis ex vero maiores.', 'Deserunt fugit dolorum optio alias. Numquam temporibus velit aliquid voluptate unde. Voluptatum aliquid suscipit ipsa. Sequi non dolores esse ut. Deserunt minus dolor dignissimos aliquid. Temporibus quisquam quod at sed necessitatibus. Officiis dolores eos non et rerum. Eum et neque voluptatum minima reiciendis accusantium ratione. Voluptate dolores est illo doloribus ullam voluptatem. Tenetur neque enim tenetur nostrum error dolorem sint ex. Ad iste nihil maiores qui aspernatur. Doloribus ullam et vitae non magnam. Et quidem blanditiis quia sint culpa voluptas neque. Expedita laboriosam reiciendis sapiente. Quis qui numquam quisquam nemo et aut quia. Sit in ut ea id quaerat suscipit. Corrupti labore voluptas sunt ad. Enim dolorem et ducimus perspiciatis iusto. Impedit fuga quia possimus. Quia a sequi ut dolores qui. Velit labore delectus esse. Veritatis est velit possimus alias mollitia quia odio. Sint iusto quos iste. Est et dolorem sequi corporis. Architecto voluptas aut iste dicta occaecati dolorum. Mollitia doloribus tempore aspernatur in at dignissimos. Est voluptatem recusandae dolorum culpa inventore omnis cum. Necessitatibus eum sit laborum consequatur. Voluptas quisquam magni cum modi velit. Odit nisi fugit cum in. Sed et est illo et error quibusdam et est. Quas ipsam et distinctio ducimus qui iste dolorem. Odit odit est consequuntur maxime et. Tempore explicabo est ex dolorem. Ipsa omnis culpa et corporis ex officia. Aperiam consequatur quidem a assumenda laboriosam sunt aut voluptates.', 'TsZKYB4QrcfHqdqav3GQaGOPWT1jGURobXHCHJiU.pdf', 1491, '2023-09-20 10:50:55', '2023-09-20 10:50:55'),
(83, 'Quia harum animi nam ut unde voluptatibus.', 'Culpa omnis esse voluptatibus harum. Veritatis nulla aut rerum fugit. Consequatur id illo sit. Modi numquam saepe natus maiores dolor aut id. Dolore rerum libero officiis animi deserunt est dolores eos. Nesciunt voluptatem est blanditiis. Aut inventore in animi sit necessitatibus. Quo voluptatibus velit vel sit. Nam modi perferendis sed praesentium. Minus ex aliquid occaecati aut quis maiores. Asperiores incidunt velit ipsam voluptate ut. Consectetur debitis qui iusto temporibus illo tempora odio. Qui beatae totam necessitatibus ut fugiat ipsam. Sequi suscipit est quis esse perferendis qui accusamus. Quas voluptas mollitia alias nesciunt natus nulla ipsum voluptate. Minima nisi in sunt ducimus asperiores tenetur distinctio molestiae. Non nostrum harum cum repudiandae pariatur molestias praesentium. Cum voluptatem sit exercitationem deserunt ut. Maiores nam omnis quisquam culpa. Sapiente eum inventore est molestias repudiandae non et. Eveniet a autem quia exercitationem nobis aliquam omnis consequatur. Qui et dolorem labore doloribus quis. Et est iusto aut eum. Maxime porro omnis earum hic non iste ut. Qui dolore ut aliquam quasi. Est aspernatur laborum voluptatem facere aut. Ipsum voluptas aliquam nisi. Cupiditate voluptatibus rerum numquam enim et iure qui. Alias aut sit sapiente soluta. Nam a odio asperiores architecto explicabo. Beatae voluptatem qui sint dicta totam quidem reprehenderit. Debitis ut cum vero sunt voluptate. Nulla omnis expedita consectetur possimus sed est.', 'TsZKYB4QrcfHqdqav3GQaGOPWT1jGURobXHCHJiU.pdf', 3146, '2023-09-20 10:50:55', '2023-09-20 10:50:55'),
(84, 'Occaecati harum nostrum adipisci molestiae.', 'Voluptatibus accusantium officiis ipsum vitae. Dolore cupiditate pariatur voluptate modi. Ex dolorum facere accusamus dolores ducimus esse impedit. Veniam aliquam blanditiis nemo nisi vel officiis. Voluptas asperiores amet dolor necessitatibus facilis vitae laborum. Provident iure nobis est consectetur modi. Illo quaerat quas quis rerum sed consectetur sint. Voluptates vel animi magni distinctio est. Ea distinctio hic est doloremque. Dolorem aspernatur nesciunt voluptates provident repellat perferendis in. Sit corrupti doloribus eos est placeat sunt rerum neque. Voluptas omnis numquam inventore tenetur qui. Quia magnam magni dicta. Eum maiores et error impedit facilis. Vero blanditiis nostrum autem qui. Laudantium accusantium rem ipsa doloremque. Provident ut est nobis unde itaque itaque. Veritatis et laboriosam rerum accusantium recusandae illum. Sed quisquam nihil similique. Odio esse laboriosam fugit ea atque eos rem. Corporis quia rem et harum sed et occaecati eaque. Eius similique eum sequi eos earum numquam aut. Et incidunt ullam voluptatem quasi sit fugit. Nulla iusto qui qui aut et rerum quasi. Minima est et quo. Voluptates iusto consequatur aut. Quaerat minus voluptatem repellat rerum. Quo molestiae qui molestiae dolorem eos. Fugit et doloremque nulla repudiandae. Aperiam error voluptatum et qui. Labore dolores vitae eligendi. Adipisci soluta eaque amet laborum et.', 'TsZKYB4QrcfHqdqav3GQaGOPWT1jGURobXHCHJiU.pdf', 4313, '2023-09-20 10:50:55', '2023-09-20 10:50:55'),
(85, 'Incidunt eligendi vitae optio ab.', 'Sint iure sit at. Aliquid rerum eum quia enim. Reprehenderit et debitis deleniti quia est laborum. Sint iure necessitatibus esse mollitia. Quis dolorem in est quia harum atque vel. Cupiditate adipisci voluptas natus qui. Ab aut ut voluptas earum. Sed aut harum aliquid rerum omnis maiores qui. Excepturi quo omnis ipsum nihil at. Nobis velit et nisi dolorem omnis. Officiis ex est ea nisi. Placeat neque nisi sint recusandae laborum est inventore. Est porro tempora consequatur et et est maiores et. Aut unde nulla ab necessitatibus perferendis perspiciatis. Voluptas et animi expedita earum aspernatur. Voluptas sequi rerum atque et quia nesciunt. Ea temporibus voluptatem delectus voluptatem dolor sunt. Quasi tempora voluptatem sit dolorem quas. Quasi et ex voluptatem aliquam vel. Illo sed doloribus laborum velit temporibus. Dolor laudantium dolor enim. Fugiat soluta eveniet quos. Quisquam ut rerum qui. Consequuntur delectus officia repellendus eum hic asperiores iure. Excepturi quo laboriosam totam ea sed ipsum. Ut odit labore accusantium delectus. Cum magni quis enim modi et perspiciatis quisquam. Quas nesciunt dolorem magni sed necessitatibus. Neque enim est omnis earum. Voluptas est dolor occaecati qui. Quia facere iste odit iure. Sit libero fugiat voluptates ipsum. Voluptatem hic facilis dolorum. Voluptas doloremque quasi magni. Ratione voluptatibus nesciunt deleniti aut. Maiores asperiores perferendis exercitationem delectus. Dolores iure itaque minus aut magnam. Et ut beatae quaerat et fugit nesciunt a porro.', 'TsZKYB4QrcfHqdqav3GQaGOPWT1jGURobXHCHJiU.pdf', 4100, '2023-09-20 10:50:55', '2023-09-20 10:50:55'),
(86, 'Suscipit voluptas perspiciatis enim.', 'Eveniet id necessitatibus sunt quo. Iure est et et quis deleniti ut. Doloremque tenetur a tempore voluptas ut molestiae pariatur. Molestias saepe voluptatum ullam vel eos. Reiciendis velit soluta ut qui et necessitatibus. Voluptas dolorem ea occaecati aperiam et voluptas. Rerum qui incidunt rerum libero sed quia. Rem quis rem voluptas. Porro et nam voluptate quisquam voluptatem cumque voluptatem. Quia itaque et omnis distinctio dignissimos quo aut. Iusto dolore voluptatem qui ipsum corporis. Veniam in recusandae perferendis sint maiores sequi non. Sit dolores voluptate aut eligendi officiis aliquam. Qui ipsa aliquid similique aut rerum dolores velit. Mollitia id cumque necessitatibus quod praesentium ratione temporibus vitae. Corrupti nemo et labore ut ab. Autem a maiores ut error beatae quia voluptatum consectetur. Voluptatem ad deleniti odio totam in aperiam. Rem recusandae vel id ut praesentium omnis quae. Tempore optio nesciunt laboriosam ex nostrum quaerat ipsum aut. Illum omnis blanditiis nihil voluptatem. Ut quo non voluptas rerum sapiente aut quia voluptas. Consequuntur omnis accusantium inventore. Ad adipisci aliquam magni officia laborum tempora. Repudiandae ut est natus aliquam velit autem harum. Sit aut aut voluptatum esse sint ad. Et nisi nulla soluta ipsa. Laboriosam aut perspiciatis nihil tempora est consectetur dolorem. Ea ullam iusto amet possimus a. Aut aut saepe aut voluptas unde. Veritatis neque illum totam et velit ut magni temporibus.', 'TsZKYB4QrcfHqdqav3GQaGOPWT1jGURobXHCHJiU.pdf', 4568, '2023-09-20 10:50:55', '2023-09-20 10:50:55'),
(87, 'Placeat quasi aut iste.', 'Tempora officiis similique voluptas ducimus corrupti. Reiciendis id accusantium accusamus rerum. Sit sunt velit et nisi inventore dolore perspiciatis. Impedit quis ut eaque minus sit aut nemo voluptatem. Labore accusantium aspernatur quia ducimus ipsum fugit. Soluta quam provident iste consequatur pariatur omnis et quisquam. Quidem et nihil tempore quis repellendus. Odit aspernatur eaque est ratione. Aut earum officia excepturi et voluptatem quia rerum et. Hic velit ipsam iure enim. Sit veniam voluptatem natus excepturi aut. Nihil dignissimos vel ut. Debitis voluptatem at expedita blanditiis numquam voluptatem et. Accusamus voluptatem tempora vitae error qui autem illo. Quae quis provident id beatae at. Et et aut veritatis. Quo quis iusto qui est culpa. Eum sapiente hic nulla. Nihil quis exercitationem esse eveniet enim iste inventore nisi. Nobis maxime autem et eum reiciendis labore tempora. Consequuntur inventore ut beatae et non. Quia quo voluptas non qui. Deleniti dolor nam blanditiis eos veniam distinctio. Sit animi rerum nulla qui eius omnis. Esse ut autem ullam repudiandae veritatis est. Quisquam accusamus dolorem repellat nihil voluptatum ea in. Dolorem aspernatur quia et. Et velit nobis occaecati voluptates rerum eos. Enim natus tempora vero ea. Ullam quia error nisi nihil omnis. Iusto et voluptas ut voluptatibus. Suscipit voluptates omnis dolorem facilis autem. Quis ipsam perferendis placeat veniam ea sit consequatur. Vero illo pariatur dolorem quod quia. Non facilis qui autem quisquam. Veritatis corrupti dicta est enim odio nisi.', 'TsZKYB4QrcfHqdqav3GQaGOPWT1jGURobXHCHJiU.pdf', 4920, '2023-09-20 10:50:55', '2023-09-20 10:50:55'),
(88, 'Quod ut et asperiores aut harum a.', 'Inventore repudiandae sint omnis cum. Aperiam molestiae est aliquam placeat. Animi vel qui non nulla et aspernatur mollitia. Assumenda et et reiciendis sit adipisci ab voluptatem quia. Recusandae enim debitis cumque fuga quo. Autem nihil odit quia omnis et nihil. Quidem et aut aliquid nisi distinctio aperiam. Tempora explicabo vitae ad omnis nihil voluptatem quod. Amet recusandae ut consectetur rerum iusto sed ratione. Accusantium excepturi commodi ut repudiandae non eius iusto. Sit voluptatum atque magnam esse temporibus magnam cupiditate omnis. Qui autem quo aut hic. Non sunt vero omnis blanditiis et voluptatibus. Beatae beatae quibusdam nisi molestiae dicta. Est placeat dolor saepe. Velit sint velit rerum qui amet velit libero. Error minima odio quia laboriosam et et. Accusantium quidem iure soluta perferendis non. Porro libero temporibus et velit voluptas repellat earum rerum. A consequatur eum quos quod nesciunt error aperiam. Ut a ratione labore reprehenderit dolorum saepe. Ut asperiores ex unde dolorum non. Excepturi non quos et temporibus. Quia aut fuga temporibus eos. Impedit laboriosam asperiores hic reiciendis et et. Qui quam accusamus hic nobis aut reiciendis nostrum beatae. Officia quae accusamus dolorem ut nostrum. Voluptas rerum consequatur adipisci quis reprehenderit dolor voluptas. Veniam nihil omnis quam modi. Officia et asperiores provident.', 'TsZKYB4QrcfHqdqav3GQaGOPWT1jGURobXHCHJiU.pdf', 22, '2023-09-20 10:50:55', '2023-09-20 10:50:55');
INSERT INTO `noticias` (`id`, `titulo`, `descripcion`, `archivo`, `likes`, `created_at`, `updated_at`) VALUES
(89, 'Ea dolores et ratione.', 'Impedit dolorem cum et iure occaecati laboriosam non. Nihil quasi vel quia recusandae dolorem rerum et. Vel ut voluptatem sed nihil tempore vel nihil aliquam. Quo quis nobis labore facilis. Velit est nesciunt explicabo quae animi eos dolorem. Architecto ipsum aliquid est enim amet reprehenderit odio. Expedita repellat saepe deserunt aut. Dignissimos qui voluptatem sed molestias eos modi. Nemo sapiente voluptas recusandae perferendis non a. Maiores incidunt adipisci voluptatum molestiae eum rerum ut modi. Accusantium eum et nesciunt quas aut debitis autem. Eum recusandae est dolores sit. Officiis quae ipsa exercitationem sint deleniti minima quia. Itaque nihil ea voluptatem tenetur sapiente. Commodi minus consequatur rerum repudiandae mollitia odio cupiditate amet. Error illo ea fugiat enim sed ut. Ut at aliquam consequatur aperiam ut qui molestiae. Voluptas mollitia molestiae et ea. Quaerat mollitia iure cumque facere. Cum quos aliquid minima soluta quo magnam libero. Labore laboriosam necessitatibus et molestias ex quaerat aliquid. Quis beatae voluptatum doloremque nesciunt qui. Qui sed debitis alias soluta iste quaerat. Autem reprehenderit et possimus provident voluptatem nostrum. Sed vel dolorem voluptatem facere. Tempora et inventore ex. Quod quia ea excepturi corrupti. Quia iusto ad distinctio nisi explicabo ab vel. Minima alias veniam vel provident autem. Omnis fugit voluptas doloribus quo quia. Magnam blanditiis labore sed perferendis. Voluptatem molestias numquam voluptatum tempora quaerat repellat eaque. Qui nihil molestiae officiis aut qui iure harum.', 'TsZKYB4QrcfHqdqav3GQaGOPWT1jGURobXHCHJiU.pdf', 798, '2023-09-20 10:50:55', '2023-09-20 10:50:55'),
(90, 'Nisi quas deserunt modi quisquam.', 'Magni rerum velit at iure mollitia architecto. Ullam reprehenderit consequuntur iusto modi debitis. Quod aperiam itaque natus quod facilis aut. Accusantium officia eaque ut quasi. Aperiam molestias qui voluptatum odio minima necessitatibus. Eius nam natus et sint odit rerum sint. Debitis eaque sed sit in cum tenetur exercitationem odio. Est hic odit tempora nesciunt sed porro. Aperiam aliquid est nihil. Et itaque possimus sint voluptates adipisci. Laudantium rerum ut eum impedit non numquam maxime. Exercitationem recusandae reiciendis beatae ut. Consequatur aut officia nesciunt non nihil est natus ea. Doloremque reiciendis assumenda repudiandae velit fugit. Illo repudiandae qui est autem quia deleniti. Quaerat provident est deserunt blanditiis tempore. Dolor illo quasi pariatur rerum. Omnis mollitia consequuntur voluptates accusantium. Voluptatem eum aut laudantium velit. Rerum placeat nisi earum ut maxime sit quia numquam. Rerum totam consequatur atque tenetur autem sunt. Ipsa molestiae molestias totam ea veniam maiores voluptatem in. Rerum similique quo ea optio officia. Vero ad magnam labore possimus. Qui suscipit id soluta. Et et voluptas ducimus quaerat sed eum. Quis suscipit nulla recusandae quo sed dolor laborum. Dolor fugit odio quod. Rerum dicta alias sed consequatur rerum cum et. Voluptates aut numquam sint sint quasi. Tenetur quos incidunt sequi assumenda impedit id est. Aut porro natus accusantium aliquid eum. Facilis error et harum porro et corporis.', 'TsZKYB4QrcfHqdqav3GQaGOPWT1jGURobXHCHJiU.pdf', 3928, '2023-09-20 10:50:55', '2023-09-20 10:50:55'),
(91, 'Accusantium veniam ducimus modi similique soluta.', 'Maxime illum quod molestiae a commodi tempore. Sint qui optio rerum deleniti tempora. Ullam voluptates qui numquam aut. Et id rem similique sint voluptatem dolorum reprehenderit. Accusamus provident aut nisi aut asperiores excepturi. Sed aut aspernatur ab. Non rerum et consequatur iusto illum molestiae. Voluptatem impedit voluptas non nihil totam eius. Id dolorem hic sed. Molestiae et veniam ut. Non dolorem maxime ratione ut et pariatur officia. Itaque quos similique est ipsum neque id autem. Repudiandae consectetur laboriosam consequuntur quos eius quis. Modi est nostrum ut iste consequuntur optio dicta. Maxime maxime officia in et. Possimus accusantium sed delectus cupiditate nostrum. Unde quo laboriosam amet veniam at animi velit. Eius officia ut accusantium quia. Maxime quia culpa id id fuga. Blanditiis dignissimos dolorem ut ab sit. Aut sunt vel ex sint ut et qui. Ipsa temporibus officia itaque labore. Quidem blanditiis reprehenderit suscipit minus facere ab aliquid tenetur. Delectus id dicta sed. Error exercitationem nemo sint. Expedita tempore accusamus reiciendis enim iure sed vel voluptatibus. Iste et est ut tenetur. Odio rerum voluptatem id est. Et voluptas quibusdam modi perferendis quia. Veniam porro quis nam odit at eveniet autem. Eos doloremque occaecati soluta omnis itaque. Architecto perferendis praesentium accusamus odit laboriosam et iure enim. Aperiam accusamus aperiam temporibus quia sequi accusantium quis. Vitae voluptas molestiae est fuga ut facilis labore.', 'TsZKYB4QrcfHqdqav3GQaGOPWT1jGURobXHCHJiU.pdf', 2486, '2023-09-20 10:50:55', '2023-09-20 10:50:55'),
(92, 'Natus esse est distinctio fugit quia consequatur.', 'Qui possimus ut quo consectetur enim praesentium. Et quidem omnis et et culpa quia sed est. Sit sint nostrum et nihil. Asperiores ipsam modi tempore ut dolorum. Facere nisi non consectetur qui. Voluptate ipsa facilis laborum nisi. Hic ut quos sit rerum nihil sint. Aut quaerat molestiae et. Culpa non mollitia animi consectetur nihil. Autem et expedita vero ut ut vel porro. Sapiente ab in voluptatem. Sit magnam et non voluptas. Magni et et consequatur architecto quas eos beatae rerum. Perspiciatis corporis tempore expedita sunt enim. Similique vitae deserunt quam vitae in praesentium facilis. Voluptatem sed esse veniam quam. Et doloribus ut beatae et hic. Quia error et qui libero et laborum praesentium earum. Consequatur eligendi officiis quaerat vel eos non. Qui ipsa deleniti aut non id est iure. Dolores corporis magnam eligendi ipsa unde qui. Accusamus nihil amet quod rerum aut. Repellat sit velit cupiditate itaque minus quibusdam. Libero delectus vel maiores. Pariatur a saepe sed quisquam incidunt eum. Neque sed amet ut ut. Consectetur incidunt repudiandae qui. Alias corrupti sequi quam tempore sequi quo corporis eius. Dolorum accusamus impedit necessitatibus quis et omnis veniam. Officia rem esse qui est. Expedita maxime et ducimus qui voluptatem. Ad sunt sed quam harum in nostrum cum. Aliquam corrupti maiores molestias dolorum quis voluptates accusantium beatae. Voluptatem itaque nihil mollitia velit non minus quos. Et laborum velit et dolorum rerum. Autem molestiae explicabo expedita quo consequatur deserunt. Aut fugiat quia laudantium eum.', 'TsZKYB4QrcfHqdqav3GQaGOPWT1jGURobXHCHJiU.pdf', 1961, '2023-09-20 10:50:55', '2023-09-20 10:50:55'),
(93, 'Id amet et rerum recusandae et tenetur.', 'Est magnam minus veritatis deleniti soluta beatae qui accusantium. Quia omnis asperiores nihil et similique numquam. Et beatae ut corporis iste tenetur. Quod rerum eius aut qui odio labore cum. Sit voluptatem omnis culpa tempora. Porro earum ipsum vero omnis eos aliquam eaque architecto. Labore ab quis velit. Ipsam nulla voluptatem incidunt et. Ut aspernatur est quam maxime. Debitis quae tenetur maxime nobis consequatur molestiae qui. Esse distinctio blanditiis neque et libero tempore ut. Fugiat dicta enim porro earum possimus maxime. Omnis nesciunt quaerat corrupti autem. Enim quos repudiandae distinctio est eum ex voluptas. Et fugiat accusantium veritatis dicta. Animi aut et reiciendis dolorem officia. Magnam quas non iusto voluptatem. Ea qui consectetur consequuntur nobis. Nulla tempore tempore velit dolorum. Est rerum doloribus laudantium odio sed maxime vero. Dolor quasi voluptas et occaecati sapiente. Quidem corrupti repudiandae molestiae nulla adipisci eos expedita. Commodi occaecati est neque praesentium ratione qui. Quaerat vel aut laboriosam tempora. Ratione et cupiditate vel ab sint. Ut tempore labore ut debitis. Tenetur ut autem non id delectus hic est. Incidunt temporibus a inventore nesciunt magni aut nostrum non. Facilis corrupti accusamus accusantium voluptas omnis sed facere. Ab accusantium veritatis aut nesciunt. Qui nulla aut et ut sint. Rerum eius tenetur eum minus illum nihil et. Et at harum quis sunt ut soluta laboriosam. Corporis est vitae non harum. Rerum molestiae ducimus ratione dicta.', 'TsZKYB4QrcfHqdqav3GQaGOPWT1jGURobXHCHJiU.pdf', 3184, '2023-09-20 10:50:55', '2023-09-20 10:50:55'),
(94, 'Placeat nulla reiciendis voluptas nihil.', 'Vitae vitae dolorem in voluptatum dicta. Quo molestiae sed recusandae. Et et ipsum explicabo odit occaecati quaerat iure. In reprehenderit recusandae explicabo cum incidunt. Non qui alias quia quia eius laudantium mollitia. Incidunt velit ipsam iste laborum. Exercitationem corrupti aut et. Provident non velit cupiditate amet. Commodi incidunt rerum esse quia cumque. Qui non et culpa omnis. Maiores ut nihil sunt sint. Sed nam aut nemo at. Voluptates molestiae dolores eaque quia maiores perspiciatis. Non numquam modi minus et. Unde a quo nostrum saepe iste quia doloribus. Natus sequi veritatis ab aperiam cum beatae molestiae. Deleniti quas nemo aut quia molestias itaque ut numquam. Animi quisquam quisquam tenetur unde error aspernatur rerum. Commodi natus veniam quibusdam. Rerum quisquam hic explicabo reiciendis est. Eveniet soluta minus doloremque eum. Labore temporibus nobis eaque et. Est id et officiis minima consequatur. Laborum qui expedita itaque quae itaque quia. Earum delectus nemo quo in eos odit. Nam et sed omnis minus voluptatem. Eum eius fugit eos iure aperiam aspernatur. Debitis culpa aut natus. Rerum eaque occaecati laboriosam quaerat quia quia et dolorem. Ea occaecati quia et ut quis. Velit ullam ullam illum neque. Voluptatem qui veritatis ex harum molestiae culpa debitis architecto. Et non et nisi sed. Aliquam omnis et ad id non aut non. Quia quo repellendus corrupti quos suscipit ut. Aliquam asperiores officia cum at. A sequi odit delectus earum minus neque. Alias est ducimus corrupti quisquam atque quisquam harum. Ex ratione culpa laboriosam eligendi.', 'TsZKYB4QrcfHqdqav3GQaGOPWT1jGURobXHCHJiU.pdf', 2369, '2023-09-20 10:50:55', '2023-09-20 10:50:55'),
(95, 'A sunt voluptatem aut vel.', 'Et enim nulla minima suscipit et quis. Fugit quis perferendis voluptas. Fugit impedit voluptatibus quas illum quas. Exercitationem consequatur non consectetur nam. Et tempore porro atque esse laboriosam illum. Molestiae molestiae eaque optio. Aut voluptate voluptatem natus. Minus ut explicabo sed delectus ut similique temporibus. Non omnis iure officia odit id voluptates molestiae. Asperiores sapiente unde maiores sint tenetur odit. Est voluptas voluptatem quae culpa eos animi. Tempora harum debitis dolores molestiae tempora maiores. Illum ratione quibusdam aliquid. Omnis accusantium quod eum sit. Repudiandae voluptatem nesciunt sunt dolor aut. Aperiam deserunt dolor maiores placeat qui. Harum et tempora corrupti eos minima nesciunt omnis. Quia vero sit voluptatibus. Eaque quia nam quia quae repellat vero reprehenderit et. Vel rerum qui vero veritatis ratione minima. Nulla explicabo ad explicabo quae magni. Libero odit inventore et sint non vero aut. Dignissimos asperiores et aliquid iusto. Voluptates aliquid illum dolores magni ut maiores. Dignissimos illo dolor sed nesciunt in non. Hic sit sint ratione aut officiis. Excepturi velit doloribus voluptas ea temporibus asperiores. Quod quia voluptatem et enim. Optio voluptatum iusto id quia porro. Dignissimos ut magnam consequatur placeat. Incidunt unde voluptas vel earum sequi magnam eligendi. Rem fugiat est velit sed voluptas id sed. Consequatur dolorum consectetur fugit. Eaque accusamus sequi non nobis eaque.', 'TsZKYB4QrcfHqdqav3GQaGOPWT1jGURobXHCHJiU.pdf', 2107, '2023-09-20 10:50:55', '2023-09-20 10:50:55'),
(96, 'Adipisci occaecati modi ab aut hic recusandae aspernatur.', 'Ratione et repudiandae consequatur ipsa qui dicta. Sit similique fuga voluptatem delectus. Itaque consequatur voluptas aut nihil et veniam. Dolor eveniet corporis aut aperiam. Rem eos magnam veritatis repellat et. Quis similique in excepturi ducimus quidem hic id. Excepturi consequatur consequatur vel tempore dolores harum. Voluptas recusandae laboriosam eius voluptatum laudantium nulla. Dicta eum reprehenderit nam et. In rerum sed voluptas reiciendis. Consectetur totam necessitatibus delectus error sunt. Impedit hic cumque molestiae. Excepturi voluptas est voluptatem distinctio voluptatem totam et dolorem. Voluptatibus sunt enim omnis ipsa. Nisi non voluptas dolor iusto officiis qui maxime. Non tenetur omnis temporibus voluptates possimus at dolorum. Minus quibusdam laboriosam et culpa labore. Porro fugit inventore aut sed perspiciatis. Sit quas facilis quae velit voluptatem quia. Ullam et recusandae repellendus qui laborum sed. Aut ipsa vitae eveniet atque minima quos. Dolores omnis molestiae omnis est. Sit est ut eveniet itaque itaque. Voluptates voluptatibus qui sit. Velit perferendis maxime et laboriosam ea aspernatur. Voluptatem aut ex aperiam id sed nobis. Totam exercitationem et temporibus modi qui. Aperiam dolorum accusantium quidem beatae. Et eos voluptates dicta ut aut. Dolorum aut dolores voluptas quod saepe laborum deleniti. Voluptatem nesciunt atque deleniti animi sunt. Nulla sed eveniet eveniet quia. Est exercitationem quo dolorem eum. Est placeat asperiores culpa quasi. Nostrum praesentium et eveniet qui harum odio ut. Quia tempore laborum velit unde aut.', 'TsZKYB4QrcfHqdqav3GQaGOPWT1jGURobXHCHJiU.pdf', 1957, '2023-09-20 10:50:55', '2023-09-20 10:50:55'),
(97, 'Et exercitationem similique officia.', 'Dolorem deserunt saepe numquam odit voluptatem qui. Corrupti quos non a voluptatem qui atque. Repudiandae aliquid dolorem eum tempore modi repellat. Rerum ipsa et optio in ut est quasi. Necessitatibus rerum nihil numquam omnis est. Laudantium accusantium est nulla vitae. Qui iure repellat est ab aut earum. Commodi sed maxime sed accusantium. Assumenda mollitia libero qui facilis doloremque. Quis illo consequatur iusto sequi. In non at perspiciatis repudiandae soluta consequatur voluptas magnam. Ipsum aut alias ipsa ipsa. Iure in magni qui qui porro. Veniam itaque perferendis architecto omnis harum. Neque laudantium a eaque est illum. Eveniet id assumenda qui porro optio quia error. Doloremque et cupiditate est ut dolores. Temporibus sint sit vel vel voluptas. Eaque ad qui et in. Minima doloremque error magni perferendis laudantium in. Eveniet non reprehenderit saepe occaecati non quaerat. Dolorem delectus dolore dolor ut cumque nesciunt. Aut possimus non ut laboriosam cum eos enim. Blanditiis quis aperiam qui suscipit asperiores fuga. Vel quis ut sed ipsa nisi animi. Dolorem aut vel exercitationem quas ea ea eaque. Vel omnis laudantium harum occaecati dignissimos dolores a. Quae commodi qui odit ut ut cum. Adipisci laboriosam a odit itaque rerum. Placeat nesciunt quia explicabo. Et numquam fugiat itaque repudiandae corrupti maxime aut. Blanditiis minima eos adipisci aperiam facere. Eos ea qui ut. Nihil earum quas omnis debitis neque non. Aliquam ipsum autem accusamus.', 'TsZKYB4QrcfHqdqav3GQaGOPWT1jGURobXHCHJiU.pdf', 4209, '2023-09-20 10:50:55', '2023-09-20 10:50:55'),
(98, 'Enim pariatur ea veniam labore recusandae voluptas possimus.', 'Vitae maxime amet maxime quis. Rerum veniam natus nesciunt id quam sequi laudantium modi. Tempora debitis vel ex sint ea corporis quis. Omnis illo cum neque architecto voluptatem quae velit exercitationem. Enim qui ea qui. Non voluptas perferendis et consectetur autem. Nesciunt vel rerum quae ratione expedita debitis doloribus. Quo ut recusandae nihil itaque fugit aliquam. Earum doloribus ipsam et voluptas iste quasi soluta. Accusamus earum reiciendis minima qui tenetur eligendi minima. Doloremque magni repellendus vero velit est qui dolores. Non cumque consequatur excepturi vero ut. Architecto ex consequatur quidem eius eius aut corporis. Officiis enim dolorum minus eius et. Mollitia id molestiae consectetur asperiores illo magni. Explicabo natus eos reprehenderit tenetur ut. Aliquid ut harum aut assumenda dicta quaerat. Ea quos doloremque ut eos omnis tenetur culpa. Ad illum eum sequi architecto est consequatur. Laboriosam culpa et non perspiciatis veritatis. Ut odit sit et et sit. Praesentium praesentium nulla possimus perspiciatis sunt. Iste animi harum incidunt reiciendis possimus necessitatibus. Dolorum repudiandae illum recusandae et ea iste rerum. Voluptatem omnis temporibus qui eaque amet qui sit. Ut ea sit unde nam totam. Quibusdam expedita soluta at nam ut fugit. Accusantium quas et velit itaque autem architecto neque nam. Porro alias sit sed suscipit recusandae perspiciatis possimus. Voluptatem sapiente vitae id mollitia labore placeat aut. Suscipit voluptatum quo quia aut sapiente.', 'TsZKYB4QrcfHqdqav3GQaGOPWT1jGURobXHCHJiU.pdf', 453, '2023-09-20 10:50:55', '2023-09-20 10:50:55'),
(99, 'Quas deserunt asperiores totam vel autem sit.', 'At deleniti ratione sint quas dignissimos suscipit excepturi. Qui natus corrupti molestiae qui dignissimos. Perferendis labore amet dolorem aut aut aspernatur facere. Ut magnam non impedit aliquid incidunt nulla. Ratione vitae tempore numquam quod neque minima. Voluptas qui repellat odio ut. Possimus amet voluptatibus totam quia praesentium ullam molestiae sed. Cumque eum provident praesentium et iusto eaque quia perspiciatis. Qui nulla et et. Aperiam aut quidem aut accusantium. Fugit et nemo voluptatibus asperiores. Facilis facilis tempore quis autem vitae nulla sit culpa. Velit dolorem eaque rerum dignissimos nihil maiores. Et labore voluptas est corporis dolores. Velit blanditiis voluptatem sint quibusdam ex id amet quia. Ipsum hic quis ut corporis nisi rem et. Minima nulla ut cum molestias omnis. Rerum rerum sunt fugiat quia labore doloremque. Qui consectetur quo quae perferendis. Qui error enim sint sit praesentium dolorem dolor. Et quidem officia aut ad occaecati. Qui nam illum libero hic et sequi. Alias consequatur saepe consequuntur ut quo. Aut minima est aperiam ab qui ratione iste. Ut eos et asperiores facere veniam vitae beatae. Asperiores cumque repudiandae rerum. Non minus est dolor delectus delectus repellat ullam amet. Atque perferendis non magnam. Nihil ut molestiae quia fuga. Aliquam dignissimos alias voluptatem autem porro dolore. Asperiores placeat est ipsa. Et ipsum dolore doloribus ut. Sit molestias consequatur quo sit. Similique nemo exercitationem non.', 'TsZKYB4QrcfHqdqav3GQaGOPWT1jGURobXHCHJiU.pdf', 3884, '2023-09-20 10:50:55', '2023-09-20 10:50:55'),
(100, 'Quia voluptatem dolorum dolores accusantium.', 'Illo neque non non. Mollitia ratione saepe nihil. Sed harum tempora rerum nesciunt eligendi sit. Et nihil nihil quisquam architecto aut voluptatem consequuntur. Sit commodi neque ut similique minima natus. Voluptate harum nemo laudantium perspiciatis sit aut. Eaque quibusdam ab facere. Voluptatem ipsum harum sint aut eos. Hic repudiandae a dolorum blanditiis eum. Eligendi amet ullam accusamus illum exercitationem laboriosam. Et maiores sit soluta voluptatem corrupti. Inventore reprehenderit voluptatum laudantium aut voluptate. Et sint quam suscipit et. Nulla est assumenda officia consequuntur ullam laborum. Officiis et sit soluta ea illum quia. Omnis similique quia dicta aut sed autem. Itaque vero assumenda pariatur ducimus eum velit voluptatem. Occaecati dignissimos quia et atque reiciendis vel. Officia eos consequatur laudantium et consequatur. Ullam et velit aut quae. Eum similique facilis tempore sed hic. Quia et illum et ea est soluta. Amet quaerat aut laboriosam mollitia aperiam doloremque magni quo. Rerum ex rerum incidunt excepturi eos amet. Rerum iure excepturi quam aperiam vel qui nisi. A quia omnis qui cumque. Rerum vitae sit veniam dolores vero tempora itaque. Libero non commodi repellendus id optio. Dolorum adipisci beatae sed qui quia quae eum. Quis repellat consectetur labore velit qui. Delectus ad odio reiciendis. Quod qui provident libero non. Aut totam et est iste. Aut consequatur eos est qui rerum laborum. Praesentium et aut voluptatem autem. Repudiandae consequatur debitis est assumenda odio quis impedit.', 'TsZKYB4QrcfHqdqav3GQaGOPWT1jGURobXHCHJiU.pdf', 2369, '2023-09-20 10:50:55', '2023-09-20 10:50:55');

-- --------------------------------------------------------

--
-- Estructura de tabla para la tabla `noticias_tipos`
--

CREATE TABLE `noticias_tipos` (
  `id` bigint(20) UNSIGNED NOT NULL,
  `tipo_usuario_id` bigint(20) UNSIGNED NOT NULL,
  `noticia_id` bigint(20) UNSIGNED NOT NULL,
  `created_at` timestamp NULL DEFAULT NULL,
  `updated_at` timestamp NULL DEFAULT NULL
) ENGINE=InnoDB DEFAULT CHARSET=utf8mb4 COLLATE=utf8mb4_unicode_ci;

--
-- Volcado de datos para la tabla `noticias_tipos`
--

INSERT INTO `noticias_tipos` (`id`, `tipo_usuario_id`, `noticia_id`, `created_at`, `updated_at`) VALUES
(1, 2, 2, '2023-09-20 10:50:55', '2023-09-20 10:50:55'),
(2, 1, 60, '2023-09-20 10:50:55', '2023-09-20 10:50:55'),
(3, 3, 75, '2023-09-20 10:50:55', '2023-09-20 10:50:55'),
(4, 2, 31, '2023-09-20 10:50:55', '2023-09-20 10:50:55'),
(5, 1, 68, '2023-09-20 10:50:55', '2023-09-20 10:50:55'),
(6, 1, 52, '2023-09-20 10:50:55', '2023-09-20 10:50:55'),
(7, 1, 91, '2023-09-20 10:50:55', '2023-09-20 10:50:55'),
(8, 3, 76, '2023-09-20 10:50:55', '2023-09-20 10:50:55'),
(9, 2, 38, '2023-09-20 10:50:55', '2023-09-20 10:50:55'),
(10, 1, 61, '2023-09-20 10:50:55', '2023-09-20 10:50:55'),
(11, 1, 72, '2023-09-20 10:50:55', '2023-09-20 10:50:55'),
(12, 3, 89, '2023-09-20 10:50:55', '2023-09-20 10:50:55'),
(13, 2, 92, '2023-09-20 10:50:55', '2023-09-20 10:50:55'),
(14, 1, 51, '2023-09-20 10:50:55', '2023-09-20 10:50:55'),
(15, 2, 17, '2023-09-20 10:50:55', '2023-09-20 10:50:55'),
(16, 1, 32, '2023-09-20 10:50:55', '2023-09-20 10:50:55'),
(17, 3, 19, '2023-09-20 10:50:55', '2023-09-20 10:50:55'),
(18, 1, 94, '2023-09-20 10:50:55', '2023-09-20 10:50:55'),
(19, 2, 3, '2023-09-20 10:50:55', '2023-09-20 10:50:55'),
(20, 2, 18, '2023-09-20 10:50:55', '2023-09-20 10:50:55'),
(21, 2, 21, '2023-09-20 10:50:55', '2023-09-20 10:50:55'),
(22, 3, 8, '2023-09-20 10:50:55', '2023-09-20 10:50:55'),
(23, 2, 71, '2023-09-20 10:50:55', '2023-09-20 10:50:55'),
(24, 3, 8, '2023-09-20 10:50:55', '2023-09-20 10:50:55'),
(25, 3, 30, '2023-09-20 10:50:55', '2023-09-20 10:50:55'),
(26, 2, 36, '2023-09-20 10:50:55', '2023-09-20 10:50:55'),
(27, 1, 53, '2023-09-20 10:50:55', '2023-09-20 10:50:55'),
(28, 1, 63, '2023-09-20 10:50:55', '2023-09-20 10:50:55'),
(29, 2, 41, '2023-09-20 10:50:55', '2023-09-20 10:50:55'),
(30, 2, 4, '2023-09-20 10:50:55', '2023-09-20 10:50:55'),
(31, 3, 63, '2023-09-20 10:50:55', '2023-09-20 10:50:55'),
(32, 1, 97, '2023-09-20 10:50:55', '2023-09-20 10:50:55'),
(33, 1, 71, '2023-09-20 10:50:55', '2023-09-20 10:50:55'),
(34, 3, 86, '2023-09-20 10:50:55', '2023-09-20 10:50:55'),
(35, 1, 95, '2023-09-20 10:50:55', '2023-09-20 10:50:55'),
(36, 2, 40, '2023-09-20 10:50:55', '2023-09-20 10:50:55'),
(37, 3, 65, '2023-09-20 10:50:55', '2023-09-20 10:50:55'),
(38, 3, 39, '2023-09-20 10:50:55', '2023-09-20 10:50:55'),
(39, 1, 30, '2023-09-20 10:50:55', '2023-09-20 10:50:55'),
(40, 3, 27, '2023-09-20 10:50:55', '2023-09-20 10:50:55'),
(41, 2, 12, '2023-09-20 10:50:55', '2023-09-20 10:50:55'),
(42, 1, 22, '2023-09-20 10:50:55', '2023-09-20 10:50:55'),
(43, 3, 52, '2023-09-20 10:50:55', '2023-09-20 10:50:55'),
(44, 2, 21, '2023-09-20 10:50:55', '2023-09-20 10:50:55'),
(45, 1, 93, '2023-09-20 10:50:55', '2023-09-20 10:50:55'),
(46, 1, 86, '2023-09-20 10:50:55', '2023-09-20 10:50:55'),
(47, 1, 44, '2023-09-20 10:50:55', '2023-09-20 10:50:55'),
(48, 3, 92, '2023-09-20 10:50:55', '2023-09-20 10:50:55'),
(49, 1, 51, '2023-09-20 10:50:55', '2023-09-20 10:50:55'),
(50, 3, 33, '2023-09-20 10:50:55', '2023-09-20 10:50:55'),
(51, 2, 31, '2023-09-20 10:50:55', '2023-09-20 10:50:55'),
(52, 1, 24, '2023-09-20 10:50:55', '2023-09-20 10:50:55'),
(53, 2, 27, '2023-09-20 10:50:55', '2023-09-20 10:50:55'),
(54, 2, 81, '2023-09-20 10:50:55', '2023-09-20 10:50:55'),
(55, 3, 17, '2023-09-20 10:50:55', '2023-09-20 10:50:55'),
(56, 3, 74, '2023-09-20 10:50:55', '2023-09-20 10:50:55'),
(57, 3, 58, '2023-09-20 10:50:55', '2023-09-20 10:50:55'),
(58, 2, 16, '2023-09-20 10:50:55', '2023-09-20 10:50:55'),
(59, 1, 5, '2023-09-20 10:50:55', '2023-09-20 10:50:55'),
(60, 3, 94, '2023-09-20 10:50:55', '2023-09-20 10:50:55'),
(61, 2, 68, '2023-09-20 10:50:55', '2023-09-20 10:50:55'),
(62, 2, 25, '2023-09-20 10:50:55', '2023-09-20 10:50:55'),
(63, 1, 94, '2023-09-20 10:50:55', '2023-09-20 10:50:55'),
(64, 3, 3, '2023-09-20 10:50:55', '2023-09-20 10:50:55'),
(65, 2, 55, '2023-09-20 10:50:55', '2023-09-20 10:50:55'),
(66, 2, 38, '2023-09-20 10:50:55', '2023-09-20 10:50:55'),
(67, 1, 26, '2023-09-20 10:50:55', '2023-09-20 10:50:55'),
(68, 2, 98, '2023-09-20 10:50:55', '2023-09-20 10:50:55'),
(69, 2, 67, '2023-09-20 10:50:55', '2023-09-20 10:50:55'),
(70, 1, 41, '2023-09-20 10:50:55', '2023-09-20 10:50:55'),
(71, 1, 35, '2023-09-20 10:50:55', '2023-09-20 10:50:55'),
(72, 3, 40, '2023-09-20 10:50:55', '2023-09-20 10:50:55'),
(73, 1, 3, '2023-09-20 10:50:55', '2023-09-20 10:50:55'),
(74, 3, 77, '2023-09-20 10:50:55', '2023-09-20 10:50:55'),
(75, 1, 6, '2023-09-20 10:50:55', '2023-09-20 10:50:55'),
(76, 3, 24, '2023-09-20 10:50:55', '2023-09-20 10:50:55'),
(77, 3, 68, '2023-09-20 10:50:55', '2023-09-20 10:50:55'),
(78, 1, 90, '2023-09-20 10:50:55', '2023-09-20 10:50:55'),
(79, 2, 6, '2023-09-20 10:50:55', '2023-09-20 10:50:55'),
(80, 3, 5, '2023-09-20 10:50:55', '2023-09-20 10:50:55'),
(81, 2, 88, '2023-09-20 10:50:55', '2023-09-20 10:50:55'),
(82, 3, 46, '2023-09-20 10:50:55', '2023-09-20 10:50:55'),
(83, 2, 62, '2023-09-20 10:50:55', '2023-09-20 10:50:55'),
(84, 3, 88, '2023-09-20 10:50:55', '2023-09-20 10:50:55'),
(85, 3, 31, '2023-09-20 10:50:55', '2023-09-20 10:50:55'),
(86, 1, 13, '2023-09-20 10:50:55', '2023-09-20 10:50:55'),
(87, 2, 26, '2023-09-20 10:50:55', '2023-09-20 10:50:55'),
(88, 1, 47, '2023-09-20 10:50:55', '2023-09-20 10:50:55'),
(89, 1, 98, '2023-09-20 10:50:55', '2023-09-20 10:50:55'),
(90, 3, 98, '2023-09-20 10:50:55', '2023-09-20 10:50:55'),
(91, 3, 39, '2023-09-20 10:50:55', '2023-09-20 10:50:55'),
(92, 1, 88, '2023-09-20 10:50:55', '2023-09-20 10:50:55'),
(93, 1, 87, '2023-09-20 10:50:55', '2023-09-20 10:50:55'),
(94, 3, 6, '2023-09-20 10:50:55', '2023-09-20 10:50:55'),
(95, 2, 82, '2023-09-20 10:50:55', '2023-09-20 10:50:55'),
(96, 1, 63, '2023-09-20 10:50:55', '2023-09-20 10:50:55'),
(97, 3, 27, '2023-09-20 10:50:55', '2023-09-20 10:50:55'),
(98, 1, 55, '2023-09-20 10:50:55', '2023-09-20 10:50:55'),
(99, 1, 5, '2023-09-20 10:50:55', '2023-09-20 10:50:55'),
(100, 3, 58, '2023-09-20 10:50:55', '2023-09-20 10:50:55');

-- --------------------------------------------------------

--
-- Estructura de tabla para la tabla `password_reset_tokens`
--

CREATE TABLE `password_reset_tokens` (
  `email` varchar(255) NOT NULL,
  `token` varchar(255) NOT NULL,
  `created_at` timestamp NULL DEFAULT NULL
) ENGINE=InnoDB DEFAULT CHARSET=utf8mb4 COLLATE=utf8mb4_unicode_ci;

-- --------------------------------------------------------

--
-- Estructura de tabla para la tabla `permisos`
--

CREATE TABLE `permisos` (
  `id` bigint(20) UNSIGNED NOT NULL,
  `tipo_permiso` varchar(255) NOT NULL,
  `created_at` timestamp NULL DEFAULT NULL,
  `updated_at` timestamp NULL DEFAULT NULL
) ENGINE=InnoDB DEFAULT CHARSET=utf8mb4 COLLATE=utf8mb4_unicode_ci;

--
-- Volcado de datos para la tabla `permisos`
--

INSERT INTO `permisos` (`id`, `tipo_permiso`, `created_at`, `updated_at`) VALUES
(1, 'noticias', '2023-09-20 10:50:55', '2023-09-20 10:50:55'),
(2, 'preguntas_frecuentes', '2023-09-20 10:50:55', '2023-09-20 10:50:55'),
(3, 'mesa_de_ayuda', '2023-09-20 10:50:55', '2023-09-20 10:50:55');

-- --------------------------------------------------------

--
-- Estructura de tabla para la tabla `permisos_usuarios`
--

CREATE TABLE `permisos_usuarios` (
  `id` bigint(20) UNSIGNED NOT NULL,
  `permiso_id` bigint(20) UNSIGNED NOT NULL,
  `user_id` bigint(20) UNSIGNED NOT NULL,
  `created_at` timestamp NULL DEFAULT NULL,
  `updated_at` timestamp NULL DEFAULT NULL
) ENGINE=InnoDB DEFAULT CHARSET=utf8mb4 COLLATE=utf8mb4_unicode_ci;

--
-- Volcado de datos para la tabla `permisos_usuarios`
--

INSERT INTO `permisos_usuarios` (`id`, `permiso_id`, `user_id`, `created_at`, `updated_at`) VALUES
(1, 3, 7, '2023-09-20 10:52:07', '2023-09-20 10:52:07'),
(3, 2, 11, '2023-09-20 10:52:07', '2023-09-20 10:52:07'),
(4, 1, 11, '2023-09-20 10:52:07', '2023-09-20 10:52:07'),
(5, 3, 14, '2023-09-20 10:52:07', '2023-09-20 10:52:07'),
(6, 2, 4, '2023-09-20 10:52:07', '2023-09-20 10:52:07'),
(7, 3, 2, '2023-09-20 10:52:07', '2023-09-20 10:52:07'),
(8, 1, 10, '2023-09-20 10:52:07', '2023-09-20 10:52:07'),
(9, 3, 11, '2023-09-20 10:52:07', '2023-09-20 10:52:07'),
(10, 3, 10, '2023-09-20 10:52:07', '2023-09-20 10:52:07'),
(15, 1, 1, '2023-09-21 08:52:54', '2023-09-21 08:52:54'),
(16, 3, 1, '2023-09-21 08:52:54', '2023-09-21 08:52:54'),
(19, 1, 12, '2023-09-21 22:49:24', '2023-09-21 22:49:24'),
(24, 1, 5, '2023-09-22 21:48:09', '2023-09-22 21:48:09'),
(25, 2, 5, '2023-09-22 21:48:09', '2023-09-22 21:48:09'),
(26, 3, 5, '2023-09-22 21:48:09', '2023-09-22 21:48:09'),
(35, 1, 120, '2023-09-23 12:58:08', '2023-09-23 12:58:08');

-- --------------------------------------------------------

--
-- Estructura de tabla para la tabla `personal_access_tokens`
--

CREATE TABLE `personal_access_tokens` (
  `id` bigint(20) UNSIGNED NOT NULL,
  `tokenable_type` varchar(255) NOT NULL,
  `tokenable_id` bigint(20) UNSIGNED NOT NULL,
  `name` varchar(255) NOT NULL,
  `token` varchar(64) NOT NULL,
  `abilities` text DEFAULT NULL,
  `last_used_at` timestamp NULL DEFAULT NULL,
  `expires_at` timestamp NULL DEFAULT NULL,
  `created_at` timestamp NULL DEFAULT NULL,
  `updated_at` timestamp NULL DEFAULT NULL
) ENGINE=InnoDB DEFAULT CHARSET=utf8mb4 COLLATE=utf8mb4_unicode_ci;

--
-- Volcado de datos para la tabla `personal_access_tokens`
--

INSERT INTO `personal_access_tokens` (`id`, `tokenable_type`, `tokenable_id`, `name`, `token`, `abilities`, `last_used_at`, `expires_at`, `created_at`, `updated_at`) VALUES
(1, 'App\\Models\\Administrador', 20201578009, 'jptolozac@udistrital.edu.co', '3b3455744544a3742aca0a5479f8cd8eb4d7d798ecfb19f6f16b31bc0f4d6dc8', '[\"*\"]', '2023-09-20 11:14:09', NULL, '2023-09-20 10:54:00', '2023-09-20 11:14:09'),
(2, 'App\\Models\\Administrador', 20201578009, 'jptolozac@udistrital.edu.co', '59a7f64f5bb566025291d67443e7f4f8fec2d8f8ef710d97ee0ee8333bf1c424', '[\"*\"]', '2023-09-20 20:11:43', NULL, '2023-09-20 19:01:08', '2023-09-20 20:11:43'),
(3, 'App\\Models\\Administrador', 20201578009, 'jptolozac@udistrital.edu.co', 'b5d4673ddae2d0eb9fce2494708fa42f8772370c2a5018df4f232a9b8e31ccca', '[\"*\"]', '2023-09-20 21:23:07', NULL, '2023-09-20 19:15:20', '2023-09-20 21:23:07'),
(4, 'App\\Models\\Administrador', 20201578009, 'jptolozac@udistrital.edu.co', '0da53a9e85af302ba9b91e580f3e424ed21cc4bcb9c4be2ba23d3e39c22af5da', '[\"*\"]', '2023-09-26 07:54:11', NULL, '2023-09-20 20:11:53', '2023-09-26 07:54:11'),
(5, 'App\\Models\\User', 4, 'vschamberger@example.net', '13178929aba0b87abb89e7af731fb25229f6174b6dfaee8611552800d5c3b6ae', '[\"*\"]', '2023-09-21 05:49:32', NULL, '2023-09-20 21:17:16', '2023-09-21 05:49:32'),
(6, 'App\\Models\\User', 19, 'juliana04@example.net', 'eadbf9b4a72fedd81c78ae54e50aa562e9fe679b0f4cd60ad90545e9d7fc14d1', '[\"*\"]', '2023-09-20 21:31:26', NULL, '2023-09-20 21:27:37', '2023-09-20 21:31:26'),
(7, 'App\\Models\\Administrador', 20201578009, 'jptolozac@udistrital.edu.co', 'a7b5e4c075ef67799aada40fa262703dabb133ff5291f86dbe7d0e1ea2eaeff8', '[\"*\"]', '2023-09-20 21:28:41', NULL, '2023-09-20 21:28:12', '2023-09-20 21:28:41'),
(8, 'App\\Models\\User', 19, 'juliana04@example.net', 'ce3e889af713a4bb0e7ab8968c43cfabaa29b91d105d48f33dcec3b2ff2c733b', '[\"*\"]', '2023-09-20 21:31:46', NULL, '2023-09-20 21:31:45', '2023-09-20 21:31:46'),
(9, 'App\\Models\\User', 19, 'juliana04@example.net', '9c331fee9aa86d18b8b231c442f6ee8bbc8ab84e71d9fbccaf4546d54df9fe2a', '[\"*\"]', '2023-09-20 21:32:33', NULL, '2023-09-20 21:32:26', '2023-09-20 21:32:33'),
(10, 'App\\Models\\User', 19, 'juliana04@example.net', '3609eaf47b913bf48494354b33b6336f8d9c16613c3b9020b737826f8645123f', '[\"*\"]', '2023-09-20 21:38:59', NULL, '2023-09-20 21:36:15', '2023-09-20 21:38:59'),
(11, 'App\\Models\\User', 19, 'juliana04@example.net', '31f7cbf1d1eaed7c614ea9e1dfb2ee855c5a134115ddcf35b4c2014d593847b4', '[\"*\"]', '2023-09-20 21:39:19', NULL, '2023-09-20 21:39:16', '2023-09-20 21:39:19'),
(12, 'App\\Models\\Administrador', 20201578009, 'jptolozac@udistrital.edu.co', '3eb34ce7da2a79e4b9d1fbba62d4a5dbd87b2210a489b3dddd9f4b84056babe3', '[\"*\"]', '2023-09-21 08:24:11', NULL, '2023-09-20 21:40:37', '2023-09-21 08:24:11'),
(13, 'App\\Models\\Administrador', 20201578009, 'jptolozac@udistrital.edu.co', 'f5ae856df3375f7afac49f4771657ff10b99b13647b4d4f443fdbb81c557244c', '[\"*\"]', NULL, NULL, '2023-09-20 22:52:59', '2023-09-20 22:52:59'),
(14, 'App\\Models\\Administrador', 20201578009, 'jptolozac@udistrital.edu.co', '4f75928621041cfecb2cf6ebcabc32ef8e8e5dfa742bc51741152ef729a18f68', '[\"*\"]', '2023-09-21 04:30:10', NULL, '2023-09-21 04:24:01', '2023-09-21 04:30:10'),
(15, 'App\\Models\\User', 1, 'freddy38@example.prueba', '26687385be174715cd7f37d226657880d6165d1fe4920e8de6da06436b597e4d', '[\"*\"]', '2023-09-21 08:53:18', NULL, '2023-09-21 08:53:06', '2023-09-21 08:53:18'),
(16, 'App\\Models\\User', 1, 'freddy38@example.prueba', 'da65a0eca2c9298f86062e13389ad698661c87e22fd3e3f7c287f094e640d6c2', '[\"*\"]', '2023-09-21 09:01:41', NULL, '2023-09-21 08:59:36', '2023-09-21 09:01:41'),
(17, 'App\\Models\\User', 7, 'luella78@example.com', '65f4d552a76ca083deb586d13d62387614a46d6f5290939a66332b92d015098e', '[\"*\"]', '2023-09-21 17:49:44', NULL, '2023-09-21 17:47:37', '2023-09-21 17:49:44'),
(18, 'App\\Models\\Administrador', 20201578009, 'jptolozac@udistrital.edu.co', '72706798f15cb238d20de5958197018356e6e0b709fb2a4e4ee9f6cb9942172d', '[\"*\"]', '2023-09-21 17:51:51', NULL, '2023-09-21 17:50:18', '2023-09-21 17:51:51'),
(19, 'App\\Models\\User', 7, 'luella78@example.com', 'd24f990c8266fc40ee5a9c3e47c532102bf8dc25b4506c3bb47358546fdf40dc', '[\"*\"]', '2023-09-21 17:52:16', NULL, '2023-09-21 17:52:16', '2023-09-21 17:52:16'),
(20, 'App\\Models\\User', 7, 'luella78@example.com', 'cadda38e5e2428cff7c417423b1eee1faabaef2dda7be74047473186ec40d0a1', '[\"*\"]', '2023-09-21 17:57:50', NULL, '2023-09-21 17:54:47', '2023-09-21 17:57:50'),
(21, 'App\\Models\\Administrador', 20201578009, 'jptolozac@udistrital.edu.co', '138b85558cfc02d13cf932a7379dbacfbac6737a44d58f7cf9a298846e2590b9', '[\"*\"]', '2023-09-21 17:59:55', NULL, '2023-09-21 17:58:23', '2023-09-21 17:59:55'),
(22, 'App\\Models\\User', 7, 'luella78@example.com', 'ffc2a3c0c12011ba867ebaef4721e33e9ec80a29e36d5480a0207067613848ba', '[\"*\"]', '2023-09-21 18:04:34', NULL, '2023-09-21 18:01:50', '2023-09-21 18:04:34'),
(23, 'App\\Models\\Administrador', 20201578009, 'jptolozac@udistrital.edu.co', 'f1d9b236579fb757a19239d9fc04a0c3bdb5f5a959e40099c9ec880c214120ec', '[\"*\"]', '2023-09-21 18:06:42', NULL, '2023-09-21 18:05:02', '2023-09-21 18:06:42'),
(24, 'App\\Models\\Administrador', 20201578009, 'jptolozac@udistrital.edu.co', 'df3cb8b4cf0e8faa374fa4c24c4d6063e71b65731994ea89ed5e23ad07b05ccb', '[\"*\"]', '2023-09-21 23:50:23', NULL, '2023-09-21 22:34:57', '2023-09-21 23:50:23'),
(25, 'App\\Models\\User', 8, 'nikolaus.kristin@example.com', 'a9ecc08cc0bfd1a5dcdc03d219807cba916d65c5d9b657d07a48da8004512a2f', '[\"*\"]', '2023-09-21 22:48:37', NULL, '2023-09-21 22:48:36', '2023-09-21 22:48:37'),
(26, 'App\\Models\\User', 12, 'stella97@example.org', '935575c3c162d6f9195d3d36a2ac4112b54dbec409011216ec1010a4c62bf602', '[\"*\"]', '2023-09-21 22:49:36', NULL, '2023-09-21 22:49:36', '2023-09-21 22:49:36'),
(27, 'App\\Models\\Administrador', 20201578009, 'jptolozac@udistrital.edu.co', '2c1067e59a81994b7b7c089b07b0ba7aecb5ac74c7eb699db25d93ab12b6966e', '[\"*\"]', '2023-09-21 23:50:33', NULL, '2023-09-21 23:50:31', '2023-09-21 23:50:33'),
(28, 'App\\Models\\Administrador', 20201578009, 'jptolozac@udistrital.edu.co', '02feb15a32ef0eb67cccb3ddfae6ffa6a0527e6d4b6ac102441badaa1e071ec8', '[\"*\"]', '2023-09-22 00:48:39', NULL, '2023-09-22 00:46:22', '2023-09-22 00:48:39'),
(29, 'App\\Models\\User', 18, 'claud.ward@example.org', '4465d9436a6fe02e10d964c77c8a26154ac30a46f86b26b26acaa286f2048342', '[\"*\"]', '2023-09-22 00:51:58', NULL, '2023-09-22 00:50:28', '2023-09-22 00:51:58'),
(30, 'App\\Models\\Administrador', 20201578009, 'jptolozac@udistrital.edu.co', 'de57e0882515a23ab68beb237dc1f3050ba477359228f04047f76b5be60031db', '[\"*\"]', '2023-09-22 00:54:03', NULL, '2023-09-22 00:52:03', '2023-09-22 00:54:03'),
(31, 'App\\Models\\Administrador', 20201578009, 'jptolozac@udistrital.edu.co', '3bca3094ec4cc273399b62e9aa352fa7f1050b609eb39706eadde4f805083443', '[\"*\"]', '2023-09-23 09:13:49', NULL, '2023-09-22 21:36:18', '2023-09-23 09:13:49'),
(32, 'App\\Models\\User', 5, 'spinka.gilda@example.net', 'd64f5b8f687c9c4a14d565d373ca6cfbe942a80eafa68914b334abbf19fe62d7', '[\"*\"]', '2023-09-22 21:47:10', NULL, '2023-09-22 21:45:54', '2023-09-22 21:47:10'),
(33, 'App\\Models\\User', 5, 'spinka.gilda@example.net', '4b6122f17cbf6f83e9809d3247aa43c332f08c379ac25a264ff618031af066b0', '[\"*\"]', '2023-09-22 21:47:24', NULL, '2023-09-22 21:47:24', '2023-09-22 21:47:24'),
(34, 'App\\Models\\User', 5, 'spinka.gilda@example.net', '588f7496c5310537804a1da7151cc17171da55e6117baf2264d8273581e73c30', '[\"*\"]', '2023-09-22 21:50:39', NULL, '2023-09-22 21:48:27', '2023-09-22 21:50:39'),
(35, 'App\\Models\\User', 5, 'spinka.gilda@example.net', 'a3e68f905211b8088575f25ec83ac444fc0a1a30666a7078c078607ce682cb05', '[\"*\"]', '2023-09-22 22:18:28', NULL, '2023-09-22 22:18:25', '2023-09-22 22:18:28'),
(36, 'App\\Models\\Administrador', 20201578009, 'jptolozac@udistrital.edu.co', '4fbae0eb177db4f51b00d67bc59ace44bd1eab8372d422e881e22f558f278208', '[\"*\"]', '2023-09-23 05:41:46', NULL, '2023-09-23 05:41:38', '2023-09-23 05:41:46'),
(37, 'App\\Models\\User', 23, 'maria@example.com', '49e6b298171c01d08f1196a08892a6fa54aeadcf733d3be89941cae79adb55d1', '[\"*\"]', '2023-09-23 08:57:31', NULL, '2023-09-23 08:56:59', '2023-09-23 08:57:31'),
(38, 'App\\Models\\User', 23, 'maria@example.com', 'a3513b7fea296cd91f903464e450719af85cb81e37de622e2cd20ac654a60f3d', '[\"*\"]', '2023-09-23 09:05:56', NULL, '2023-09-23 08:57:40', '2023-09-23 09:05:56'),
(39, 'App\\Models\\Administrador', 20201578009, 'jptolozac@udistrital.edu.co', '5ea1f4628883c0d7426e76c30888704eb1d1a4194ab72e7d0e1df74dfc528426', '[\"*\"]', '2023-09-23 09:17:15', NULL, '2023-09-23 09:17:12', '2023-09-23 09:17:15'),
(40, 'App\\Models\\Administrador', 20201578009, 'jptolozac@udistrital.edu.co', 'ae56c982d986c4d001b34fe1e4b116a607cf1cd90af06b2693297c5f87767a64', '[\"*\"]', '2023-09-23 11:11:14', NULL, '2023-09-23 09:17:30', '2023-09-23 11:11:14'),
(41, 'App\\Models\\User', 8, 'nikolaus.kristin@example.com', '7384f7441ccffb3f9fa0215c38139da39b32c0c4a63a4aa57343ac479f2d7043', '[\"*\"]', '2023-09-23 09:20:43', NULL, '2023-09-23 09:20:41', '2023-09-23 09:20:43'),
(42, 'App\\Models\\User', 8, 'nikolaus.kristin@example.com', 'f338c189724f0adb198ec33b510add282a7518881c3fb2c4a16b814e43787c8e', '[\"*\"]', '2023-09-23 09:20:58', NULL, '2023-09-23 09:20:58', '2023-09-23 09:20:58'),
(43, 'App\\Models\\User', 8, 'nikolaus.kristin@example.com', '6bf85a4dd5b7850fb9a0e2c21ed5fc27172b3d82bdc2eda3bf4d4d1dd6ef1a5d', '[\"*\"]', '2023-09-23 09:27:39', NULL, '2023-09-23 09:21:12', '2023-09-23 09:27:39'),
(44, 'App\\Models\\Administrador', 20201578009, 'jptolozac@udistrital.edu.co', '61d937b761cea47a87ccc895f5aea511c59a4bb4c6b1e45b65aa977468edff5d', '[\"*\"]', '2023-09-23 11:15:05', NULL, '2023-09-23 11:13:50', '2023-09-23 11:15:05'),
(45, 'App\\Models\\Administrador', 20201578009, 'jptolozac@udistrital.edu.co', 'a7980fff9e0bf4b7c741d5482c0dd6fc14ddc31456c37052f17f2a6c73b78228', '[\"*\"]', '2023-09-23 11:29:21', NULL, '2023-09-23 11:19:34', '2023-09-23 11:29:21'),
(46, 'App\\Models\\Administrador', 20201578009, 'jptolozac@udistrital.edu.co', 'a43b6d2538c54785b8a10ac7585d34905b6372ce7d654dd0230be8a8eb0ae540', '[\"*\"]', '2023-09-23 12:29:56', NULL, '2023-09-23 11:29:30', '2023-09-23 12:29:56'),
(47, 'App\\Models\\Administrador', 20, 'nikolaus.kristin@example.com', '9ca960c323d887fc1a8f54846e83340dda89567a035f0c7f85974b8e8f4ca762', '[\"*\"]', '2023-09-23 12:01:31', NULL, '2023-09-23 12:01:28', '2023-09-23 12:01:31'),
(48, 'App\\Models\\Administrador', 8, 'nikolaus.kristin@example.com', '19f0ca8622886f170b2bb711e0a399ca71b476d143eed15c3bf906ccd2212364', '[\"*\"]', '2023-09-23 12:08:33', NULL, '2023-09-23 12:08:30', '2023-09-23 12:08:33'),
(49, 'App\\Models\\User', 8, 'nikolaus.kristin@example.com', '190cbca263dce60371395fa3e0a73b6d5558ff816d2eabd643f28d6b490708eb', '[\"*\"]', '2023-09-23 12:09:23', NULL, '2023-09-23 12:09:17', '2023-09-23 12:09:23'),
(50, 'App\\Models\\Administrador', 8, 'nikolaus.kristin@example.com', '9d70a4cdd8a92a5cb5347c7d7418e04509ebcd7483312d9554f40471e3f424b0', '[\"*\"]', '2023-09-23 12:10:13', NULL, '2023-09-23 12:10:11', '2023-09-23 12:10:13'),
(51, 'App\\Models\\User', 8, 'nikolaus.kristin@example.com', 'b43ae04d96a680b4443c863ed266e4c97ffca3b31dd00af4781e2dca748d7d8f', '[\"*\"]', '2023-09-23 12:10:44', NULL, '2023-09-23 12:10:44', '2023-09-23 12:10:44'),
(52, 'App\\Models\\Administrador', 20201578009, 'jptolozac@udistrital.edu.co', '9b705e08fdc545a88bd0bf79c182aa3ee34656986b851da1a6ce4d7f3b6ace64', '[\"*\"]', '2023-09-23 12:33:27', NULL, '2023-09-23 12:33:16', '2023-09-23 12:33:27'),
(53, 'App\\Models\\Administrador', 20201578009, 'jptolozac@udistrital.edu.co', 'f1fd203cd0d1a42e3200380653797b2482e94ae61d12de4d64d8ddc4f1a67339', '[\"*\"]', '2023-09-23 12:35:25', NULL, '2023-09-23 12:35:22', '2023-09-23 12:35:25'),
(54, 'App\\Models\\Administrador', 20201578009, 'jptolozac@udistrital.edu.co', '566db295e924d219b1801c8650aa94f9616183b0fd043485ff394aabda0ddff3', '[\"*\"]', '2023-09-23 12:35:42', NULL, '2023-09-23 12:35:39', '2023-09-23 12:35:42'),
(55, 'App\\Models\\Administrador', 20201578009, 'jptolozac@udistrital.edu.co', '5dcbbd270b5530d1452b94b3b455278b33581d67b3bba064ce1891c07cd90838', '[\"*\"]', '2023-09-23 12:59:47', NULL, '2023-09-23 12:35:48', '2023-09-23 12:59:47'),
(56, 'App\\Models\\User', 118, 'juanito@alimaña.com', 'be975d5af08e74e9c2333a28b6d09ab4221325a48728a35a8f8e7c27fd38b738', '[\"*\"]', '2023-09-23 12:46:55', NULL, '2023-09-23 12:46:52', '2023-09-23 12:46:55'),
(57, 'App\\Models\\Administrador', 118, 'juanito@alimaña.com', '8c4904d1cc3f7161c3eeac173391a4809b5223681738108c9270c86e8cef5c25', '[\"*\"]', '2023-09-23 12:48:38', NULL, '2023-09-23 12:48:35', '2023-09-23 12:48:38'),
(58, 'App\\Models\\User', 119, 'juanito@alimaña.com', '23924840b7331a678f57d5f8fc3070bf0510719d0b3b00260b1c2ebb47011321', '[\"*\"]', '2023-09-23 12:52:30', NULL, '2023-09-23 12:52:28', '2023-09-23 12:52:30'),
(59, 'App\\Models\\Administrador', 119, 'juanito@alimaña.com', 'cecb998e1fceb21060cb82f64d75dc39af41157d9840c2971b43c6d4ccf2855e', '[\"*\"]', '2023-09-23 12:53:10', NULL, '2023-09-23 12:53:07', '2023-09-23 12:53:10'),
(60, 'App\\Models\\User', 120, 'juanito@alimaña.com', 'd9b7382029aad19a0f2c6f38963cbf2f0ed869b12ef5bc3f6a376016eee5b726', '[\"*\"]', '2023-09-23 12:56:22', NULL, '2023-09-23 12:56:17', '2023-09-23 12:56:22'),
(61, 'App\\Models\\Administrador', 120, 'juanito@alimaña.com', '0ccc8789811d99b66dfa4ae755fee6227d12cd4d7d032d828735eb9e62d2b76b', '[\"*\"]', '2023-09-23 12:57:02', NULL, '2023-09-23 12:56:59', '2023-09-23 12:57:02'),
(62, 'App\\Models\\User', 120, 'juanito@alimaña.com', '4f193a727ba868702dda79ba26bbe3bcd11aa15282d3c091b832f2a03643828e', '[\"*\"]', '2023-09-23 12:58:25', NULL, '2023-09-23 12:58:20', '2023-09-23 12:58:25'),
(63, 'App\\Models\\Administrador', 20202578030, 'wanumen@udistrital.edu.co', '5d8969212b13f3c7629bc8ab222d3294e42e6ee0017b24b079f6ef491197d16a', '[\"*\"]', '2023-09-23 13:00:24', NULL, '2023-09-23 13:00:20', '2023-09-23 13:00:24'),
(64, 'App\\Models\\Administrador', 20201578009, 'jptolozac@udistrital.edu.co', '6109b3a7fc80ce69ce15e999c297e3492f309c57682c1a6f860dc3c2cf2f9bca', '[\"*\"]', '2023-09-26 06:15:46', NULL, '2023-09-26 06:13:14', '2023-09-26 06:15:46'),
(65, 'App\\Models\\User', 121, 'manuel@rondon.com', 'e692a7c444626ef4b4f1812944d75a326668a8970013fcb6015d363e088203b2', '[\"*\"]', '2023-09-26 06:14:42', NULL, '2023-09-26 06:14:19', '2023-09-26 06:14:42'),
(66, 'App\\Models\\Administrador', 20201578009, 'jptolozac@udistrital.edu.co', '8fd698e6952e4f3692cb5accba85df060866077b654024acbb4a0ae26638089c', '[\"*\"]', '2023-09-26 06:16:15', NULL, '2023-09-26 06:16:00', '2023-09-26 06:16:15'),
(67, 'App\\Models\\Administrador', 20201578009, 'jptolozac@udistrital.edu.co', '42e4242954aa01a4de49ec915d904f1454b03f2850affd3aa12aa845a9944116', '[\"*\"]', NULL, NULL, '2023-09-26 06:16:22', '2023-09-26 06:16:22'),
(68, 'App\\Models\\Administrador', 20201578009, 'jptolozac@udistrital.edu.co', '89800ca4ae76d78251bc96ff44aa31db8a3b9145c0d0f7ee087d31f947464032', '[\"*\"]', '2023-09-26 07:52:32', NULL, '2023-09-26 06:16:36', '2023-09-26 07:52:32'),
(69, 'App\\Models\\Administrador', 20201578009, 'jptolozac@manuel.com', 'a273ccc08c68459c6c1926dd01bf27cfa92e8bed6868474162ec99af05e5a210', '[\"*\"]', '2023-09-26 07:55:09', NULL, '2023-09-26 07:54:16', '2023-09-26 07:55:09'),
(70, 'App\\Models\\Administrador', 20201578009, 'jptolozac@udistrital.edu.co', 'aea9d7568948d32b2c9e8afbc88679f04c13a08cecd7736fec4594d492e64f29', '[\"*\"]', '2023-09-26 10:47:29', NULL, '2023-09-26 07:55:49', '2023-09-26 10:47:29'),
(71, 'App\\Models\\Administrador', 20201578009, 'jptolozac@udistrital.edu.co', '074a77ec0f10eacd5db0bd5c5559f83d8e0bb5ec064229ff9eacc83eb7a84721', '[\"*\"]', NULL, NULL, '2023-09-27 10:56:30', '2023-09-27 10:56:30'),
(72, 'App\\Models\\Administrador', 20201578009, 'jptolozac@udistrital.edu.co', '7fa7a171f559719c7a024f5d5e295939a020e803362c97a274f92df19259cdf8', '[\"*\"]', '2023-09-27 20:40:33', NULL, '2023-09-27 20:38:57', '2023-09-27 20:40:33'),
(73, 'App\\Models\\Administrador', 20201578009, 'jptolozac@udistrital.edu.co', 'f363bf5b8cfd8cc5e49e0336edb2890199f22058c8c161ac5761955666bc1694', '[\"*\"]', '2023-09-27 22:00:13', NULL, '2023-09-27 21:59:23', '2023-09-27 22:00:13'),
(74, 'App\\Models\\User', 18, 'claud.ward@example.org', '22bbaaffaf9674336193b9d188fd13d14b4da2c35f4280206a6153caef50b526', '[\"*\"]', '2023-09-27 22:12:50', NULL, '2023-09-27 22:04:09', '2023-09-27 22:12:50'),
(75, 'App\\Models\\Administrador', 20201578009, 'jptolozac@udistrital.edu.co', '482ffd22d906d255a37b101580d3d5ed60e6a79c3c19c0a570ce744671650b00', '[\"*\"]', '2023-09-30 05:29:23', NULL, '2023-09-30 05:28:59', '2023-09-30 05:29:23');

-- --------------------------------------------------------

--
-- Estructura de tabla para la tabla `prioridads`
--

CREATE TABLE `prioridads` (
  `id` bigint(20) UNSIGNED NOT NULL,
  `relevancia` varchar(255) NOT NULL,
  `created_at` timestamp NULL DEFAULT NULL,
  `updated_at` timestamp NULL DEFAULT NULL
) ENGINE=InnoDB DEFAULT CHARSET=utf8mb4 COLLATE=utf8mb4_unicode_ci;

--
-- Volcado de datos para la tabla `prioridads`
--

INSERT INTO `prioridads` (`id`, `relevancia`, `created_at`, `updated_at`) VALUES
(1, 'baja', '2023-09-20 10:51:42', '2023-09-20 10:51:42'),
(2, 'media', '2023-09-20 10:51:42', '2023-09-20 10:51:42'),
(3, 'alta', '2023-09-20 10:51:42', '2023-09-20 10:51:42');

-- --------------------------------------------------------

--
-- Estructura de tabla para la tabla `quejas`
--

CREATE TABLE `quejas` (
  `id` bigint(20) UNSIGNED NOT NULL,
  `asunto` varchar(255) NOT NULL,
  `descripcion` text NOT NULL,
  `visto` tinyint(4) NOT NULL DEFAULT 0,
  `created_at` timestamp NULL DEFAULT NULL,
  `updated_at` timestamp NULL DEFAULT NULL
) ENGINE=InnoDB DEFAULT CHARSET=utf8mb4 COLLATE=utf8mb4_unicode_ci;

--
-- Volcado de datos para la tabla `quejas`
--

INSERT INTO `quejas` (`id`, `asunto`, `descripcion`, `visto`, `created_at`, `updated_at`) VALUES
(1, 'Velit consequatur suscipit doloremque aliquid tenetur ut id.', 'Officiis odio non qui eos. Aut similique voluptates impedit cum doloribus et ut cumque. Eum corrupti ut qui ad sequi veritatis sit.', 0, '2023-09-20 10:52:07', '2023-09-20 10:52:07'),
(2, 'Sit veritatis tenetur dolor delectus at velit possimus.', 'Voluptatem et molestiae architecto aut adipisci corrupti autem. Cupiditate perferendis dolor nihil qui modi. Excepturi fuga aut animi error in autem ut ut. Totam et qui voluptatem provident libero.', 0, '2023-09-20 10:52:07', '2023-09-20 10:52:07'),
(3, 'Illum et eveniet eos et aperiam.', 'Veritatis assumenda voluptate omnis totam quis iure. In commodi ut sit. Nihil ut ea aut.', 0, '2023-09-20 10:52:07', '2023-09-20 10:52:07'),
(4, 'Facere quia magni ipsum magnam voluptatem quos.', 'Voluptatem consequatur ea eum adipisci. Voluptatem amet suscipit quidem eaque nulla voluptatem. Est omnis itaque qui eveniet nihil quia.', 0, '2023-09-20 10:52:07', '2023-09-20 10:52:07'),
(5, 'Reprehenderit vel ut numquam totam delectus.', 'Rerum aut iusto omnis quos. Laboriosam inventore labore a quaerat. Dolores eum nemo a est. Excepturi vitae aut ipsa nostrum ad illo in.', 0, '2023-09-20 10:52:07', '2023-09-20 10:52:07'),
(6, 'Exercitationem doloremque velit voluptates aliquid quod.', 'Voluptatum nesciunt ea repellat excepturi hic illum pariatur. Explicabo ut ex assumenda non reiciendis. Doloribus consequatur ab rerum autem soluta repellat placeat.', 0, '2023-09-20 10:52:07', '2023-09-20 10:52:07'),
(7, 'Dolore quia corrupti eaque id aspernatur pariatur.', 'Molestias est architecto voluptas ea qui pariatur. Blanditiis nesciunt ex cupiditate aperiam sunt temporibus. Quaerat sit mollitia voluptas exercitationem quis id. Dolores qui quam pariatur suscipit.', 0, '2023-09-20 10:52:07', '2023-09-20 10:52:07'),
(8, 'Aliquid et accusamus culpa perspiciatis.', 'Odio quidem est ab necessitatibus quia molestias voluptatem. Ut veritatis unde minima optio aliquid ea. Delectus ad officia voluptatem repellat ipsum.', 0, '2023-09-20 10:52:07', '2023-09-20 10:52:07'),
(9, 'Quia facilis inventore perspiciatis nisi nihil.', 'Laboriosam beatae eum qui quaerat porro quasi. Est eaque est doloremque eum repudiandae. Quod quibusdam neque beatae est vero. Impedit minus omnis in.', 0, '2023-09-20 10:52:07', '2023-09-20 10:52:07'),
(10, 'Voluptas omnis id autem.', 'Iusto adipisci hic corporis laborum. Voluptas quasi consequatur ut unde amet sequi dolorum quas. Odit facilis occaecati exercitationem qui eligendi quasi qui.', 0, '2023-09-20 10:52:07', '2023-09-20 10:52:07'),
(11, 'prueba', 'prueba', 0, '2023-09-21 17:58:06', '2023-09-21 17:58:06'),
(12, 'prueba2', 'prueba2', 1, '2023-09-21 18:04:52', '2023-09-21 18:06:59'),
(13, 'no guta', 'para nada', 1, '2023-09-26 06:14:57', '2023-09-26 06:15:11');

-- --------------------------------------------------------

--
-- Estructura de tabla para la tabla `tarjetas`
--

CREATE TABLE `tarjetas` (
  `id` bigint(20) UNSIGNED NOT NULL,
  `titulo` varchar(255) NOT NULL,
  `descripcion` text NOT NULL,
  `created_at` timestamp NULL DEFAULT NULL,
  `updated_at` timestamp NULL DEFAULT NULL
) ENGINE=InnoDB DEFAULT CHARSET=utf8mb4 COLLATE=utf8mb4_unicode_ci;

--
-- Volcado de datos para la tabla `tarjetas`
--

INSERT INTO `tarjetas` (`id`, `titulo`, `descripcion`, `created_at`, `updated_at`) VALUES
(1, 'Voluptates possimus aperiam reprehenderit dignissimos consequatur.', 'Ut in nemo rem illo rerum ut. Ea neque qui et provident iusto accusamus blanditiis. Fugit ipsam minima eos culpa voluptate eos. Voluptatem corrupti repellendus voluptas iusto sequi vel. Ex voluptates sequi ipsam nesciunt vel a voluptas nihil. Enim porro fugit exercitationem. Recusandae voluptatem error placeat provident doloribus quas. Tempore repellat nihil sint voluptas. Iure reprehenderit fugiat tempore repellat adipisci placeat. Eos repellat blanditiis enim laborum rerum facere cumque. Culpa fugit illum et. Consequuntur expedita omnis maxime maiores et quia. Est illum a quas nihil similique facilis. Distinctio deleniti nobis facilis quis nihil. Odio adipisci fugit consequatur impedit saepe magni. Et quia et nobis nobis. Asperiores repellat quis qui ut et rerum sequi. Molestiae autem laborum est aut provident. Ea quo voluptates omnis natus fuga eum omnis. Quod et vitae et cupiditate. Incidunt at aut nihil quis temporibus reprehenderit. Suscipit commodi dolore quasi nesciunt nam quaerat. Quibusdam sit deleniti at in. Voluptates laudantium voluptas repudiandae incidunt. Cumque repudiandae tempora accusamus placeat. Magnam officia placeat omnis eum adipisci. Ut tempore consequatur neque cumque sunt accusantium nam. Quibusdam cum occaecati suscipit ut expedita. Numquam ut exercitationem et quia eaque voluptatem. Quod doloremque consequuntur dolor corrupti similique pariatur. Autem provident et sit et repellat. Ducimus excepturi explicabo sed dolorem dolore aperiam ut. Ad non non sunt in ratione. Aut sunt et veniam impedit commodi.', '2023-09-20 10:50:55', '2023-09-20 10:50:55'),
(2, 'Molestiae et excepturi eos fuga quasi aliquam.', 'Laboriosam sint similique veritatis earum consequatur. Provident accusantium sequi facere hic nam consectetur qui. Dolor consectetur mollitia tempora mollitia minima dolor. Velit odio amet beatae provident consequuntur et. Sit soluta officia autem temporibus laudantium corporis. Repellat animi et odit aperiam ut ut sunt rerum. Voluptas repudiandae temporibus culpa rerum consequatur modi. Dolorum cumque nostrum maxime voluptatem voluptatem dignissimos distinctio aliquam. Facilis voluptatem quaerat debitis doloribus nostrum aut. Velit qui labore adipisci cumque veritatis vel. Rerum et blanditiis aut odio quia enim velit. Alias quas cumque temporibus. Qui incidunt mollitia ipsum beatae et. Magnam error porro quisquam fuga amet repudiandae. Modi laboriosam ut aliquid. Quod architecto nisi animi. Aliquam qui laboriosam quis inventore reprehenderit ipsam vel nesciunt. Exercitationem id eos et laboriosam sed ratione. Et aperiam omnis ab vel. Pariatur aut rerum non iusto ea quae labore culpa. Suscipit quasi accusamus magnam quas ratione. Explicabo amet sequi aliquam sint ipsa sunt. Qui est dolorem vel temporibus illo dolore officia ea. Doloremque voluptate consequuntur consequatur atque voluptatibus. Aut cupiditate corporis reiciendis quia. Quo voluptas error et tenetur ut quam et ut. Ratione ad velit enim sit consequatur. Qui consectetur maxime et deserunt soluta. Voluptatum quia voluptas mollitia quos. Aperiam ea dicta repudiandae quibusdam sint possimus. Quia ratione nam maiores et. A veritatis corrupti quisquam earum provident. Esse iste velit mollitia et.', '2023-09-20 10:50:55', '2023-09-20 10:50:55'),
(3, 'Laudantium laboriosam quos eum.', 'Veritatis enim culpa et voluptatem nihil rerum et. Totam omnis vel eligendi temporibus ut. Aperiam aut qui eos deleniti perferendis. Deleniti quia dignissimos porro soluta ea placeat. Provident aperiam aliquid natus molestiae eveniet sed. Aut molestiae corrupti optio id nisi voluptatum deserunt. Quaerat minima eum fuga omnis. Dolores sunt provident et voluptas doloribus. Eum libero iusto modi tempora sit. Soluta tempore tempora consequatur error. Debitis et vero quas et aut magnam. Molestiae beatae et at fugiat laborum dolor in nihil. Et est ullam ea repellat. Nam omnis delectus neque magnam. Repellendus alias fuga ducimus aspernatur voluptatibus. Fugit id labore veritatis hic. Et soluta itaque eligendi dolores similique corporis ea doloremque. Voluptatem necessitatibus at expedita sint velit voluptas consequatur dolorem. Necessitatibus voluptatem saepe eos rerum aliquid. Dolorum dolores aut rerum perferendis. Distinctio id consequatur reprehenderit. Enim magnam fugiat asperiores. Itaque nulla ipsum vero cum ad ut. Vitae maiores vitae sint id. Dolorum perferendis et neque tenetur numquam doloremque est. Distinctio consectetur neque quaerat nemo earum et modi numquam. Ut beatae occaecati vel vel et voluptas. Et impedit sint sapiente ab. Quaerat dolor eos non aperiam sit. Nulla quod ad sunt dolorum dignissimos et sint cupiditate. Illo repellendus consequatur voluptas repellendus ea ipsum. In autem doloribus ut rerum culpa ab. Accusantium eligendi dolorem cupiditate nisi ullam.', '2023-09-20 10:50:55', '2023-09-20 10:50:55'),
(4, 'Labore ea deleniti id sint.', 'Corrupti et fugit amet recusandae quasi aut. Ratione quibusdam dolorum itaque numquam. Quae voluptatibus unde quo alias omnis nihil. Distinctio iste non quia est. Et et amet harum reiciendis tempora. Reprehenderit rem maxime aut delectus nihil dolores. Rerum ipsum suscipit expedita blanditiis officia autem et. Vitae illum provident aliquam aut nisi tempora. Perferendis rem ut quia deleniti. Cumque atque culpa autem odit tempore aut. Ut sit provident quibusdam dolores omnis consequuntur et. Ullam velit repudiandae et non odit officiis voluptas. Nam in sit libero mollitia id explicabo. Aperiam eos quas aspernatur quaerat accusamus nisi rerum ab. Enim nesciunt quod exercitationem possimus nihil consequatur dolores omnis. Molestias sunt voluptates iste excepturi. Veniam velit consequatur eos tempore ipsum. Nostrum provident alias omnis enim consequatur asperiores facere. Dignissimos iure quas ut voluptatibus praesentium praesentium. Voluptatibus voluptates dolorem dolorem fugiat ea. Culpa laborum deserunt quia labore assumenda repellendus voluptatem. Consequatur sed ullam architecto sapiente consectetur nisi. Omnis voluptatibus accusantium ducimus aliquid totam quo. Deleniti repudiandae alias hic et ut corrupti. Odit ad pariatur eos minus et veritatis amet autem. Beatae voluptas id est et sint reprehenderit. Ea consequatur ratione unde omnis. Aut perferendis aut nemo explicabo alias quam aut assumenda. Ipsum veniam autem mollitia quo non. Aut sed qui delectus deserunt odit. Facilis distinctio cum ut eius. Sit qui autem quis error. Accusantium sapiente sit aut aut.', '2023-09-20 10:50:55', '2023-09-20 10:50:55'),
(5, 'Qui officia nemo eum commodi consequatur.', 'Voluptas impedit consequatur ipsum et deleniti magnam ipsam ducimus. Nulla rerum aperiam architecto. Voluptas aut quasi hic voluptates eveniet et ex sunt. Qui magni aperiam ab inventore. Sequi est esse tenetur maxime. Non quo quia assumenda porro repellendus. Iste hic ut eligendi eaque sit tempora eos. Voluptatibus ratione quod qui magni. Quis consequatur non alias eius aut occaecati libero molestiae. Porro tempore quos nulla velit sed. Sequi eos aut aut eos iusto. Culpa non blanditiis facilis quis tempore. Deleniti dolores praesentium eligendi voluptatem molestiae quo error. Consectetur ab corporis quia laudantium eligendi similique. Non eum asperiores necessitatibus. Natus qui sit sequi enim. Est quis assumenda maxime quia at assumenda animi. Rerum rerum culpa dolor. Qui voluptatem nesciunt et voluptatibus quas perferendis. Voluptas aut aut minus ut. Mollitia quo aut unde fugiat nihil qui voluptates. Et omnis assumenda similique quaerat. Incidunt enim dolorem soluta nemo. Architecto ut accusantium libero possimus repellendus deserunt. Recusandae est veritatis alias. Pariatur autem quibusdam tempora porro. Vel amet sed rerum distinctio nulla qui molestiae. Est dolorum similique possimus perferendis blanditiis quis. Tempore omnis occaecati molestiae et. Quia perspiciatis et est id omnis dolores temporibus consequatur. Necessitatibus nostrum modi quia. Tenetur facilis ab beatae sit suscipit. Occaecati ea quas natus. Fugit quidem voluptatem excepturi sed placeat qui velit ea.', '2023-09-20 10:50:55', '2023-09-20 10:50:55'),
(6, 'Vel sint vitae quia.', 'Hic atque assumenda et minus. Eum ipsum aut numquam eaque fugit velit alias. Quos recusandae ea non deserunt saepe excepturi exercitationem. Sed aut repudiandae non quo totam. Atque id quisquam illum a voluptatem. Quibusdam totam quia consequatur fugit. Sequi maiores sint eveniet rem est. Quia qui ut sunt. Est ex similique magni. Vitae aut numquam ducimus et ea ad quidem. Ut sunt nihil quis. Mollitia laboriosam aut et dolorem non soluta. Quaerat ea aut corporis. Dolor eos sunt sunt sit. Aut consectetur ut et. Non ducimus velit quia quae. Est odit et similique ex et autem. Ut maxime assumenda ducimus ipsam. Asperiores repellendus ad quos in. Facere veniam enim sed debitis labore similique ut. Molestiae eos maxime aperiam. Consequuntur qui aut natus explicabo et molestiae. Voluptas deserunt dolorum est cum saepe. Consequatur et velit consequuntur et harum. Aut qui porro saepe necessitatibus dignissimos quisquam. Dolores sit quod suscipit sapiente facere est. Et velit rerum voluptatem. Tempore enim ut quia blanditiis voluptate iste. Dolor expedita tenetur laborum odio porro ea placeat culpa. Magnam sit ratione ducimus excepturi ut. Vel amet modi dignissimos eveniet quas excepturi eum. Porro similique ipsum harum vero veritatis rerum officia. Praesentium ipsum earum sapiente facere velit voluptate. Ut eum at ut totam magni hic tempore. Aperiam facere dignissimos beatae doloremque. Non itaque qui quas omnis aut eos et. Repellat iure omnis eius quam eos doloribus debitis. Minima beatae vel ut inventore. Eum est ut praesentium eveniet quis rerum.', '2023-09-20 10:50:55', '2023-09-20 10:50:55'),
(7, 'Consequuntur laudantium veniam molestiae temporibus soluta et.', 'Et sunt aperiam velit minima ut. Laudantium consequatur sunt ut. Provident alias voluptatem culpa voluptatem quia praesentium. Ut laborum a quia sunt id quis. Ipsam earum cum voluptatem. Accusantium iusto quidem nostrum eum quas id qui. Sint labore quis numquam dolores adipisci et. Veniam laboriosam ad accusamus et. Asperiores nobis enim itaque ut assumenda. Sed molestiae et et et. Atque possimus esse et quis rem magni. Eius maiores in rerum temporibus aspernatur. Labore quia dolore ea facere asperiores voluptates. Adipisci modi cum dolores voluptatem. Vel aut molestiae nihil quis. Reiciendis doloribus nulla sunt voluptas labore non. Non vel recusandae sint non maxime. Voluptatum enim quis ipsum quia dicta est debitis. Corrupti quidem incidunt voluptatibus qui omnis amet dolorem. Magnam ad atque autem vel voluptatibus. Eius rerum repellat eligendi optio est non sapiente. Dolores sapiente et quod excepturi voluptas asperiores. Ut est vero odit deleniti dolorum ullam ab animi. Non consectetur rerum rem porro repellat blanditiis. Repudiandae et culpa id totam est maxime maxime. Nihil autem quos pariatur sunt. Deleniti quos ut voluptas eum explicabo earum consectetur. Adipisci neque sit aut ipsam. Harum magni cumque eum pariatur aperiam dicta. Porro eum inventore animi nam saepe dolorem. Libero dolorum est et facilis quia aut quia. Labore necessitatibus eligendi quod est sed magnam. Explicabo et eveniet suscipit totam repellat.', '2023-09-20 10:50:55', '2023-09-20 10:50:55'),
(8, 'Officia vel adipisci sint quae.', 'Ullam rerum similique a. Ducimus perferendis modi molestiae quia commodi nemo aut. Inventore vero recusandae adipisci omnis consequatur. Qui molestiae consectetur ea recusandae facilis et. Maiores corrupti quidem quo sed aut magnam facilis officiis. Quo quos quo qui at. Ducimus unde tempora esse sit sed error. Vel expedita eos provident est mollitia. Labore voluptatem minus ut autem ipsam quibusdam. Voluptatem distinctio error cumque doloremque eaque dicta quas. Sit reiciendis qui sequi natus. Laborum repudiandae expedita tempore aut. Voluptatem quod aut dolore voluptatem cum. Ut et laudantium eum aut repudiandae quia. Et dolorum autem impedit animi. Dolorum est nisi ducimus molestiae officia velit. Aperiam quas qui placeat et sequi sequi. Molestiae quo ut ut et ab fugit accusamus. Laudantium omnis aperiam id ea maxime nulla maxime recusandae. Voluptas dolor nihil fuga dolor voluptatem eius excepturi sed. Placeat sequi eum et et illum nostrum. Eos reprehenderit cumque debitis sit accusantium ut aliquid. Culpa molestiae deserunt suscipit consequuntur ad nemo. Vitae ab rerum sequi rerum blanditiis molestias. Sit debitis commodi fugit exercitationem in cupiditate. Magnam atque est exercitationem accusantium cum harum molestias. Eum nemo deserunt necessitatibus magnam id eligendi. At esse repellat ut laborum totam. Eveniet earum sed id totam corrupti et. Nemo harum adipisci deserunt rerum dolorem non. Omnis magnam aperiam voluptatibus cupiditate voluptate. Fugiat quidem sunt aut natus omnis harum voluptas. Recusandae ut voluptatibus aliquid nostrum nulla dolor.', '2023-09-20 10:50:55', '2023-09-20 10:50:55'),
(9, 'Consequatur doloribus in unde velit cumque.', 'Magni porro facilis praesentium. Quos ut recusandae distinctio exercitationem. Ut rerum quaerat numquam maiores quam quo. Officiis dolorem quia unde aliquam nostrum. Sit odio sit soluta. Numquam provident sed illum ut quia. Repellendus voluptas dolore est voluptas voluptatibus doloremque et dolorem. Totam tempora error qui sed illum eos. Ut aut sit excepturi non. Eius enim exercitationem ducimus aliquam. Ducimus est voluptatem et. In ea labore ut ducimus. Autem est eveniet et ut et. Eos dolorem vel suscipit et. Nihil blanditiis non et accusamus libero. Enim ut tempora quidem exercitationem in ea consequuntur. Rerum reprehenderit voluptatum omnis voluptates. Enim et possimus soluta. Ut et et aut possimus quas quos fugiat. Ut et aliquid pariatur cum vero omnis. Est dolore repudiandae explicabo voluptate culpa inventore enim. Corrupti cupiditate animi architecto quia et tempore. Sunt velit autem deleniti et et eaque. Repudiandae enim et ratione doloribus doloribus. Aliquid placeat quia eos reprehenderit et voluptatibus inventore. Alias quaerat consequuntur quis. Quis incidunt magnam temporibus voluptas. Possimus aut reiciendis aperiam sed nam ex est laudantium. Voluptas expedita et error occaecati natus. Expedita eum dolorem eos. Corporis eveniet dolores aspernatur magni illo distinctio. Molestiae vel expedita velit deleniti harum et qui omnis. Non perferendis facilis tempore esse velit. Dolor laudantium similique enim laborum illo.', '2023-09-20 10:50:55', '2023-09-20 10:50:55'),
(10, 'Eveniet velit eos error facere.', 'Asperiores quibusdam autem voluptatum aperiam. Dolor deserunt voluptatem non necessitatibus id qui. Consequatur dolorum rerum voluptas. Esse quo nihil sint. Dicta quae dignissimos ad vero. Ullam error voluptatem aut animi. Omnis quis voluptas perspiciatis molestiae et dignissimos adipisci. Et eum et ut voluptatem in. Exercitationem quae quia provident qui repudiandae qui culpa. Quisquam quia molestias perspiciatis. Cum ipsa odio eum quis et nostrum repudiandae porro. Et odit esse odit maxime. Consequuntur esse aliquam beatae autem. Quos nulla rem minus ut qui ipsum. Maiores saepe molestias autem sit numquam nam. Velit quis excepturi ex labore illo magni deserunt sed. Nulla vero accusantium eveniet eligendi. Sed ad in eum et ipsum aperiam. Reiciendis animi incidunt iure provident. Et consequuntur qui voluptatem. Et mollitia ab aut eius earum sit autem. Accusamus sit omnis incidunt perspiciatis magni maxime fugit. Quia velit voluptatem deleniti sit consequatur aut. Explicabo quo et ad recusandae omnis. Similique in accusantium sint consequatur modi beatae assumenda. Reprehenderit quo maiores molestias exercitationem quisquam facere. Eos quam nesciunt ea odit labore enim rerum. Ratione quo deserunt neque qui qui est ea occaecati. Laudantium similique aut velit et. Qui voluptates ipsa sapiente eos esse. Sunt quo minus numquam optio officia. Eaque aut vel enim animi occaecati fuga soluta. Qui qui est sunt ipsum et sint quasi ut. Saepe illo aut qui quos enim unde enim.', '2023-09-20 10:50:55', '2023-09-20 10:50:55'),
(11, 'Quia enim dicta explicabo autem alias id.', 'Sit corrupti corrupti recusandae in enim ea non. Mollitia provident quia tempora odit quo molestiae. Est eius et laborum ab inventore rem. Fugit sunt illum accusamus quaerat. Temporibus beatae ut voluptatum et nihil tempore enim. Exercitationem vitae necessitatibus cupiditate nihil saepe. Consequatur repellat consequatur nostrum iusto maxime velit neque. Quisquam nobis pariatur rem vitae numquam laborum qui. Provident consequuntur ut sit eum quibusdam. Magni repellat harum delectus rerum consectetur sit. Consequatur aut ut ullam omnis et. Fuga quia a blanditiis ratione eveniet enim. Eos quod qui quam et sit ut. Et et adipisci id necessitatibus. Itaque dicta ipsum excepturi temporibus. Libero amet architecto mollitia. Sint cum quisquam cupiditate qui. Corporis quaerat aut distinctio ut eius. Assumenda minus consequatur sit autem ut. Voluptate enim corporis voluptas pariatur ab rerum culpa. Amet accusantium quam amet. Blanditiis rerum vero ipsum sunt deserunt. Natus qui qui quibusdam quaerat tempora quia animi. Necessitatibus voluptatem dolorem similique. Vitae quo expedita et et non non. Suscipit non ea rerum dolorum inventore. Voluptatum assumenda doloribus quae ex impedit. Autem ab omnis minima assumenda quaerat veniam. Corrupti dolores voluptatibus autem at. Sint temporibus autem eligendi aut dolorem. Est quia labore ut id praesentium est. Consequuntur aut possimus neque earum dolor dolorum sint. Qui aut et vitae incidunt dicta. Aut et esse voluptatem natus autem esse reiciendis minima. Aut commodi aspernatur nulla atque. Et ea necessitatibus deleniti ab saepe iste.', '2023-09-20 10:50:55', '2023-09-20 10:50:55'),
(12, 'Necessitatibus fugit quae aut.', 'Ad non est eum labore iure repellendus. Quia non nostrum aut. Enim est qui nulla et. Voluptates odio voluptatem molestiae laborum voluptas. Veniam earum id voluptatem ea. Dolore dolores et consequuntur molestias. Unde asperiores corporis consequatur dolores dignissimos quos rerum id. Recusandae eligendi error velit sint nam. Qui asperiores totam ut quia. Earum quae sed velit quidem atque. Nulla aut minima ipsam consequatur. Doloremque dolore non officia. Neque aut eligendi consectetur rerum est nihil quia recusandae. Aperiam quis nobis quaerat error repellendus ut facilis. Qui pariatur repellendus provident accusamus. Aut et quam quisquam consequatur. Quo corporis velit est corporis dolores. Officiis ducimus placeat ullam autem veritatis tempora. Adipisci sint eveniet omnis quae. Iusto minima rerum tenetur fugit. Quos ipsam ea ut aperiam repellat ipsum. Aut nobis velit ad dignissimos. In incidunt non est sit possimus quas. Pariatur ab et aut exercitationem veniam nam. Adipisci aperiam a consequuntur neque nemo hic eveniet qui. Laboriosam deserunt iusto tenetur qui laboriosam. Quis nostrum beatae consequatur. Et quod eos aspernatur aut. Dolorem exercitationem quis unde autem unde. Veniam vel voluptate ut perferendis laborum vel. Explicabo necessitatibus est ut et. Eius saepe eos sit nisi nemo. Voluptatem odio quaerat ut culpa veniam tempora. Sunt ipsam ratione voluptatem a. Sequi impedit sed dolor non ullam architecto explicabo alias. Temporibus debitis rem consequatur earum voluptatum.', '2023-09-20 10:50:55', '2023-09-20 10:50:55'),
(13, 'Ducimus repudiandae aut quo omnis.', 'Veritatis rerum quos consequatur quo iste et ipsum hic. Necessitatibus dolor mollitia impedit dolores cum. Dolorem pariatur suscipit mollitia impedit quo numquam non ad. Et molestiae dicta rem sit ut reprehenderit commodi. Corrupti ipsa quaerat sunt dolores ut voluptate delectus. Saepe porro voluptatum et earum vel consequatur. Nam praesentium et dolorem aperiam sint natus. Incidunt accusamus laboriosam qui. Rerum sapiente voluptatibus ex similique eveniet beatae impedit ullam. Soluta consequatur placeat fuga exercitationem suscipit. Error sequi sed sed fugiat architecto ad. Labore omnis est praesentium neque. Nulla assumenda ex sint provident. Facilis eum perferendis qui et. Tenetur pariatur velit eligendi cupiditate iusto minus fugiat. Quia aspernatur laborum qui non. Quo reiciendis et nostrum excepturi ullam. Dolore quos maiores ut aut non. Non accusamus rerum autem accusantium odio. Expedita ut consectetur alias magni. Eius perferendis modi tempore est consequatur quasi mollitia. Quae dolor aut rerum assumenda aut magnam. Accusamus quia quaerat nemo officiis sint. Voluptatum est quo nemo numquam excepturi minima. Quibusdam quaerat voluptates voluptas totam error nam occaecati. Autem voluptate totam eum dolorem. Et illo deleniti dignissimos ad. Ea autem assumenda veritatis possimus et beatae. Non dolor voluptas quasi quia et. Voluptatem et eveniet et laboriosam quos. Et laboriosam voluptatem quibusdam voluptas maxime.', '2023-09-20 10:50:55', '2023-09-20 10:50:55'),
(14, 'Laborum enim libero sit possimus.', 'Culpa eum aut iure eius sunt quia earum. Praesentium dicta sunt quasi alias. Eum enim non aperiam rerum consequatur ullam. Et eligendi architecto atque ut temporibus earum eos. Repudiandae consequatur tempore reiciendis et. Eum aut similique sit non. At quasi nihil hic. Enim quibusdam nihil eos nostrum. Qui minima vero nostrum dolor enim tempora quisquam. Est et sint libero fugiat itaque. Rerum voluptatibus velit voluptatum illum. Beatae ea ut laboriosam molestiae et dolorem. Ullam veritatis a molestiae aut ullam. Sed dolore aut nostrum ut tenetur. Iste dolores iure hic atque nemo dolorem ex. Itaque ipsa deserunt nihil dolorum qui. Veniam laborum veritatis sint aliquam. Atque vel aliquam et pariatur laborum laborum. Distinctio labore quis eum necessitatibus est excepturi delectus. Cumque voluptatum quos vitae quaerat hic qui porro. Nam soluta exercitationem atque et commodi. Voluptate ipsa assumenda velit possimus aliquid eos officia. Ut numquam rerum id et. Tempore voluptas qui laboriosam incidunt. Ut ducimus esse dolore amet. Ut laboriosam voluptatem recusandae aliquid aut. Nemo sunt enim quia placeat molestiae. Et nisi nostrum delectus officiis. Repellendus temporibus nemo porro sit voluptatem ut. Id consectetur deleniti ut vero impedit. Et distinctio quia recusandae fugit praesentium. Vel in commodi velit. Veniam sint velit aut sit ipsam aut dolore. Nisi illum molestiae temporibus labore sint. Sint sed eligendi et delectus sit magnam sunt. Quis recusandae ut dolores quis eligendi voluptas autem vel. Expedita ab mollitia ut ut sunt et.', '2023-09-20 10:50:55', '2023-09-20 10:50:55'),
(15, 'Cupiditate ea eum error hic voluptatem animi et.', 'Et aut dicta aspernatur. Sed et nobis laboriosam et sit sunt consequatur. A est sunt vel qui vero doloribus. Et magnam est voluptatem iste enim accusantium et. Aperiam ullam consectetur aperiam. Vel consequatur qui consectetur provident saepe. Eos velit repellat voluptate. Non hic magnam odio autem iusto. Nam iusto minima commodi autem. Veniam ex in ab asperiores quis. Commodi id ut et ea eos. Et commodi voluptate omnis consectetur ducimus dolorem. Pariatur a et sint sunt sit quaerat. Et asperiores dolor quis eum sunt maxime. Quia officia officia ipsam dolor ut. Id odio voluptas sed atque voluptatem vero. Similique doloremque magnam eum doloremque. Tempora amet dolorum nostrum iusto quos. Asperiores dolores suscipit sunt mollitia ea omnis. Hic sed placeat voluptatibus dolorum libero. Qui eveniet et repudiandae expedita. Iure et distinctio id. Eaque vitae ratione ea voluptas. Ipsum eos sit aut in excepturi pariatur earum. Laudantium molestiae nemo dolores perspiciatis dolorem rem voluptas eligendi. Illo sapiente amet cupiditate. Unde consequatur repellendus qui sit aliquam eaque voluptate ex. Doloremque at repellat dignissimos sed id voluptate. Aut totam reprehenderit aut optio incidunt qui. Accusantium quo excepturi consequuntur et dicta occaecati commodi rerum. Amet beatae quod quisquam minus ad minima. Doloremque adipisci sit voluptatem sed. Nostrum eos nihil nesciunt. Nam quia earum rem culpa. Doloribus consectetur ut quos quia repellat voluptatem. Quam est excepturi omnis blanditiis reiciendis eos eius corporis.', '2023-09-20 10:50:55', '2023-09-20 10:50:55'),
(16, 'Exercitationem voluptas minus nostrum deleniti et est.', 'Sint beatae ipsa similique provident. Nesciunt dolorum asperiores omnis et minus. Rem excepturi omnis dolore voluptatem quo accusamus. Nihil amet provident eos cum saepe quibusdam. Ea enim et nemo deleniti sit sit veritatis minus. Provident et eius voluptatem iusto. Harum nobis quo maiores esse. Praesentium omnis magnam excepturi dolor. Repudiandae voluptatem iure qui ut corrupti velit. Odit quam aperiam vero eos architecto commodi animi non. Omnis reprehenderit qui sequi officia. Sed dolorem commodi accusamus alias non a nostrum. Et officiis fugit architecto est commodi est. Consectetur magnam modi voluptatem reprehenderit et quaerat. Quo aut ut ex sed dolorem. Fugiat animi eius voluptatem nihil blanditiis. Nobis autem esse consequatur a minus iste. Vel alias repellat quidem officia. Mollitia qui magnam odit recusandae dolor. Et inventore et occaecati ut quibusdam quia dicta. Nihil et quaerat non dolorem. Praesentium eaque id molestiae mollitia sequi animi veniam maiores. Id et sed ducimus ut molestiae est incidunt. Incidunt adipisci amet cumque et est id. Iusto ut sit omnis dignissimos ipsa eaque. Voluptates in est sint omnis sequi excepturi. Distinctio beatae ad ex libero cumque. Aut accusamus id libero a eaque. Qui perspiciatis doloremque tempora distinctio nobis culpa. Iusto vitae culpa dicta maiores natus architecto qui. Odit aut odio occaecati. In occaecati eaque aspernatur porro. Aut vel et aliquid quod quod quisquam. Voluptatibus quidem porro dicta rem consequuntur minima.', '2023-09-20 10:50:55', '2023-09-20 10:50:55'),
(17, 'Quia esse quos velit rem blanditiis.', 'Praesentium inventore illum et et animi pariatur. Cum et vitae alias totam. Officia rerum illo aut culpa tenetur voluptatem et. Amet quisquam saepe autem cum. Adipisci ex repudiandae modi excepturi quos. Deleniti qui consequatur distinctio et. Et id quis eum mollitia vero. Quasi dignissimos odit aut similique molestiae ut est. Est nobis nesciunt quasi dolor. Exercitationem veritatis amet cupiditate aliquam aut non. Fugit veniam qui veniam perferendis dicta. Odit ut esse debitis odio voluptas. Et sed nisi voluptate velit ut. Molestiae laborum non tenetur placeat suscipit saepe numquam. Debitis consectetur et sed esse. Laudantium autem sit ut pariatur numquam. Nemo ratione error consequatur. Molestias minus non et est sequi laboriosam. Ut dicta esse totam. Eligendi quis accusantium error quis quo ipsa. Quia cumque amet minus occaecati. Dolores occaecati voluptatem fuga minima omnis aliquam fuga. Officiis et iure et voluptatem consequatur hic. Delectus libero et illum iure. Voluptatem nulla ut aut qui a. Itaque quia nesciunt molestias quasi. Sunt illo eaque dicta aliquam. Qui quis facere mollitia rerum fugit. Impedit rem vel sunt ullam quibusdam culpa saepe accusantium. Voluptatum at aut fugiat fuga. Eius magni sint qui dolorem ad nihil eligendi. Fugit in et voluptatem quia. Ducimus saepe in similique perspiciatis. Tenetur sed deleniti esse rem natus quia fuga. Sed voluptatum provident rem facilis dolore. Doloribus non assumenda facere expedita facilis laboriosam.', '2023-09-20 10:50:55', '2023-09-20 10:50:55'),
(18, 'Et accusantium quia ut facere.', 'Iure voluptatem quam vitae accusamus quod atque. Incidunt molestiae ea fugiat aliquid. Atque optio voluptate et doloremque earum odio qui sit. Harum illo velit sunt vel. Quo sit magni excepturi. Architecto consequatur explicabo voluptatem facere occaecati omnis. Mollitia quia est aut nemo in voluptatem. Sunt illum eaque ipsam rerum sit consequatur. Accusantium sit quam sapiente rerum repellendus. Dignissimos nulla in facere et. Illo iure consequatur voluptas nemo hic. Sed earum consequatur aliquid aut ducimus autem. Et autem repudiandae quibusdam. Amet non ea non reprehenderit dolores sit. Numquam necessitatibus commodi ut. Sit eaque qui nihil quos incidunt. Facilis eveniet corporis repellat occaecati et quos libero. Omnis vero eos aut recusandae beatae expedita. Magni dolorem est aperiam quia similique. Assumenda sunt non repellendus. Eos quibusdam enim alias commodi ipsum. Suscipit quia blanditiis iusto. Laborum distinctio quis nihil quasi et iusto dolorem. Nostrum voluptatibus est ut vel impedit accusantium. Quia doloribus repellat eos corporis facere rem quae et. Officiis odit amet aut sed id est nemo rem. Sunt dolores consequuntur ut nobis cum debitis ipsum. Voluptatem magni vitae ullam possimus veniam et. Nesciunt perferendis doloremque hic consequatur voluptates animi. Dignissimos nostrum ut pariatur ex nostrum nam saepe. Eum molestias et unde. Aspernatur soluta minus in tempora. Et commodi non voluptas ratione aliquid ex. Quos assumenda sed adipisci adipisci inventore iste facere optio.', '2023-09-20 10:50:55', '2023-09-20 10:50:55'),
(19, 'Voluptatum dicta labore sit est aliquid.', 'Provident optio ea ducimus. Ipsa dicta repellendus aut odit aliquid. Inventore recusandae porro suscipit sequi et. Fugit consequatur velit autem consequatur sunt. Minus voluptas eum quod. Error repudiandae est consequatur non non ut suscipit. Tempore at voluptatibus consequatur fuga est consequatur corporis. Rem ipsa quae consequatur enim repellat. Sunt fuga et vitae sint. Earum dolorem magnam excepturi perferendis beatae et. Deserunt eveniet sed libero quidem ut. Autem unde amet rerum in numquam quasi at. Dolore eveniet et illum quia. Officia quia quos alias necessitatibus dicta rerum et. Cupiditate qui voluptas vitae dolor est. Commodi rem sed ut consequatur est voluptate quo fugiat. Animi quasi qui incidunt soluta autem maxime ea. Aut eveniet sed voluptas distinctio et. Qui nihil fugiat consectetur. Qui quia alias labore modi. Voluptas voluptas placeat iusto iure voluptatem ab. Ipsum aut ratione autem rem accusamus adipisci corrupti ipsa. A optio maxime quo id. Et et consequatur qui ut eum voluptas eveniet. Voluptates magnam ipsam dolore nostrum minus. Quaerat vero omnis rerum minus. Voluptate molestiae ut doloribus velit omnis ratione. Aliquam repellat quis tempora eaque fugit. Amet mollitia necessitatibus quisquam. Aut quis provident et delectus et. Error dolor impedit et natus eum possimus reiciendis ut. Similique cupiditate quo eligendi tempora asperiores voluptas soluta sunt.', '2023-09-20 10:50:55', '2023-09-20 10:50:55'),
(20, 'Doloremque rem quae deleniti ea necessitatibus.', 'Non voluptas fugit numquam saepe quis saepe. Vitae et velit enim velit omnis minima est. Laudantium assumenda in blanditiis et eaque ducimus error et. Doloribus ex accusamus mollitia. Consectetur labore aliquam autem quia. Dolore deleniti mollitia aut inventore dolore. Ipsa excepturi pariatur beatae est cumque a est. Nulla commodi omnis consequatur iste vero ad. Perferendis ratione illum id molestiae mollitia. Blanditiis atque asperiores sed quo culpa. Quos in quod nihil hic mollitia placeat quibusdam. Accusantium est odit est eos illo perspiciatis. In itaque doloremque vel voluptas magni. Qui quas dolores quo occaecati enim. A non est corporis inventore illum. Ut rerum blanditiis rem. Sunt voluptas neque voluptatum aut dolorum reprehenderit. Similique ut deleniti omnis nulla. Molestiae molestiae eos iste facilis eum provident. Iste et unde sed error unde enim aliquam. Ducimus possimus qui laboriosam voluptas. Autem quo nihil quia sed. Accusantium aut iste quis exercitationem nihil placeat. Dicta quae ut voluptatum et nemo eos. Non distinctio nisi vitae reprehenderit. Molestiae neque doloremque dolorem aut laudantium maxime optio. Quis ea labore ipsam consectetur itaque voluptatem eos. Sint fuga natus explicabo. Et et est ipsa sed cupiditate. Enim omnis quas alias qui. Quis sunt tempora esse non et alias in. Aut repellat placeat quam quod. Velit magnam eius laudantium velit.', '2023-09-20 10:50:55', '2023-09-20 10:50:55'),
(21, 'Ut est tenetur ullam et sed provident ea voluptas.', 'Quia excepturi quod inventore et voluptatem quia. Sapiente recusandae et nisi dolor molestiae voluptatem recusandae. Sit voluptatem sit quos ut totam rerum at. Eos accusantium vero ipsum magnam repellat iure quidem. Soluta sunt est non blanditiis qui. Qui atque minus voluptate omnis officiis quod ea culpa. Et quam quae eum minima. Numquam quaerat esse praesentium aut et. Voluptates quia distinctio officiis eveniet. Vel ut sunt officiis enim id debitis voluptatibus laudantium. Nihil aliquid inventore aut est. Fugit debitis amet non similique aut. Nam autem at cupiditate nesciunt corrupti ullam voluptatem aliquam. Voluptatibus voluptatem omnis rerum eveniet. Sed quam facere dolores vel autem. Debitis aliquid consequuntur et. Id consequatur adipisci sapiente. Eligendi recusandae laborum fugiat consequatur molestiae impedit veniam molestiae. Repellendus sit laboriosam quia aliquid. Ipsa a dolorem delectus. Consequatur eos commodi repellendus similique officia corrupti culpa. Voluptas sit autem itaque delectus aliquid nam repellendus. Et accusamus porro reprehenderit qui. Maiores perspiciatis nulla et perferendis et sint aut. Ut sit eum aliquam sed rem. Eveniet vel iure alias molestiae consequatur. Iste ex voluptatem reiciendis sunt sunt et id. Temporibus qui doloribus alias sint esse. Est sed sed similique sed laborum sit. Ipsam voluptatem quaerat qui dicta repellendus. Atque minima nihil sunt eos omnis ut molestias. Necessitatibus non ut beatae aperiam eum. Fuga consequatur at occaecati cupiditate sapiente aspernatur. Iusto odit veniam sed et non.', '2023-09-20 10:50:55', '2023-09-20 10:50:55'),
(22, 'Earum accusamus eum autem praesentium molestiae.', 'Aut blanditiis numquam nisi assumenda corporis inventore. Est nobis provident non minima. Assumenda consequatur mollitia et quam quia amet consequuntur. Minus magnam nostrum dicta ad est asperiores. Non corporis dolores quis dolorum. Deserunt est veritatis quos soluta sed aspernatur aspernatur. Et repellat praesentium voluptates fugit. Amet minus nobis nisi architecto provident. Exercitationem dolorem et omnis expedita quis fuga. Tempore soluta itaque eum debitis suscipit voluptate sit. Veritatis molestias veritatis ut sint neque perspiciatis. Odit harum omnis minus accusamus. Deserunt et in ducimus omnis necessitatibus debitis itaque voluptas. Debitis nam omnis in voluptas inventore et. Officiis amet animi non veritatis. Ducimus necessitatibus amet sequi facilis saepe iste. Cumque exercitationem architecto unde rerum. Illum quasi rerum repudiandae dolorem enim deleniti repellendus. Velit omnis mollitia et ipsa nisi tempore ea. Corrupti at quidem quia ullam vero. Et perspiciatis ut dolores et qui aliquam. Enim ipsum neque nulla perspiciatis dignissimos cumque. Veniam quisquam id odit repellendus alias. Praesentium quod voluptas fugit sit perferendis ullam quia autem. Est doloribus ratione error consequatur. Magni blanditiis quam iste eum numquam enim id. Non voluptatem recusandae dolor recusandae et voluptas. Deleniti consequatur sed praesentium inventore ut vero. Dolores ipsa et est eos non. Vitae asperiores aliquam nihil voluptatibus dolor nihil. Unde a velit cupiditate tempore. Aspernatur dolor eveniet soluta et.', '2023-09-20 10:50:55', '2023-09-20 10:50:55'),
(23, 'Veritatis officiis tenetur ipsum facere delectus.', 'Quidem id eius dolorem in. Eum accusantium vel velit quam. Unde quisquam dolorum voluptatibus quis illum non voluptatem. Cumque non earum voluptatum doloribus vel. Iste debitis vel qui dolore corporis dolorum. Tempora vel ut ad doloremque reiciendis maxime esse. Voluptatem atque animi pariatur. Omnis ipsa sint aut quo autem ullam id. Ducimus eius magnam accusamus voluptas perferendis qui qui. Corrupti nisi deleniti voluptatem iste aut accusantium labore ratione. Odio doloribus optio aliquam dolor nihil eaque voluptates. Labore at est autem perferendis quibusdam delectus optio. Excepturi aliquid ipsa tempora consequatur dolor sit facilis. Nisi facilis ducimus id fugiat unde. Magnam eos architecto qui aliquid distinctio quae. Deserunt eius voluptas ea molestias aut eveniet et commodi. Autem eveniet ea aut et quisquam omnis rerum. Animi sint alias nobis magnam sit eligendi aut. Tenetur optio quia aut ullam voluptatem doloremque corrupti. Voluptate deleniti laborum minima amet fugiat. Dolor unde rerum possimus et odit et labore. Sed assumenda eveniet eaque voluptas aut eos minus dolores. Nihil recusandae accusamus sed repellat facere et nemo. Sequi labore magnam ducimus in voluptatibus eum nobis. Numquam dicta natus impedit est modi tempore. Impedit aliquam enim laudantium est aut. Hic porro eum enim mollitia. Et facilis eligendi temporibus ut earum amet. Qui beatae id illo perferendis accusantium officia. Deserunt voluptas sed maiores est rem odit error perferendis. Quia ad sed tenetur. Quis ut ab vero omnis illum repudiandae. Iure sunt dolorum soluta recusandae tempora.', '2023-09-20 10:50:55', '2023-09-20 10:50:55'),
(24, 'Consequatur veniam et distinctio consectetur veniam blanditiis.', 'Est rerum velit iste cumque repellat illo distinctio. Ut architecto et sit debitis et. Commodi possimus porro saepe nam libero aut ab. Eos quisquam minima dicta tenetur. Error provident et suscipit velit temporibus quia. Ab aliquid mollitia dolor voluptatum dolorem molestiae dicta. Tempora illum veniam est exercitationem iure. Numquam omnis voluptatem et commodi. Non et nihil et id quia inventore. Nihil quaerat quam necessitatibus omnis nisi aut est. Sed impedit tenetur quia non voluptatibus eos ut. Est quisquam sit corporis qui vero. Molestiae laboriosam omnis error distinctio nisi vero. Quod quam aut quos architecto dicta ut est et. Id sapiente voluptates quasi sint praesentium pariatur. Asperiores asperiores aliquid sit sint delectus accusantium culpa accusantium. Quidem dolores dolor velit laudantium. Voluptatem quisquam perferendis accusantium sed. Officiis molestiae repellendus aut praesentium. Necessitatibus dolores similique cum excepturi incidunt consequatur qui. Amet officiis laudantium est qui vitae qui et. Minus dolorum odit aut rem. Laboriosam eum provident nam consequatur. Temporibus molestias quia molestias vitae magnam asperiores qui. Dolor quas magnam et sint modi ipsum dolorum. Perspiciatis et quis porro et soluta et necessitatibus. Distinctio sit quibusdam fuga ipsam sit ut quo maxime. Velit repudiandae et ea consequatur. Vitae aliquam eum quo repellendus nisi quae velit. Quos fuga nihil atque quas adipisci qui aut. Nihil voluptates sequi consequatur et explicabo consequatur.', '2023-09-20 10:50:55', '2023-09-20 10:50:55'),
(25, 'Ipsa vel modi magnam earum unde consequatur.', 'Nam corrupti nisi aliquam est. Non hic deleniti voluptas sit recusandae. Aut rerum dolores nemo. Ut tempora autem assumenda esse molestiae. Quis harum nihil laboriosam nobis tempora eum. Optio qui qui quo aut laudantium dolor. Maxime laudantium fugit rerum ut ducimus. Enim ut dolor voluptatem architecto quasi nulla et. Quidem nihil minus voluptatem dicta et adipisci id. Consectetur repudiandae aspernatur possimus blanditiis rerum dignissimos optio qui. Fuga quo est alias ipsa. Neque dolor sunt rem architecto nihil. Excepturi sed consequatur rerum nobis quas. Suscipit possimus asperiores deleniti autem et ut. Inventore quas quisquam ipsum voluptas. Et totam autem nihil ad quae repudiandae. Ipsum sapiente fuga cum ex laboriosam a sunt. Quis quibusdam consequatur nam et. Omnis necessitatibus numquam aliquid. Atque optio ipsam consequatur ducimus aperiam sed. Odit beatae in et cum praesentium perspiciatis sint. Doloremque ullam porro qui vero itaque aut. Quia nesciunt temporibus earum ratione consequatur. Omnis sapiente et officia voluptas aut ea. Beatae nihil ducimus ad voluptatem dolorum. Ipsa est aperiam numquam. Reprehenderit voluptas et vel. Rerum aut ab recusandae aut harum accusamus. Error libero minus quas qui aut repudiandae. Dolorum qui illum voluptates eos fugit. Ut totam eum praesentium consequuntur distinctio vel. Numquam fugit corrupti a architecto doloribus non nemo. Quisquam natus ut rerum ut qui. Quis omnis iusto hic rerum. Assumenda commodi dolorem vel non.', '2023-09-20 10:50:55', '2023-09-20 10:50:55'),
(26, 'Maiores aut numquam nesciunt sit quia molestias amet.', 'Eos voluptatem numquam quo omnis dolores expedita quia. Dignissimos quos porro aut voluptas non sit. Ut rerum dolorum molestiae earum veritatis. Culpa voluptatem et exercitationem minus quis molestiae. Quisquam et unde earum cum sunt ut laborum et. Qui alias praesentium totam voluptas sit. Delectus consequatur porro ut magnam harum error. Voluptatibus perspiciatis fugit quis consequatur inventore dicta ut. Molestiae fugit modi ipsam nihil. Veritatis id amet quia voluptates inventore earum. Consequuntur iusto aut quia incidunt et laborum libero. Sed nihil qui nesciunt tempore et voluptatem illum. Ut ratione dolore ut recusandae ex nulla vitae. Et incidunt modi iusto non illum enim adipisci eius. Aut quos saepe autem est maiores et rerum. Ut sunt totam voluptate totam aut assumenda. Dolorum dicta sunt ut soluta temporibus. Accusamus dolor vero eveniet sunt et architecto voluptas. Iusto et aut doloremque et minima et. Voluptas suscipit velit qui corrupti molestiae at. Facilis omnis debitis repellat eum qui et officiis. Architecto consequatur ut non minus. Tenetur ullam sit quia. Qui quibusdam dolores cumque dicta non recusandae. Accusantium dolor beatae aut. Veniam illo rerum tempore accusamus id dolores. Sapiente velit aperiam reprehenderit expedita consequatur harum. Enim fugit tempora amet praesentium. Nostrum voluptates dolor eos consectetur ad. Aut enim iure enim magni. Laudantium et vel tempore sunt magni corrupti et. Velit ad voluptatem maxime pariatur omnis rerum amet.', '2023-09-20 10:50:55', '2023-09-20 10:50:55'),
(27, 'Optio reprehenderit tempora qui ea nam ullam.', 'Quam ea et dolor hic ipsum. Harum eaque in voluptate. Cumque eveniet alias voluptatibus itaque et distinctio vel. Dolorum praesentium perspiciatis deserunt laborum. Exercitationem atque aut nesciunt quisquam. Inventore aspernatur quo aperiam. Similique dolore vero rerum et maiores. Nam dolorem consequatur recusandae accusantium illum ea. Dolorum aliquid alias quis nisi sit mollitia occaecati. Laborum facilis asperiores aut quibusdam vero aut nulla facilis. Cum ipsa odit eos reprehenderit est. Dolore culpa fugiat a reprehenderit voluptate. Modi qui odio porro sed. Explicabo voluptas impedit sed similique sed. Quo aut maiores est commodi sint sed. Porro vel non occaecati animi. Et qui et qui sunt eligendi rerum nostrum non. Quidem aut est et quae velit. Qui similique voluptas voluptatibus provident vero est ipsam. Numquam dolorem natus non soluta rem eum. Dolorum porro vel quia voluptatem nemo. Ipsum explicabo debitis provident sint id ratione. Qui similique rerum nobis cupiditate maiores. Et veniam sit laudantium ipsum accusantium asperiores dolore. Similique rerum eligendi hic rerum. Qui facere labore explicabo possimus. Est quod dignissimos architecto animi debitis recusandae nisi. Ullam debitis cumque aperiam laudantium consequatur ut. Reprehenderit veritatis ducimus autem velit qui alias. Sed ut perspiciatis voluptas temporibus rerum. Eaque animi veniam corrupti fugiat possimus quia dolores. Iusto dolor corrupti provident praesentium.', '2023-09-20 10:50:55', '2023-09-20 10:50:55'),
(28, 'Quaerat nisi nesciunt accusamus sed modi et numquam commodi.', 'Dolores qui sed dolor rerum voluptatem qui. Expedita et illo ex esse iusto. Repellat ullam commodi ut et eum ad. Voluptate veritatis velit ab nam ipsa magnam. Id iste dolorum fuga ut quis et consectetur. Distinctio nihil necessitatibus placeat recusandae. Sed et repellendus est nostrum aliquid eius. Ad sit harum saepe quod error incidunt rem. Aut eum nemo fugit voluptatem. Et occaecati veritatis et vero ut minus. Tenetur corporis officiis impedit. Esse sit dolorem maiores officiis. Magni aliquam eligendi aspernatur. Maxime non harum qui ad quod ab. Nam non architecto non cumque quidem. Qui similique nobis nulla et quia at. Maiores quibusdam harum amet qui ut et. Explicabo laboriosam ad neque doloribus odio itaque. Eum quia quibusdam enim quidem minus aperiam ut. Corrupti ut recusandae eaque est ipsam molestiae. Et cumque quaerat recusandae fugiat. Nam omnis et et doloremque. Voluptates doloribus est est sed nisi aliquid culpa. Saepe nobis qui quos reiciendis doloremque ducimus. Vel ut quasi iure autem corporis autem omnis. Sint nihil aut consectetur sunt quibusdam. Porro ipsum quisquam accusamus exercitationem saepe sunt occaecati id. Inventore eligendi eum dolore quia iure voluptatem odio id. Autem iure dolores occaecati tempora quibusdam. Veniam numquam sed excepturi aspernatur et. Eveniet vitae voluptas omnis non amet corporis placeat ex. Ullam est incidunt commodi temporibus qui. Consequatur pariatur voluptate aut rerum porro minus. Quos illo accusamus culpa nemo impedit.', '2023-09-20 10:50:55', '2023-09-20 10:50:55'),
(29, 'Soluta et nihil repellendus qui.', 'Corrupti dolorem eligendi debitis quam. Dolores autem harum nostrum molestiae quibusdam ut. Vitae esse omnis ut ducimus. Odit impedit ipsa repudiandae magni rerum. Aperiam id culpa magni atque ut voluptatem. Commodi temporibus sit recusandae commodi repellat excepturi. Id molestiae ut facere est voluptatem voluptatem. Voluptates dolorem veniam molestiae est quas. Cupiditate debitis reprehenderit ut omnis. Totam nesciunt vel qui nostrum. Quia repellat rerum pariatur fuga et quam quisquam. Consequatur facere officia dolore hic. Est qui cupiditate sequi sit perferendis voluptatibus aliquid. Et et ducimus hic soluta deleniti iure libero. Voluptatem eos nisi ratione. Officia necessitatibus deserunt quo deserunt nihil et. Neque voluptates rem sint voluptatem doloribus. Dolore nobis nisi est est reprehenderit. Illum velit et alias quis dignissimos consequatur vel magni. Officia laborum minus pariatur tempore consequatur quae quidem. Enim necessitatibus nisi voluptatibus consequatur libero. Aut est et esse quam. Esse et impedit voluptatum dolor. Nulla suscipit laborum error animi reiciendis consectetur sit eligendi. In quis inventore asperiores harum omnis architecto voluptas. Voluptatem suscipit pariatur reiciendis consequatur impedit occaecati ut. Nam ullam a possimus commodi iure. Veritatis et nihil dolor. Quisquam voluptatibus velit excepturi dolorum aut reiciendis voluptate. Ea harum numquam blanditiis nam omnis voluptate adipisci. Enim dolores quibusdam facere magnam. Qui et laborum et rerum quas quaerat sapiente.', '2023-09-20 10:50:55', '2023-09-20 10:50:55'),
(30, 'Veritatis harum sed qui.', 'Dignissimos et sed voluptatem nulla. Repellendus accusamus et quidem quae quo quasi neque. Placeat commodi non maiores qui excepturi minima. Consequuntur dignissimos similique possimus quia ad. Qui in et voluptatibus sint. Iure sunt qui totam magni sed inventore dolor. Est reiciendis qui ipsum sint quae et amet. Sit commodi voluptas ipsa molestiae. Qui inventore consectetur quas et. Et sed ut et ut accusamus. Consequuntur libero occaecati ut consequuntur. Sit non earum eos eius nemo ut quia dolores. Consequatur ut harum inventore saepe. Et debitis fugiat est sequi ullam. Aut recusandae commodi delectus quia unde et ea. Quas doloribus similique quasi aliquid non voluptas deserunt. Voluptas nihil autem id et dolor sapiente laborum. Omnis eum iusto ratione aliquid possimus. Ut modi nihil inventore omnis voluptatum. Occaecati ut repellat repellendus voluptatem. Temporibus culpa nostrum dolorem laboriosam corporis ut. Consequatur asperiores veniam iusto aut commodi tenetur cumque consequatur. Qui doloremque voluptates aliquam molestiae hic. Distinctio voluptatem corrupti eum quia. Possimus ullam adipisci consequatur totam voluptatibus. Perferendis rem ullam consequatur deleniti eum esse alias. Enim vel repellendus ipsum veritatis debitis veniam minus deleniti. Omnis sed dignissimos consequuntur sunt nobis minus aut. Est voluptas delectus natus commodi. Amet repellendus in quia vero tempore quas. Id qui repellat blanditiis qui quos excepturi. Ut ut doloremque enim aliquam id in fuga.', '2023-09-20 10:50:55', '2023-09-20 10:50:55');
INSERT INTO `tarjetas` (`id`, `titulo`, `descripcion`, `created_at`, `updated_at`) VALUES
(31, 'Explicabo ipsa quibusdam fugiat quia reprehenderit fuga et.', 'Nemo id eum tempora in. Ut distinctio est quidem voluptate. Cumque cupiditate ut eum adipisci dignissimos suscipit. Occaecati vel vero molestias et. Ipsum quis voluptatem eveniet iure voluptatem. Laborum in optio sint ad aut natus architecto. Amet enim sunt reprehenderit. Cum laudantium voluptas neque non atque voluptatem sit laudantium. Minima ullam culpa atque aut officia et. Dolore dolore laudantium voluptatem et mollitia voluptatem recusandae. Et dolorem nemo provident magnam repellendus. Voluptatem expedita sunt saepe. Adipisci dignissimos sequi nemo distinctio natus ut. Pariatur fuga esse nihil est. Reprehenderit cumque fugiat beatae a eaque ratione quod doloribus. Cumque qui eos in atque. Quis explicabo eligendi eum quasi. Consequatur ipsum et sint ut rerum. Placeat voluptas excepturi in placeat. Consectetur omnis dolore assumenda sunt sapiente vel. Quod quam facere aut rerum hic. Voluptas nihil reiciendis autem distinctio perspiciatis quisquam corrupti. Dicta est reiciendis assumenda. Quo eum suscipit ut fuga. Quia fuga enim delectus quasi soluta itaque quas. Recusandae quaerat illum sed corporis sunt deserunt alias et. Vitae est magni omnis autem deserunt aperiam error. Dolore provident neque voluptas eos. Culpa dolor nam sunt exercitationem sit quisquam. Quaerat nihil deleniti unde voluptatum. Ab consequatur illum tempore impedit qui vitae. Dolorem dolor commodi doloremque ipsa in. Iste tempora earum libero animi. Qui sit laboriosam sint hic nostrum praesentium itaque in.', '2023-09-20 10:50:55', '2023-09-20 10:50:55'),
(32, 'Et veniam aut possimus ipsam.', 'Velit beatae tenetur repellat excepturi. Placeat perspiciatis aut accusamus quod ullam et. Laudantium tenetur ea deleniti et velit omnis. Quia eius eveniet tempore quia. Laboriosam molestiae dolorum exercitationem dicta. Nobis et impedit sed quasi occaecati itaque. Enim expedita in dolor sed minima quia. Eum dolor officia voluptas dolores assumenda qui. Qui aut voluptatem in ut a eaque. Quia rerum consectetur quasi iusto inventore excepturi. Et eum numquam quibusdam nam corporis. Eos impedit aut est saepe doloremque vero dolorum vitae. Sit et laudantium pariatur dolor ut illum. Sapiente quos cupiditate recusandae molestias aut neque. Iusto enim dicta quibusdam. Suscipit ipsam dicta necessitatibus itaque non soluta delectus. Et dolorum veniam omnis vero molestiae. Id molestiae dolores labore praesentium minus. Ea et repudiandae cum suscipit ut cupiditate possimus. Deleniti laborum commodi officia praesentium dolorum. Ratione aut quo perspiciatis magni saepe laboriosam. Culpa ut ea quo. Est ex eos nostrum illum. Itaque vel neque sunt consequatur. Corporis odit odit doloremque autem sit sint. Vitae expedita facilis laudantium laborum. Sint nemo quaerat quo veniam voluptatem totam aut. Ipsum nihil beatae aut beatae nesciunt omnis a. Sit qui quis et. Illo suscipit est molestiae sed voluptate. Hic modi aut ea sint est nihil dolore. Consequatur dignissimos doloremque provident corporis qui doloremque amet non. Repellendus est voluptas eveniet et tempore perspiciatis possimus.', '2023-09-20 10:50:55', '2023-09-20 10:50:55'),
(33, 'Veniam aspernatur dolore quasi non ea voluptatem repellat dolore.', 'Quaerat sed voluptatem rem adipisci dolor fuga. Fugiat non soluta vel aut. Recusandae architecto aliquam ullam nihil numquam dicta. Et neque dolorem ad nostrum possimus mollitia debitis. Iste minima veniam est non mollitia et veniam. Sit et vel sed. Et nemo dicta sit distinctio rem nihil illo et. Ullam impedit debitis ducimus. Cum officiis consequatur adipisci odit delectus laborum rerum incidunt. Est aut facilis autem maiores blanditiis. Voluptas exercitationem dolorem aut ad quae. Ut incidunt voluptate molestias distinctio voluptas et. Rerum nemo velit minima qui. Esse saepe perferendis quae fugiat. Iure velit molestias ab qui eum esse ad quia. Nemo rerum incidunt nulla doloremque. Quis hic et voluptatem sit perferendis quod. Sequi suscipit fugiat molestiae ratione atque qui magni. Eum sit neque repellendus fugiat nesciunt error nobis. Itaque mollitia voluptatibus placeat aut. Magni velit inventore placeat voluptatem at quos assumenda. Aut qui harum veritatis dolores aliquid quisquam eos. Quam eum rem et cupiditate error ut consequatur. Ipsum iusto reiciendis autem rerum sequi. Et in sint sequi voluptatem laudantium architecto aliquam. Cupiditate alias amet molestiae delectus excepturi qui doloremque. Et est rerum sit cum iste omnis aut. Molestiae repudiandae ut maxime error placeat facilis sapiente non. Aliquid ut deserunt fuga explicabo sapiente necessitatibus dolore voluptatem. Reprehenderit necessitatibus aut et reprehenderit sunt. Culpa voluptatem voluptatem cum atque. Dolores earum pariatur modi rerum et consequatur sed earum. Beatae temporibus hic neque.', '2023-09-20 10:50:55', '2023-09-20 10:50:55'),
(34, 'Et aperiam aperiam aperiam incidunt voluptates iste.', 'Et optio sit voluptas corrupti dolores nemo quia beatae. Et rerum magni necessitatibus fugiat architecto nihil. Culpa vero voluptate mollitia itaque. Reiciendis qui quidem cupiditate omnis minima quasi facilis tempora. Aut consequatur et consequatur aliquam perferendis possimus qui eum. Animi doloribus consectetur tempore minima sit est dignissimos. Distinctio consequatur distinctio corporis nam. Voluptatem est velit in cum earum. Eum ducimus voluptatibus consectetur aperiam dolorem omnis. Ut et facilis dolorem dicta. Ad et maiores rem tempora et labore. Similique sed accusantium consequatur praesentium. Accusamus dolor quis reprehenderit ab rem. Qui iusto debitis ut earum vitae. Accusantium aut voluptate enim. Nulla omnis accusamus voluptates facilis maxime dolores. Praesentium ut similique quam voluptatem maxime. Impedit deleniti ratione consectetur aut. Pariatur enim ea tenetur. Neque totam eius et. Assumenda quae ut qui earum ipsam a minima sunt. Ut maiores eius eum odio veritatis quia deserunt quo. Deleniti magni provident voluptatem distinctio et asperiores et. Voluptas quibusdam praesentium saepe doloremque blanditiis quod. Quaerat magni necessitatibus laboriosam. Sed fugit ut pariatur architecto debitis. Aut vel sit quia quos similique dolor qui. Cupiditate ex molestias maxime id corrupti alias. Et fugit debitis cumque sint nihil dolore modi. Eius labore nihil aspernatur consequatur pariatur. Tempore velit qui et adipisci. Cum voluptatum magnam aliquam et nostrum quidem. Aut totam quis laboriosam totam. Non ea architecto et ipsa inventore.', '2023-09-20 10:50:55', '2023-09-20 10:50:55'),
(35, 'Reprehenderit inventore vel quasi a aut ullam eaque.', 'Rerum dolorem recusandae sed aperiam. Sequi sapiente exercitationem aspernatur ipsa alias. Enim provident non ab blanditiis alias. Reprehenderit necessitatibus reiciendis odio doloremque quod tempora dolorum. Blanditiis ex eos cum. Qui molestiae veritatis enim quam. Est ut eos sint facere dolor perferendis vitae. Exercitationem rerum praesentium hic dolor quas at. Qui officia enim reiciendis tempore dolores eos. Aut est commodi rerum vel asperiores. Atque similique iusto delectus provident sed quia illo. Placeat doloremque vitae voluptatum delectus. Non totam nihil odit ut quia et nihil. Tenetur ut incidunt officiis et. Qui explicabo accusantium natus ipsum. Amet amet aut dolor impedit sequi est corrupti. Sequi quae quidem quibusdam magnam quas. Et omnis voluptas placeat et doloribus. Reiciendis nesciunt provident id optio. Autem quam incidunt maiores ad eos. Voluptatem officia corporis iusto nisi sunt nulla. Voluptatibus quia optio saepe magnam quod. Assumenda dicta occaecati odit iste corporis. Ut quia iste harum esse soluta quia in. A facere possimus laudantium iste pariatur voluptate repudiandae. Eum libero aut nesciunt qui voluptatem sapiente corrupti. Accusamus sit et earum. Aliquid exercitationem et quia qui. Beatae et et illum unde ut sed. Quia recusandae fugit porro beatae. Labore et voluptate numquam incidunt architecto fuga. Enim aperiam dicta harum molestiae est sit. Quibusdam autem sed occaecati. Possimus consequuntur nam iusto. Sunt excepturi ipsum nobis ab error vitae. Nemo at officiis rerum possimus. Eum consequatur quod et commodi.', '2023-09-20 10:50:55', '2023-09-20 10:50:55'),
(36, 'Adipisci blanditiis atque quidem inventore atque.', 'Itaque ea nulla nam quod. Voluptate fugit est facere. Et sit quis sequi dolorum et qui officiis. Esse reprehenderit inventore tenetur quidem consequatur mollitia suscipit dolor. Tenetur qui saepe impedit sequi. Sapiente commodi ullam adipisci aut et aut voluptas nam. Fugiat soluta assumenda atque mollitia qui. Illum similique corporis distinctio quo dolor facilis sit. Sunt tempore sit ad ex nostrum. Voluptatem dolor expedita aut amet. A minima culpa laborum hic. Porro dolorum sunt molestiae sed corporis iusto. Eligendi tenetur similique numquam id eveniet ipsam ut. Sapiente voluptas ducimus nulla eos magni porro. Qui harum dolorem nesciunt voluptatem delectus laboriosam qui. Similique aspernatur ut beatae quae molestiae veniam. Porro sunt eaque ut id. Ut quia illum voluptas consequatur sunt atque voluptate. Eligendi perferendis sint culpa molestiae odio a. Quia non praesentium molestiae. Id ducimus et aliquam est totam excepturi necessitatibus. Cupiditate minus quidem omnis quibusdam totam deleniti et ullam. Dolorem non aperiam sequi. Perferendis id pariatur autem possimus molestiae ratione. Voluptate maiores debitis labore laborum ipsa quia autem. Explicabo vitae dolore cumque quia id ut. Magni ducimus ex ut ut sequi facere. Quia et sed excepturi aut. Sint voluptatibus sit sint quos. Sequi itaque rem aspernatur neque neque. Perspiciatis libero repellendus rerum ut ut. Aut quidem sunt ad error ex non sequi. Iste et non officia temporibus. Et saepe ab placeat.', '2023-09-20 10:50:55', '2023-09-20 10:50:55'),
(37, 'Voluptatem officia sed repudiandae rerum facilis iusto.', 'Qui dolores doloribus laborum non. Sequi velit dicta et fuga. Dolores sed sit odit labore consectetur occaecati. Deserunt doloribus sint velit inventore dignissimos. Dolores doloribus consequuntur voluptates eaque. Deleniti et aut quis totam at ut. Ipsum officiis iure aliquid atque. Consequuntur voluptatem voluptatem eaque eaque distinctio quam. Tempora velit laudantium molestiae est autem placeat. Labore laboriosam veritatis autem perspiciatis est dolores. Eaque eaque perferendis ex suscipit. Ea enim cupiditate quia vero. Optio aut dolores nulla enim. Omnis ipsam sunt et. Dolores nobis non doloribus ut veritatis ut quisquam rerum. Deserunt ea iure officia voluptatem dolores non rem. Atque sapiente fugit modi quo. Culpa laborum ea pariatur impedit ipsum hic harum molestias. Dolor ducimus ducimus ea reprehenderit laboriosam cupiditate. Omnis doloribus praesentium ut asperiores dolorum consequatur. Odit repellendus assumenda tempore error odio ea esse. Quia sed alias consectetur magnam. Sunt hic fugit omnis dolor error. Omnis ipsum vitae aspernatur qui asperiores expedita esse. Necessitatibus rem placeat reprehenderit tempora necessitatibus nesciunt autem voluptatum. Quis fuga velit exercitationem et earum. Illo et atque tempora dolore aspernatur voluptates et. Repellat ab voluptatem sunt rerum. Repudiandae labore ea et doloremque non in. Velit temporibus reprehenderit rerum nulla vel. Ut rerum reprehenderit dolorem sint error distinctio soluta. Ipsam accusantium id quasi quia esse voluptas rerum vel.', '2023-09-20 10:50:55', '2023-09-20 10:50:55'),
(38, 'Fuga et temporibus quia numquam.', 'Sit earum dolorum nobis. Aperiam tempore voluptatum quos tenetur. Magnam earum ipsum rerum vel. Nulla officiis placeat accusamus assumenda tempore voluptatem quam sit. Omnis quam nobis sit. Omnis vel impedit ex et officiis nisi. Sit suscipit nihil perferendis rerum non autem tempora. Quisquam voluptas aliquid libero et adipisci omnis. Illum qui est neque omnis non. Iure asperiores qui est rerum et fugiat. Sint deserunt tempora et est dolorem quam. Eius placeat nesciunt neque ea sed. Illum minima architecto nesciunt assumenda odio quidem. In et placeat minima commodi et. Veniam error sint cumque voluptatem magnam ipsam expedita nulla. Tempora et velit consequatur et occaecati voluptatem voluptas quod. Quia et ipsam unde voluptatem aspernatur facilis unde eos. Velit perferendis dolorem voluptatem maxime illo mollitia sequi quia. Consequatur dolore voluptas officia molestiae quia. Vel vero et ab ut nisi est a. Dolor labore non perferendis voluptatem alias iure esse. Expedita autem ducimus vero voluptatibus. Et accusamus earum provident blanditiis placeat. Eos quos rerum deleniti commodi soluta ut velit. Cum unde et rerum voluptatem. Ut voluptate maxime ea qui voluptates eum itaque. Provident quas aliquid dolorem quod nemo voluptas et dolores. Nisi est alias dolores dolorem dolor. Repellat non sapiente aliquid eum eaque voluptate. Sunt cupiditate est est et dolor est. Aperiam illum est quod et. Libero non voluptatem rerum ratione assumenda vel. Consequatur ab eligendi hic aliquam maxime.', '2023-09-20 10:50:55', '2023-09-20 10:50:55'),
(39, 'Nam commodi quis asperiores et eos ducimus.', 'Magnam asperiores quidem et aut voluptatem. Consectetur iusto sed et dolor iusto. Ex aperiam sit consequuntur quo quisquam quia at. Illum eum excepturi assumenda in. Aut nobis quos id est. Amet ut sint ipsa magnam illum aut quisquam. Voluptatibus quia expedita quia ipsam. Velit soluta voluptatem magnam ea sequi adipisci. Omnis vero quia maxime amet tempora veniam id quasi. Laborum laboriosam quas at voluptates. Aut aut tempora velit qui. Repellat iste omnis ipsum deleniti consequuntur. Corporis cumque iste dicta ipsa mollitia consectetur. Sed illo aut minus aut. Et modi iste repellat corporis. Error accusantium voluptatem modi delectus voluptatem soluta vel beatae. Aut qui aut eos accusamus et rem delectus consequatur. Sit quibusdam ipsam veritatis consequatur repellat reprehenderit molestiae. Porro sed ratione cum quia. Consequatur pariatur quibusdam laboriosam. Omnis earum nostrum voluptate unde quidem debitis cumque. Et hic praesentium quia corporis qui. Voluptas eligendi molestiae quia doloremque nulla. Voluptas ullam adipisci et aspernatur. Harum illum et et sit illum rerum. Et vel vitae vel. Dolore sit ducimus sed est temporibus. Eveniet deleniti voluptatem et similique assumenda quaerat id ipsa. Aut quaerat illum eos maiores ut nam. Fugit neque quia doloribus cumque at magni. Voluptatem nihil sint ut est accusamus nisi ea. Dicta est eos iusto corporis ipsam qui. Voluptatibus adipisci odit esse laboriosam ab. Quod at nihil adipisci voluptas dicta voluptatem repellat sit. Ducimus aut sed et vel.', '2023-09-20 10:50:55', '2023-09-20 10:50:55'),
(40, 'Qui vero explicabo ad culpa porro.', 'Quo debitis ea quae placeat dolorem omnis totam in. Veritatis ut mollitia sed ut dolore quam rerum. Recusandae quidem aut perferendis qui est numquam magni consequatur. Laborum et magnam ea consequatur. Alias enim quia ipsum consequatur sit qui. Mollitia ut fuga numquam ipsa autem incidunt. Nulla maiores temporibus ea accusamus aliquam totam qui. Libero similique molestias dolor rerum reiciendis natus. Voluptatum voluptas fuga ut consequatur. Quis quibusdam ratione veritatis dignissimos distinctio officia at doloremque. Voluptas labore quis aut inventore quasi aut. Nihil perferendis inventore dolor aut. Eius et quaerat voluptatem iusto sunt rerum. Recusandae voluptas soluta libero iste nisi culpa. Dolor perferendis optio ut blanditiis. Molestiae placeat assumenda placeat ullam impedit occaecati. Eum quam unde totam dolores fugit voluptas cupiditate. Minus labore quis odio adipisci optio fuga deserunt. Placeat placeat et aliquam et et quia iste. Eos neque velit nobis delectus. Consequuntur et soluta rem. Voluptatum et id neque sit nihil voluptas omnis quis. Aut nesciunt facilis necessitatibus blanditiis dolores qui. Optio saepe sunt fugit. Quis possimus expedita natus veritatis animi explicabo dolores fugit. Quam neque fugiat et fuga repudiandae porro ut. Commodi nihil quidem laudantium excepturi. Dolorem tenetur dicta dolor est. Aut qui accusantium in repellendus neque illo. Expedita quia nisi voluptatem rerum atque voluptatem veniam perspiciatis. Aut sed molestias aut deserunt.', '2023-09-20 10:50:55', '2023-09-20 10:50:55'),
(41, 'Deserunt ut distinctio et suscipit eum eius.', 'Occaecati possimus ullam aliquid neque aperiam. Sit aut et distinctio distinctio. Et et omnis quia consequatur illo sunt nisi. Ad tempore soluta est et eos. Ducimus fugiat voluptatum facilis officiis rerum. Sit consectetur quos similique odio ea vitae consequatur. Dolor exercitationem quas aut ea veniam. Et magnam possimus deleniti. Nobis aut ducimus et eum incidunt. Rerum nesciunt facere porro ad impedit ipsa et. Et magni aut totam eaque. Ut modi laboriosam dolor officiis ad reprehenderit. Qui repellat ad iusto sed eligendi ad temporibus. Optio ad sit rem. Odit culpa quidem cumque dignissimos. In alias temporibus facere cumque et. Temporibus officia ducimus aperiam in ullam iste. Rem culpa optio laboriosam sed. Distinctio nobis qui unde qui. Repudiandae quis similique quo debitis corporis. Minima ut accusantium ducimus totam. Et libero veniam nihil. Sunt excepturi omnis architecto illum id rerum dignissimos. Perspiciatis dolorem sunt dolor. Ipsa nostrum quia laborum sed porro. Nulla quia nam similique animi. Sunt explicabo excepturi nesciunt esse nostrum quo. Eveniet minima cupiditate omnis ut dolorem ratione. Et odio mollitia facilis aspernatur. Sint inventore quia nulla consequatur fugit rerum sint. Placeat dignissimos quia et optio adipisci laborum inventore. Dolores soluta consectetur quam adipisci pariatur quidem similique. Aut incidunt vitae aut id fuga ex. Eos reiciendis vitae enim enim vitae laudantium. Aut atque alias inventore et autem. Nulla amet beatae et quia tenetur. Est nemo velit ex laudantium culpa. Unde illo sit saepe dolorem porro quia.', '2023-09-20 10:50:55', '2023-09-20 10:50:55'),
(42, 'Eveniet commodi illo et enim dolore.', 'Voluptas reprehenderit voluptas et et libero possimus. Rerum molestiae et ad quo. Fugiat aut vero eum ut est. Ipsa iure eos expedita vel enim. Repellat in tempore voluptatem autem consequatur. Autem aut ea omnis omnis. Modi earum similique ducimus et. Deserunt sunt eum aperiam autem est porro ut architecto. Qui illum qui qui et vitae assumenda non. Laudantium autem maxime vitae voluptas. Eos consequatur nam est ipsam. Sit esse quia et placeat dolorem. Et et aut sint est. Atque consequuntur animi officia natus et hic sint et. Quisquam aspernatur saepe dolor corrupti quod asperiores debitis. Qui sed et illo quod enim molestias ipsam. Quis saepe ullam dolore suscipit quasi dolores. Modi molestias modi quia fuga voluptatem recusandae. Maxime quaerat aut odit animi. Qui aut voluptate totam reiciendis sequi architecto qui. Et omnis esse possimus voluptas molestiae cum. Corrupti sint voluptatem doloribus omnis ad voluptates. Laboriosam expedita et voluptatem odit tempore enim sequi. Ullam voluptatibus suscipit expedita ipsam nulla. Et molestias adipisci laboriosam quibusdam qui assumenda incidunt. Explicabo molestiae vel nisi maiores ipsam sequi est. Voluptate natus ut velit rerum et autem. Accusamus eius et earum laboriosam nemo veniam voluptates est. Voluptatum aut enim excepturi. Velit atque non minus molestiae quia ducimus modi. Doloribus delectus similique voluptates unde ad est porro. Dolor quae quis nemo odit vitae eveniet et. Vel est ea temporibus consequatur. Quasi repellat iusto expedita vitae. Voluptatibus ut omnis voluptatum et ut possimus repellat.', '2023-09-20 10:50:55', '2023-09-20 10:50:55'),
(43, 'Expedita ipsum numquam impedit voluptates quibusdam.', 'Sunt amet perspiciatis quaerat asperiores. Ab ut praesentium eveniet recusandae nihil. Incidunt autem aut tenetur magnam sint id. Molestias id exercitationem qui dolor magni fugiat aperiam. Laboriosam quam et quia non est id rerum. Debitis est atque et autem fugiat dolor. Minus nisi molestiae sint itaque ut sed. Sunt assumenda et nesciunt aliquam dignissimos et. Aut et distinctio dignissimos numquam dolores veniam. Ratione voluptatem libero quia. Voluptatem voluptatum dolorem cum optio voluptatem est voluptatem. Porro placeat possimus suscipit consequuntur deserunt accusamus. Quo molestiae dolor sit tempora sunt delectus aliquam. Aut adipisci facere fuga modi eos asperiores. Rerum optio ut et et voluptates sint. Harum laudantium sit perferendis officia aut cum quo. Ipsam nostrum et excepturi. Est voluptas facilis nulla repudiandae totam. Maiores eveniet dolor illo vel soluta. Architecto perspiciatis dolorem odit perferendis voluptatem. Odit autem error eligendi accusamus est facere animi neque. Nesciunt eum reprehenderit vel rerum et. Ut dolor nulla error atque. At accusantium accusamus aperiam molestiae repellendus. Exercitationem repudiandae unde reiciendis mollitia. Officia ipsam quam earum tenetur earum quia hic. Ea voluptas sapiente dolores quia. Nam a nam consequatur non. Ratione laborum suscipit molestiae in pariatur qui. Illo minus ipsam ad esse ea ad omnis. Enim laudantium qui accusantium adipisci. Nam sequi possimus expedita quam. Ipsum temporibus aut sint aperiam fugit recusandae velit voluptatum. Eos quo doloribus quibusdam quo aut numquam necessitatibus.', '2023-09-20 10:50:55', '2023-09-20 10:50:55'),
(44, 'Non tempore qui a quia est itaque eum.', 'Quidem quisquam in eos aspernatur. Laboriosam tempore cumque quaerat excepturi. Aut non fugit deleniti qui ea. Molestiae facilis veniam impedit officia. Doloremque veniam qui quia eum vero vero quis. Cupiditate quia et unde distinctio. Ut voluptas totam suscipit necessitatibus provident assumenda. Tempora reiciendis in dolorum consectetur. Perspiciatis similique illo illo neque. Tempore exercitationem dolorum autem qui minima dolores. Vero rerum minima eius minus deserunt est dolores. Et voluptas mollitia ut sit quia inventore ut. Consectetur voluptatibus minima cum facere. Inventore voluptatem voluptas fuga accusamus commodi culpa atque. Impedit corporis id sit. Aut mollitia dolorem molestiae animi et ex. Blanditiis maiores quia accusantium et omnis corporis. Neque aut ut velit. Qui dolorem rem qui nostrum praesentium. Id illum praesentium ut inventore eum voluptatem. Voluptatem fugiat exercitationem blanditiis voluptatem aliquam repellat ea laudantium. Tempore molestiae corrupti explicabo dignissimos asperiores enim incidunt. Nulla repudiandae consectetur quia adipisci velit sapiente. Maiores quos soluta rerum laboriosam et quae iste. Aut eveniet autem blanditiis aliquam sed quia doloremque. Sunt dolor laborum libero laborum. Blanditiis mollitia itaque molestiae. Tempore atque voluptatem officia vero. Est eaque sit animi aut. Et earum laboriosam hic et nihil molestiae.', '2023-09-20 10:50:55', '2023-09-20 10:50:55'),
(45, 'Animi vel enim hic quam.', 'Eligendi praesentium impedit et culpa. Debitis nemo amet qui amet veniam mollitia harum. Quas aliquam ut aut fugiat. Numquam sed est repellat nostrum est dignissimos quos. Reiciendis molestias maiores fugit similique. Saepe laudantium quae voluptatem. Nostrum cupiditate eum consequatur sapiente nesciunt quaerat suscipit. Sed at dolor ipsa nihil in reprehenderit. Et quod ea aliquam aut nihil quae eius excepturi. Nam placeat eos quo sit quidem. Et ipsum aut assumenda vero harum debitis. Est illo velit cupiditate non fugiat quo et vel. Autem ab in eos veniam. Et aut consequuntur et et accusamus. Aut est et sit maxime illum deserunt exercitationem. Molestiae et iusto veniam nisi. Nostrum omnis tempore deserunt. Est labore nobis enim fugiat. Iusto quia corrupti odit et velit. Sequi quod fuga qui excepturi et et provident. Quasi ut dolores rerum veniam. Voluptas debitis sit incidunt placeat totam nobis non. Adipisci minima reiciendis qui ad dignissimos. Deleniti doloremque provident totam cupiditate autem eveniet temporibus. Qui enim ex beatae dolorum. Occaecati cum autem assumenda impedit. Ad ut eum fugit eos. Voluptatem et dicta officiis illo magnam voluptatibus. Corporis sunt nisi sed cum repellendus voluptate animi. Quasi quas distinctio tempora placeat. Est facilis illum non est quia corrupti. Laborum dicta illo error porro ullam dolorum. Consequatur quia amet inventore aut ut rerum magni dolorum. Qui et et rerum itaque laudantium aspernatur.', '2023-09-20 10:50:55', '2023-09-20 10:50:55'),
(46, 'Nam non sed velit.', 'Voluptatem aut cupiditate delectus quae et temporibus. Nisi rerum beatae ut omnis. Magnam sed laboriosam sed. Tempora enim et autem ullam provident. Totam ut ex ipsum provident animi totam. Nostrum incidunt sint non aut corrupti deserunt eaque necessitatibus. Quia culpa molestiae voluptas aut soluta esse adipisci. Fugiat voluptatem odit libero et sunt id. Minus placeat nobis omnis qui officia similique. Laudantium et tempora voluptatem quasi. Autem ad eum est delectus temporibus aut possimus. Qui dolore eos quo inventore animi animi. Laborum at rerum voluptatibus expedita error. Voluptas quas et voluptates a sed quis nihil id. Ut corporis dolores et quia vel. Officia velit eos perspiciatis quia quasi consectetur dolorem. Inventore vel totam nulla rem in. Sed fugit cum repellat est impedit magni. Aut quasi commodi incidunt qui quos. Iste aut mollitia sit nulla illum perspiciatis ratione sint. A earum qui mollitia. Pariatur eligendi eum laborum rerum rerum ut. Ex delectus voluptates aut rerum. Vero sint ut accusamus est. Qui sed excepturi nam aut commodi mollitia officia quas. Voluptatibus consequatur soluta velit vel consequatur repudiandae similique non. Quisquam occaecati et placeat accusantium officia molestiae sint. A consequatur et repudiandae ut omnis qui rerum. Maiores repellat vel sapiente sed sunt laborum doloremque sit. Unde voluptate doloribus incidunt adipisci accusamus dolor. Assumenda assumenda fugiat natus accusantium quod.', '2023-09-20 10:50:55', '2023-09-20 10:50:55'),
(47, 'Impedit hic porro tenetur ipsam explicabo.', 'Quod dolorum porro molestiae. Est maxime et vel eum ut. Necessitatibus necessitatibus vero voluptas molestiae cum est harum sunt. Recusandae omnis eius quo ut. Cum quae aperiam saepe consequatur ad a. Consequatur sit nemo voluptatibus laudantium cum corporis. Quo nihil sequi natus soluta consectetur. Dignissimos dolor accusantium quo error autem itaque. Quaerat quo sed cumque fugit. Itaque eligendi aut minus cum animi. Et quos aperiam accusantium ratione et possimus sed. Omnis ipsa reprehenderit a molestias error et consequatur. Aliquam rerum neque aspernatur occaecati est sit. Officia et dolorem praesentium quibusdam. Quis natus nemo repudiandae accusamus quod tempora non. Et dolore nulla aperiam voluptates est non. Aspernatur velit aut sit maiores. Tenetur explicabo reprehenderit quod quibusdam aut. Similique veniam enim voluptas dicta perferendis saepe reprehenderit. Dolor vel sint quam cupiditate voluptatem qui non. Cupiditate itaque ducimus error quis numquam. Doloribus ab non rerum maiores et ut et nulla. Saepe atque nostrum aut sit aut voluptatem. Odio et iure totam nihil. Temporibus aut sunt asperiores. Consequuntur ipsam reiciendis ad dolorem aut voluptate. Quod perspiciatis eos deleniti. Perferendis consequatur quos repellendus quo vel cupiditate. Doloremque voluptatem aspernatur vitae unde veritatis nihil. Veritatis excepturi nesciunt ad quia reiciendis autem cum accusamus. Modi tenetur error doloribus accusantium. Quo et laborum debitis nam tempora id. Doloribus sit numquam aut aut qui.', '2023-09-20 10:50:55', '2023-09-20 10:50:55'),
(48, 'Natus a incidunt in eos sint similique.', 'Mollitia et dolores ipsa quidem. Veritatis est rerum porro omnis quam. Aliquid eius beatae dolorum at et repellat sed. Minus cupiditate veniam odio ex optio id. Rerum quisquam ducimus eos repellat est ratione. Quis veniam distinctio consequatur libero odio. Temporibus sint voluptatem qui voluptatum. Qui magnam et repellendus odit. Nemo sed nostrum ipsum earum iste illo. Doloribus aut sit et voluptate quis libero. Nihil quia voluptatem porro cupiditate fugiat non est omnis. Blanditiis dolores numquam accusantium autem qui ratione. Velit aut eos voluptas qui commodi tenetur eligendi aut. Sint et et consequatur velit vitae aliquid. Natus quis beatae reiciendis voluptatibus eligendi voluptatem. In dignissimos modi eos nisi quo similique error. Non quidem aut sunt inventore enim omnis. Qui et ut commodi sed tempore. Aut ratione dicta autem consequuntur perferendis ullam. Voluptas eos voluptas rerum totam quo. Voluptatibus totam ad distinctio omnis accusamus magnam. Maiores atque ipsa temporibus quisquam autem molestiae eveniet omnis. Nemo consequuntur perferendis rerum porro nesciunt et possimus. Vel saepe ut deserunt sed temporibus aspernatur doloribus. Corrupti est voluptas est natus ab sunt facere veniam. Vel culpa aut accusamus ut. Distinctio nobis vel dolor eaque quia qui nesciunt. Dolores ipsa autem fugiat voluptatem est dolorum. Consequatur cum unde dicta temporibus. Architecto dolorem et eius. Voluptatem distinctio adipisci voluptate. Beatae excepturi dolorum voluptates dolorem voluptatem velit.', '2023-09-20 10:50:55', '2023-09-20 10:50:55'),
(49, 'Sint voluptates ratione et suscipit eum qui.', 'Optio esse est veritatis veritatis velit. Ipsum alias veritatis autem. Debitis est voluptatibus assumenda nihil. Consequatur recusandae autem sapiente dolorem sed voluptas. Dignissimos et soluta eum harum et quia. Est voluptatem maiores possimus in. Ea qui rerum corrupti minima est. Exercitationem rerum quo suscipit est atque qui qui. Minus alias ipsam hic natus qui. Ipsum sit dolor eius minima pariatur atque reiciendis. Ut vero culpa dolore. Exercitationem perspiciatis ducimus vitae et. Labore aspernatur fuga beatae itaque unde qui dolor. Adipisci distinctio inventore qui unde rerum dicta aut repudiandae. Et rerum et eos accusantium. Praesentium neque rem quis voluptatum. Labore et ex et rerum iusto similique harum voluptas. Et iusto ratione voluptate magnam perferendis. Dolore ut laboriosam dolor qui. Tenetur non odit error quo sunt ea nostrum perferendis. Molestias doloremque dolores impedit eum quo ipsum in. Molestias perspiciatis non laboriosam id. Corporis quaerat omnis tenetur nihil esse et corrupti ea. Sit et velit inventore suscipit doloremque consequatur est. Ut officia excepturi totam totam ea. Eius consequatur ea et fuga iste tempora a. Ratione voluptatem quia sed eos deserunt. Vero sit nulla ipsum et exercitationem perferendis. Ad excepturi id architecto. Eum dicta itaque debitis rerum veritatis enim. Et quisquam et illo vel totam facilis sint. Earum illo sequi ut est quos non sit. Dolore architecto consequatur neque sit tempore ad. Atque consequatur iusto asperiores consectetur inventore. Necessitatibus optio et ipsam ut ut non.', '2023-09-20 10:50:55', '2023-09-20 10:50:55'),
(50, 'Magnam velit delectus molestiae quo perferendis enim.', 'Quisquam ut qui sequi nesciunt a modi molestias. Molestiae ullam voluptatem commodi. Quibusdam culpa alias esse molestias alias. Dolor id itaque ratione repudiandae voluptas soluta. Nemo molestiae inventore voluptatum consequatur iste. Explicabo eius accusantium repellendus quod optio et. Quidem qui ut distinctio odit saepe velit aliquid eaque. Hic cupiditate ut totam. Molestiae quisquam odio distinctio nihil. Distinctio animi saepe odit et sed voluptatibus. Quia laboriosam voluptate enim velit ratione ratione. Et omnis rerum dolores. Nam quia omnis corporis culpa explicabo. Molestiae perferendis optio deserunt sed quasi vitae. Illo quaerat perspiciatis aut ipsam. Sunt facere voluptatem ea soluta eum. Expedita culpa totam ut assumenda. Possimus ratione nobis voluptas occaecati hic vero. Quas aliquam sit ad voluptatem accusamus et. Et exercitationem magnam quasi amet. Blanditiis voluptatum accusantium quia quasi aut architecto. Voluptatum possimus recusandae eum. Rem aut aperiam placeat ex aut aut aut error. Ullam qui minima temporibus rem. Esse vero autem ab placeat voluptatem. Ut vel rerum iure corrupti enim atque velit. Eveniet molestiae facere facere praesentium placeat. Vel odit sit dolor in. Corrupti est nemo id in magni. Saepe repellat voluptas consequatur quos ab velit quis. Sunt neque aut totam mollitia. Et vel ipsum ipsum doloremque. Ipsum vero eum distinctio reiciendis ipsum quo expedita. Nam pariatur rerum molestiae id quidem expedita. Eos enim aut saepe vero dignissimos ratione sit. Laborum ratione aut repudiandae eveniet expedita aliquid omnis eum.', '2023-09-20 10:50:55', '2023-09-20 10:50:55'),
(51, 'Ducimus deleniti autem nobis quae.', 'Est sunt laudantium qui velit est. Dolores eum tempora hic quos debitis. Rerum repellat et nemo non ut ea. Quam nihil porro nisi voluptatem magnam sit sed eveniet. Ratione et explicabo et consequatur quasi odit eos. Autem quo deleniti et. Enim recusandae vero eligendi sunt repudiandae officia. Enim tempora facilis non est corrupti nostrum. Minus velit enim unde ut consequatur velit nisi. Enim a culpa harum id eum sit repudiandae. Exercitationem natus rem quia eligendi fuga voluptas. Distinctio inventore esse esse eum. Libero cumque dolorem enim sed voluptatem. Eaque sit et debitis dolore. Est reprehenderit qui qui qui et in. Aut at corporis deserunt dolores sint officia est. Non deleniti minima quasi iusto quo dolor quo. Ipsam minima corporis numquam alias quia eos assumenda. Modi cumque et et itaque nihil dolore ut. Impedit libero est non vitae et culpa. Voluptas optio ipsam voluptas. Doloribus distinctio adipisci perferendis veniam error. Voluptatem quia voluptates accusantium nihil atque quod cupiditate. Corporis fugit ut sunt quia sit eos ab autem. Nemo animi quod quos est. Sint in magni ut ipsam reprehenderit. Quo quis veritatis occaecati ut. Natus voluptatem placeat sed voluptates. Dolorem doloremque porro qui tempore. Quis nulla officia officiis ratione enim culpa molestiae. In magnam ut dicta quo. Aut amet harum debitis velit. Et voluptatem harum est maxime voluptatem est. Magnam modi blanditiis voluptatum amet minus quia. Minus dicta laborum ea possimus est.', '2023-09-20 10:50:55', '2023-09-20 10:50:55'),
(52, 'Dolorem autem provident corrupti magni.', 'Quasi ea non porro consequatur facere qui. Aut fugit quod odio rerum occaecati hic. Unde aspernatur blanditiis autem incidunt dolores dolorum. Reiciendis dolor quidem nam molestias unde cupiditate. Odio praesentium alias corrupti eius qui. Quia sapiente quisquam nostrum qui. Rerum facilis doloremque at autem. Unde quia et mollitia sint assumenda. Adipisci et sit ab maiores omnis ea nam. Fuga vitae qui est modi id iste. Quas quis similique et id facere enim non. Veniam dolores velit incidunt magni enim dolor omnis. Vel voluptatibus est non assumenda quas perspiciatis aut. Accusantium dolorem illum est ipsam. Dolores odit mollitia ex vel omnis laudantium quasi. Voluptatem sequi rerum asperiores aspernatur. Et repellat beatae qui repellat nihil laboriosam consequatur. Quae eaque ipsum consequatur at assumenda. Aliquam rem id excepturi sint fugiat molestiae assumenda quod. Assumenda eveniet rerum quod eaque illum. Laboriosam blanditiis sit minus et voluptas deserunt. Et unde illum praesentium eos similique debitis. Quas omnis cupiditate deserunt deserunt nihil dolorem. Dolorum eos ab rerum ut est fugiat aspernatur. Omnis qui nam veritatis quia tenetur. Ea error accusantium ullam iusto saepe blanditiis. Fuga aut aut temporibus. Sed omnis quia qui atque deleniti quidem non eum. Voluptate occaecati qui tempore qui. Magni incidunt a nulla et temporibus enim dolores. Sunt maxime harum dolore eaque. Et ducimus ut praesentium possimus dignissimos reiciendis accusamus. Et et non laboriosam. Voluptatem sequi cupiditate velit. Laudantium corrupti optio dolorem sed.', '2023-09-20 10:50:55', '2023-09-20 10:50:55'),
(53, 'Quia iure minima vel ipsam similique illum error.', 'Ducimus ab exercitationem sit ut et in. Consequatur voluptatem placeat repudiandae vel et deserunt. Eos libero ducimus aperiam veritatis nihil occaecati ut ut. Nemo ea sed ratione dolorem ab aut. Quam nihil facilis vero aliquid. Aut ratione dolorem esse delectus. Tempore sunt quia veniam alias voluptate. Quia occaecati ipsum sit ab. Corporis unde quo aut veniam. Corrupti deleniti placeat facilis aut quisquam. Sint odio facere enim laborum laudantium dolorem in. Vitae optio ex autem id doloremque voluptatem iusto. Ratione aperiam ut porro sunt. Recusandae ipsam debitis et eos consequatur placeat. Molestias sed porro fugiat id ullam molestiae libero. Magni laborum molestiae nesciunt corrupti accusamus. Occaecati ullam aut et dolorem dolorum sint. Explicabo quia error impedit consequuntur sed cupiditate. Sunt nulla ut et amet esse aliquid. At ut consequatur qui excepturi aut. Officia dolorum autem enim debitis. Non alias quia esse incidunt ipsa sapiente voluptas et. Voluptatibus voluptas et alias aperiam explicabo. Nulla deserunt consequuntur in quibusdam ipsa perspiciatis. Delectus est nobis facilis et qui eos quia qui. Quia pariatur aut id voluptas quisquam magnam odio. Et eum tempora velit dignissimos est excepturi. Provident et reiciendis nihil sit et sit ut. Consequatur blanditiis vero animi laboriosam impedit eaque. Itaque repellendus deserunt aut nulla voluptatem.', '2023-09-20 10:50:55', '2023-09-20 10:50:55'),
(54, 'Corrupti nulla quaerat soluta nesciunt officiis ut.', 'Labore voluptas dolor est harum. Praesentium fuga non commodi voluptatem aut tempora rem. Quasi consequatur maxime molestias ut maxime. Sunt voluptates fuga non sed. Id neque sunt enim inventore magnam nesciunt. Suscipit voluptatem sit repellat alias reprehenderit neque. Qui perferendis est eius saepe ipsam dignissimos distinctio. Eum quia nostrum dolor impedit quibusdam omnis. Ex laudantium autem dolorem architecto ipsam voluptatem qui. Tempore sapiente optio rerum. Enim ut repellendus est sapiente consequatur et. Impedit rerum quo culpa voluptatem possimus est voluptas maxime. Sed eius odit voluptatum ea et saepe unde. Veritatis debitis distinctio ab exercitationem dolorem veritatis et. Porro illo sequi rerum aut eos ab ipsa. Debitis ea laborum ratione et ut hic. Sit officiis autem ipsa ut et animi est neque. Dolor quos et ut nam exercitationem impedit et et. Doloremque saepe eos hic qui. Qui adipisci ab atque quidem qui ducimus molestiae recusandae. At ea nihil cum velit suscipit et. Totam porro reiciendis reiciendis laudantium quidem culpa ex. Enim natus eius fuga sed illum mollitia maiores. Enim eos blanditiis mollitia. Vel rem excepturi consequatur omnis amet. Qui qui ut nisi reprehenderit et animi voluptas. A et aut nisi voluptatem sapiente illo sit. Officiis eum culpa vitae sed et. Deleniti ex voluptatem consectetur aut ipsam aspernatur assumenda. Et enim et qui aut rerum quidem voluptatem nam. Aut vel officiis voluptate vel consequatur eveniet quia. Facere et quas aperiam laudantium et.', '2023-09-20 10:50:55', '2023-09-20 10:50:55'),
(55, 'Est numquam aliquid ipsa minima eos.', 'Praesentium ex libero ea molestias. Ut sunt soluta omnis illo explicabo natus porro. Excepturi eveniet voluptatum voluptatem dolore rerum rerum exercitationem. Cum voluptas ut quibusdam odit quasi nam dolorem. Deleniti ipsam quas sequi qui. Error illo placeat voluptatem qui distinctio quaerat ut. Necessitatibus doloremque enim ipsa nulla ab. Et voluptas qui labore voluptatum voluptatem in. Amet quia temporibus consequatur incidunt sint inventore. Ad inventore reprehenderit velit natus. Consequatur quia mollitia fugiat error magni itaque. Voluptatem quaerat corrupti reiciendis cum aut et. Ducimus sint nostrum libero. Amet id non in atque omnis quo. Reprehenderit aut aut fugit recusandae in. Consequatur provident voluptatum et voluptates soluta eum quis alias. Magnam esse repellendus quod officia autem a et. Aperiam ipsam et laudantium delectus. Nam vel sint possimus necessitatibus suscipit assumenda. Corporis et sint ipsam ipsum. Sit doloremque quibusdam minus minus iusto. Et expedita deleniti voluptates debitis enim quidem voluptatem. Quia tenetur iure voluptas. Id distinctio nam cupiditate quos quo. Explicabo nihil veniam nobis vero enim rem. Assumenda sed molestiae esse eveniet eaque in nesciunt magnam. Dignissimos neque sunt ut qui vero reprehenderit ipsum architecto. Consequatur hic ut sed saepe iusto. Mollitia repudiandae atque unde voluptatum illum consectetur nobis ducimus. Iste quia assumenda odio praesentium et. Quasi porro odit consectetur.', '2023-09-20 10:50:55', '2023-09-20 10:50:55'),
(56, 'Non et aspernatur nisi consequatur omnis.', 'Dolorum dolores eaque quod. Blanditiis earum a minus voluptatum ab perspiciatis. Non ratione aliquam est dolores. Modi adipisci sit similique cumque quia amet. Vero quaerat consequatur aut natus fugiat. Ducimus autem tempora et minima molestias. Eveniet aperiam distinctio rerum quam saepe nesciunt. Eos et labore dolorem temporibus numquam. Deserunt dolorem quo quo dolores consequatur aliquam tempora. Et odio consequatur autem non. Dolorum facilis nemo labore ullam eligendi temporibus. Quas omnis sequi repudiandae qui soluta. Voluptatem vitae et odio consectetur adipisci. Voluptate repellendus beatae ut perspiciatis amet consectetur harum omnis. Debitis voluptatum quo expedita quo. Repudiandae tenetur velit libero. Quidem reprehenderit pariatur iste libero. Eum dolores culpa aperiam natus natus. Maxime rerum esse voluptates et. Et a sit maiores qui. Iure tempore inventore odio neque autem sit quia. Et qui impedit iusto quaerat laboriosam ab dolore. Sed distinctio dicta accusantium aliquam ducimus et. Rerum repudiandae enim nulla placeat autem. Sint voluptatem facilis est inventore in quaerat tempore. Magnam est distinctio voluptas ea nostrum. Dolores commodi voluptas id numquam. Fugiat numquam aspernatur iusto quibusdam. Assumenda impedit qui enim commodi ratione. Nam minima sunt voluptas. Repudiandae maxime modi sed animi facilis. Est culpa nesciunt aut eum similique non. Laboriosam nisi possimus delectus iusto sed. Enim dignissimos voluptatem velit explicabo. Animi consectetur id necessitatibus est aliquid aut incidunt quidem.', '2023-09-20 10:50:55', '2023-09-20 10:50:55'),
(57, 'Non id magni enim assumenda qui.', 'A qui illum rerum facere quibusdam inventore. Expedita recusandae autem cupiditate ab. Qui fugit hic quod ullam et illum. Veniam hic sapiente alias corrupti rerum. Laboriosam est nihil officiis unde labore omnis nulla. Ut et quia pariatur omnis qui eum nihil laudantium. Necessitatibus nostrum nulla qui error. Reiciendis consectetur distinctio ut quod natus aliquid omnis. Omnis et ea consequatur quae dolorum suscipit sed. Voluptas dolorem commodi voluptatum sed consequuntur velit alias. Nulla placeat culpa veniam sapiente aut sint eum et. Est perspiciatis et sint eveniet id dolorem debitis. Nesciunt soluta consequatur suscipit eum. Et exercitationem consequatur est enim. Doloribus id quisquam fugiat illo iusto id. Quod omnis sunt rerum minus totam. Facilis aperiam doloribus vero voluptatem. Nisi reiciendis odio quia quod neque enim velit odit. Molestiae vel quaerat velit perspiciatis asperiores quis. Accusamus eligendi ea nesciunt nisi molestiae officia voluptatem. Eaque explicabo inventore dolores voluptatibus adipisci. Ratione adipisci et est error. Aut ullam voluptas voluptate dolores illo. Ea voluptas nam ipsam tempore. Ipsam cupiditate sit dolores nobis. Eos eius voluptate suscipit iusto sed similique et. Error nostrum eos dolorem laudantium ab perspiciatis aut. Aliquid odit consequuntur in laboriosam quaerat maxime ab. Perferendis sapiente voluptatem consequatur aspernatur dolorum. Aut provident consequuntur provident qui. Voluptas sit sit est atque dolor. Id voluptatem hic assumenda ex maxime odit hic.', '2023-09-20 10:50:55', '2023-09-20 10:50:55'),
(58, 'Et voluptas aspernatur dolor cumque sunt est maiores.', 'Ullam quo officia molestiae voluptas a. Omnis fuga quae omnis natus et molestiae. Vel velit qui aspernatur ea. Similique est accusantium laborum nisi id ad. Est est voluptate saepe. Provident adipisci quia fuga est nostrum sunt provident. Dolorem rerum sequi ipsam non et. Nemo dolores hic id et ex enim quidem. Iure dolores voluptatem ut est et qui aut. Vero voluptas rerum debitis. Esse soluta repellat itaque. Id dolor est aspernatur in rerum doloremque. Aut corporis error qui ut at consequatur qui. Minus sed voluptas incidunt rerum laborum voluptates explicabo. Ea rerum voluptates laboriosam expedita. Reprehenderit quae ducimus corporis quis. Vitae aliquam ut qui et. Vitae voluptas facere recusandae impedit consequatur quidem omnis. Totam fugiat natus nesciunt similique. Vel nihil rerum nostrum. Ipsam voluptatem aut voluptatem voluptatem consequatur facilis. Est minus et est mollitia dicta sed quae accusamus. Repellat exercitationem perspiciatis rerum expedita nemo nobis voluptatem. Et quam aspernatur est expedita vitae voluptatibus. Quo et atque quod dignissimos ducimus possimus tenetur quia. Minima esse vel quam sint tempore et. Dolor ipsum autem quae provident quis. Maiores architecto mollitia sunt nesciunt eum qui. Cumque et blanditiis est autem. Libero nam est suscipit earum voluptatem cumque et sit. Voluptas numquam ratione pariatur quis ratione. Tenetur qui assumenda deserunt qui. Quia maxime minima illum consequatur voluptatem.', '2023-09-20 10:50:55', '2023-09-20 10:50:55'),
(59, 'Dolores est deserunt aliquid ipsam aut.', 'Illo reiciendis facere et occaecati. Officia eligendi molestiae nam. A adipisci dolor molestiae commodi. Fugit et blanditiis animi a beatae. Enim quia ad ex aut. Impedit debitis praesentium eius a. Dolorem id sunt omnis quo non. Nihil ut quidem perferendis neque iusto. Pariatur non sed aperiam et necessitatibus rerum adipisci. Ut rerum ratione veritatis tempora blanditiis. Amet odit veniam omnis dolorum doloremque. Dolorem iusto et et autem eveniet. Dolores at cumque perspiciatis pariatur et. Sapiente voluptas id animi. Nobis dolores quisquam qui qui eos assumenda fugiat est. Omnis voluptas natus nihil. Est sint molestias a excepturi doloremque. Velit numquam sunt molestiae dolorem. Veniam autem corrupti quo est alias debitis ut. Doloribus voluptatem reprehenderit cum pariatur molestiae. Iusto suscipit nisi optio vero aspernatur quis fuga. Et magnam optio provident veniam libero rerum. Ut iure doloribus a voluptates qui accusamus culpa. Aut similique a corporis corrupti. Sunt aut atque nisi sit. Sapiente a ab quam quae sed. Itaque quibusdam maiores ullam. Numquam ut sapiente cumque enim porro in. Voluptatem veritatis consequuntur omnis mollitia nostrum in ratione. Itaque molestias id possimus modi culpa pariatur totam. Sit deserunt sit aspernatur soluta molestias dolores. Ut iusto sed dolores voluptas iste. Et ut perferendis sit ut ipsa commodi. Mollitia assumenda omnis id molestias at consequatur. Inventore dignissimos id qui dolorem ex nulla sint. Consequatur est quo sint eligendi quia nihil porro.', '2023-09-20 10:50:55', '2023-09-20 10:50:55'),
(60, 'Animi sit asperiores error sit ex iusto.', 'Dolore autem perspiciatis porro et. Possimus fuga illo unde dolorem. Eligendi quibusdam ipsam non et omnis. Amet inventore possimus consequatur necessitatibus. Repellat laudantium non non aperiam aut a omnis placeat. Veritatis nam ratione rem ut corrupti laborum amet. Fugit mollitia quas qui sit maxime dolorem. Ut explicabo quo et doloribus sed rerum. Ullam laborum omnis voluptatem repellendus ducimus. A et omnis a ipsam impedit autem. Doloribus qui sapiente quam beatae earum nobis ut. Consequuntur corporis iste illo omnis sit. Corrupti eius nemo dolore consequatur consequatur et. Beatae delectus minima qui eligendi dolorum. Suscipit ut vitae non magnam exercitationem excepturi sint. Ducimus sapiente est libero voluptatibus in tenetur dolores. Tempora ut ab sequi reprehenderit. Tempore praesentium commodi quo unde id. Deserunt id veniam ea quod minima. Officiis nostrum voluptas et laborum in sit repudiandae et. Adipisci earum quisquam sit eligendi deleniti. Debitis necessitatibus assumenda cum ea ipsam. Officiis dolore iure velit voluptatum necessitatibus. Impedit est vitae autem doloremque aspernatur. Fuga voluptates accusamus consequatur et eos explicabo quis. Repudiandae voluptatem ea ea eveniet. Sit qui quo explicabo cupiditate. Dolor quasi molestiae fuga et veritatis harum vero. Ut blanditiis id expedita ullam praesentium exercitationem aliquid. Voluptatem omnis qui eligendi necessitatibus. Maxime numquam fuga laborum quaerat veritatis consequatur enim.', '2023-09-20 10:50:55', '2023-09-20 10:50:55');
INSERT INTO `tarjetas` (`id`, `titulo`, `descripcion`, `created_at`, `updated_at`) VALUES
(61, 'Reiciendis dolor corporis vitae ducimus aliquid.', 'Est labore est et omnis sed consectetur quo. Dolorum qui officia tenetur aspernatur. Ut minima odit amet non est vero. Quis aut adipisci quaerat voluptatem. Quis qui facere quia rerum ea quod. Fuga et aspernatur tempora necessitatibus veniam temporibus. Saepe repudiandae rerum enim in. Et est vel aut alias laboriosam. Vel dolores reprehenderit voluptas voluptatem vero quia maiores et. Est error impedit magnam modi esse temporibus. Velit dolorem quis vitae dicta assumenda non. Mollitia ea velit beatae aperiam sed et. Quaerat laudantium dolor voluptate voluptatem veniam distinctio. Earum nisi laboriosam in excepturi omnis perferendis. Cum sapiente dolore placeat ab tempore est placeat. Soluta architecto ab beatae. Magnam itaque placeat architecto praesentium quaerat aliquam. Quo voluptatibus aut qui. Provident ea sit nulla id voluptate animi similique. Velit alias minus ut ea illo occaecati quis dolorem. Beatae qui esse possimus ut sed aliquam voluptatibus. Veniam maxime laboriosam tempore dolore doloribus omnis. Blanditiis sunt nobis culpa et aliquid quasi tenetur. Incidunt minima qui earum laborum quibusdam quo. Eveniet earum mollitia dolores voluptatem delectus. Exercitationem quia a hic expedita. Voluptatem enim perferendis molestiae iusto. Quidem deleniti et architecto iste id nesciunt. Quibusdam distinctio mollitia labore earum neque neque et. Quisquam tempore sed voluptatem facere. Quae debitis ab ratione quas officiis nulla nam. Aut sapiente ullam autem quia aspernatur esse sapiente. Sint quo quam nam et quia. Saepe facilis dolorum voluptas.', '2023-09-20 10:50:55', '2023-09-20 10:50:55'),
(62, 'Libero consequatur iste sunt non natus aut.', 'Ipsam soluta voluptate sit necessitatibus totam alias. Delectus illum impedit accusantium veniam ut ab et. Inventore quaerat quibusdam doloribus eaque. Aut pariatur itaque non. Eveniet accusamus necessitatibus ex molestiae quo commodi maiores. Culpa velit ratione aut id. Esse maxime suscipit deserunt atque. Cum optio sed assumenda nisi voluptas sint. Ipsam assumenda facere rem dolorem. Provident est officia et similique sed et unde. Consequatur dolor mollitia unde ea eligendi voluptatibus nobis et. Illum iusto ut vel delectus repellendus voluptates. Nihil sint enim voluptatibus similique. Aliquid non aut inventore sint vero. Architecto perspiciatis est corporis velit. Aut deleniti dolor voluptas amet autem nemo in. Totam omnis quo quo. Nihil soluta sunt qui doloribus. Enim aliquam et numquam qui quis est. Velit omnis dolore perferendis sit quia. Qui et sint quod ea. Aliquid eos ut ut. Cum expedita fugiat consequatur sint ut. Perferendis voluptas enim sit aliquid distinctio rerum. Et voluptas consectetur eum reiciendis. Voluptatem id est ullam. Quae sit perspiciatis ipsam veritatis. Aut sit et et rem iste. Rerum omnis aut dolorum quis voluptatem. Et cupiditate soluta corrupti provident nostrum quia dignissimos. Inventore modi unde omnis. Corrupti dolorem quaerat deserunt. Vitae et tenetur quibusdam similique. Optio quia magnam maiores consequatur cumque. Quasi voluptates officiis nostrum beatae expedita tempore rerum. Molestias velit sit modi aspernatur. Voluptatem magnam sed qui repudiandae aut quia id veniam.', '2023-09-20 10:50:55', '2023-09-20 10:50:55'),
(63, 'Quia et in animi culpa rerum ut.', 'Ipsum doloribus excepturi itaque ipsa voluptatem possimus ut. Velit eum ea ut illo. Rerum dicta quibusdam enim amet nihil omnis aspernatur. Aut sequi eveniet vel harum veniam officia. Debitis tenetur aut blanditiis eius delectus eos dolorum. Quo placeat ipsa autem est et sunt. Ipsum voluptas et velit et est. Necessitatibus odit ut maxime exercitationem. Explicabo ut aut omnis accusamus nostrum voluptatem nihil. Et culpa esse soluta aut autem et sit. Eius officiis exercitationem excepturi voluptatem. Maxime ut quo id ut natus quisquam est. Pariatur consequatur enim porro iure. Voluptatem et sunt ad aut aperiam. Sit ea aut minima et sit deleniti est quasi. Aspernatur ducimus velit a facilis. Alias deleniti magnam deserunt porro ex maiores reprehenderit. Quisquam natus neque consequatur velit incidunt perferendis. Sint ut voluptatum sed dolorem sint est aperiam. Veniam atque veritatis veritatis eius ad. Et ipsam nobis officiis. Distinctio vel et ullam dolore officiis rerum. Numquam dolorum nemo doloremque quas animi molestias et. Voluptatum modi iure quo laboriosam. Fuga qui consequatur facilis et iure. Quos soluta provident quis magnam sunt molestiae dolor. Doloribus maiores quia est numquam perspiciatis. Aut sint asperiores natus perferendis voluptas libero. Velit dignissimos possimus sunt earum reprehenderit quia. Tempore illo numquam saepe sit veniam magni. Nam dolorem quae quod dolorem voluptas quasi. Officiis nihil totam in soluta id voluptas quia. Laudantium dolores provident non eum provident. Id quae qui velit ut sit occaecati.', '2023-09-20 10:50:55', '2023-09-20 10:50:55'),
(64, 'Expedita consequatur ullam soluta suscipit eum possimus.', 'Autem eveniet corrupti qui. Ut quas nobis voluptatem ratione. Ea reprehenderit qui velit neque corporis. Et molestias rerum enim dicta. Ipsa enim earum et. Distinctio incidunt distinctio pariatur recusandae. Quibusdam cum non libero blanditiis nesciunt. Est ab doloribus voluptas omnis odit. Consequatur beatae quaerat voluptas voluptatem velit odio earum. Quibusdam porro voluptatibus saepe quasi nihil blanditiis. Quam dolor accusamus ducimus commodi totam eveniet. Eligendi eum dolorem quis. Voluptatem dolorem quia ea magnam incidunt consequatur reiciendis velit. Voluptate molestiae quo esse facere voluptatem possimus ratione eos. Nihil doloribus consequatur necessitatibus qui nulla. Dicta magnam consequatur nemo est libero. Repellendus aut vel excepturi. Nisi laborum sit minima aut accusamus nobis rerum. Dolorem fugiat aut eos non. Veniam totam nihil reiciendis aspernatur. Alias et fuga nam voluptatem id non. Id aperiam odit at sed dolor. Dolorem ut quos tempore dignissimos quisquam nesciunt. Incidunt architecto architecto culpa dolor est vel. Fuga natus non maxime temporibus. Sint aliquid voluptates aut eaque. Ut id aut sed aut. Aut omnis ipsa et beatae. Et quos quas possimus quidem. In autem ut veniam porro quisquam. Ut velit rerum sunt repudiandae esse voluptatem enim. Eos quasi recusandae molestias accusantium nesciunt. Et et eligendi qui sit aut quia. Incidunt recusandae est quibusdam sequi dolorem possimus. Voluptatem omnis quam molestiae nostrum dolores animi aut iure. Tempore vel aut quasi enim voluptatum.', '2023-09-20 10:50:55', '2023-09-20 10:50:55'),
(65, 'Culpa temporibus at reprehenderit sit ducimus aut.', 'Nulla commodi dicta magni facilis natus hic non optio. Velit autem similique voluptatem vel. Assumenda eos recusandae maiores dolor tempora voluptatem. Voluptatum assumenda temporibus aut sit. Reiciendis fugiat officia debitis quo beatae sunt excepturi labore. Sequi ea pariatur qui est ut blanditiis ipsa ut. Est et quia numquam labore asperiores reprehenderit. Dolores quam atque nulla assumenda blanditiis. Ullam omnis occaecati omnis modi accusantium dolorem. Impedit aliquam aut iste id aut. Quia et blanditiis modi deleniti omnis praesentium nihil culpa. Voluptas ut cupiditate quod velit est laboriosam. Hic aut voluptate dicta quo soluta modi et. Nesciunt voluptate eligendi unde deleniti. Enim perferendis modi et. Repellat in neque reiciendis. Aut non cupiditate earum. Qui libero cum id assumenda. Labore alias qui voluptates sit. Quae tempora sit consequuntur aut. Ex error quisquam perspiciatis dolorum eius. Aut quia tenetur repudiandae dolor enim. Minima quisquam sit iure laudantium aut molestiae dicta cupiditate. Vero laudantium voluptates dolor. Iste architecto suscipit odio beatae. Nesciunt blanditiis odio omnis velit. Voluptate dolor ut odit illum distinctio totam. Blanditiis illum dolorem excepturi minima quod nobis. Expedita voluptatem voluptas laudantium fugiat aut atque. Atque veritatis et et consequatur quasi. Sed asperiores non ipsa itaque iure est provident. Non nemo fugiat et quia commodi et ut. Id debitis eligendi aut.', '2023-09-20 10:50:55', '2023-09-20 10:50:55'),
(66, 'A dolor praesentium qui ex magnam et modi.', 'Id libero in aliquam suscipit dolorum est reprehenderit. Enim et aperiam est est qui neque similique. Et veniam qui assumenda aperiam. Dolores et atque fugit unde quam harum. Maxime doloribus nihil ut qui sint consequuntur. Fugit quia exercitationem est non quo voluptas beatae sequi. Maxime temporibus porro incidunt. Qui unde voluptatem beatae quasi molestias quo iure. Doloremque ex quidem placeat aut. Nihil cum ea reprehenderit aliquid consectetur fuga est reprehenderit. Et a et tenetur maxime fugit eveniet. Iusto exercitationem quas quibusdam enim. Sint vel explicabo non et eos voluptatem dolores quia. Iusto incidunt aperiam blanditiis dolores. Natus incidunt accusantium qui tempore qui. Ratione pariatur vel corporis deserunt beatae. Veritatis sed ad explicabo et. Maxime impedit aut magnam sed. Est molestiae aut a ex. Molestiae quo at qui enim quaerat perspiciatis. Architecto aut iure et sit. Fugiat fugiat eos velit officiis. Quibusdam aut deserunt minima omnis. Ipsa harum non molestias beatae et. Accusantium et sed omnis hic aspernatur dolores. Nostrum necessitatibus saepe et ut consectetur porro. Corporis et minus doloremque incidunt. Perferendis quo quia non. Dolorem et animi totam et aut quas sit alias. Debitis consequatur provident dolores dolores nesciunt. Facere et qui dolores nesciunt nemo sit. Quas voluptates culpa explicabo provident at quam aut. Esse illo qui odit quibusdam sequi. Ut nisi velit sed accusantium assumenda omnis sed. Ut laboriosam fugit cupiditate sunt voluptatibus laudantium recusandae.', '2023-09-20 10:50:55', '2023-09-20 10:50:55'),
(67, 'Aut est nulla dolor eum rerum veritatis quia.', 'Quis qui necessitatibus veritatis voluptas minima. Voluptas ea in quod. Id aperiam debitis voluptas quis. Iusto nostrum et dolores quod. At voluptatem similique molestiae veniam id consequatur. At numquam quidem ipsa officia ut pariatur et. Corrupti dolores sunt sint commodi laudantium sed error explicabo. Ad voluptas ducimus doloribus delectus. Nisi placeat beatae dicta in minus. Numquam quisquam exercitationem atque cumque dolores quam voluptatem. Consequuntur illo adipisci vitae aspernatur dolor id cupiditate magni. Ipsa tenetur magni est. Vero delectus ipsum aperiam vitae. Sed dolores similique praesentium sit id a consectetur. Magnam rerum et nemo nulla. Voluptates vel mollitia architecto in. Et deserunt vero tempore quae velit. Earum velit provident expedita nam veniam aut perferendis et. Repellat et sequi ipsa expedita minima. Et repudiandae enim ipsa ducimus. In reprehenderit suscipit at inventore molestiae eius qui. Eveniet dolor culpa distinctio est non quia ut. Eum autem sed praesentium non perspiciatis. Quod rerum voluptatem animi velit vitae veritatis incidunt. Quod suscipit quis qui quia architecto. Et aspernatur vitae explicabo nihil ratione ut facere. Architecto dolorem natus temporibus minima. In et ea ipsa vitae numquam. Quibusdam ad aliquam provident repellat atque est. Ducimus est aut minima fugiat. Autem velit quaerat mollitia sint deleniti est. Deserunt doloribus necessitatibus laboriosam qui pariatur omnis eaque porro. Corrupti eum nisi qui et aspernatur ea quam ipsum. Nostrum fugit dolore iusto quia ea unde.', '2023-09-20 10:50:55', '2023-09-20 10:50:55'),
(68, 'Optio sit eaque ullam et tenetur fugit molestias.', 'Natus nobis accusantium deleniti ut modi aut. Ea adipisci cumque eligendi voluptatibus. Et aliquid facilis aliquid numquam rerum culpa voluptas. Nihil deleniti omnis non harum. Tempore iste at deserunt commodi necessitatibus voluptas. Distinctio in et quia aliquam soluta saepe non. Vitae omnis sed sed sit. Ducimus quo ex ea et rerum. Temporibus voluptatem qui ut voluptas porro tempora. Doloremque sit rerum consequatur aut non eos expedita. Ullam dolor aliquid doloribus doloremque doloribus. Error odit eligendi dolorum. Rem dolor quos eos iusto qui. In omnis aut eius sunt et. Incidunt suscipit rerum voluptates eligendi. Quisquam non numquam culpa earum magni rem dignissimos qui. Id dolorum maxime non totam quia vero aliquid et. Voluptas et sed dicta cum. Consequatur excepturi a aliquam accusamus et. Quia non facilis labore asperiores labore. Dolor corrupti dolorem quis laborum molestias laborum. Dolor voluptatem quia dignissimos quod nam. Consequatur repudiandae rerum et consequatur. Occaecati dolores architecto possimus beatae omnis. Rerum quia mollitia optio. Aut non nobis ducimus. Provident et quae quis illo numquam cumque eos. Est est perspiciatis sed. Est ut architecto itaque earum sint soluta. Ipsa quis sint voluptatem deserunt doloremque rerum aperiam. Ut blanditiis perspiciatis corporis illum facilis nihil eveniet. Id sunt impedit est dicta facere officia dolor. Sint quis rerum deserunt. Quam minima dolorum officia. Veritatis aut et est. Magnam consequatur nesciunt rerum nulla. Consectetur et numquam quia tenetur perferendis qui.', '2023-09-20 10:50:55', '2023-09-20 10:50:55'),
(69, 'Ut et dolor ipsa aperiam.', 'Est fuga est est sed optio. Eos sit numquam veritatis aliquid voluptatum commodi. Et ea sunt qui nihil. Sit fugiat eum ipsa voluptates porro ullam assumenda. Quia quas corporis ratione aut repudiandae omnis blanditiis. Expedita sint aliquid autem minima laborum natus. Aut excepturi aperiam sed ducimus rem. Natus et corrupti cum labore placeat ut adipisci. Pariatur neque voluptatum suscipit fuga illum. Sequi odit quo consectetur sit voluptates. Quam quia quis minima sed. Molestias deserunt illo harum aspernatur distinctio et. Ut quisquam vel tempora est. Autem repellendus nemo repudiandae et. Commodi sint exercitationem commodi. Sunt itaque et architecto sunt doloremque asperiores culpa. Omnis et voluptas et in nobis ea expedita. Modi reprehenderit eos aut. Et amet ratione alias dolores. Et eveniet delectus aut amet quae earum. Sunt ea similique praesentium dolores harum rerum. Aut et unde et ut blanditiis nihil et. Nobis et eos voluptatem aliquid voluptatem odit. Accusamus perspiciatis doloremque minima ea eos aut. Voluptates amet minus hic qui voluptate. At alias natus harum est voluptate id consequatur sunt. Facilis hic dicta et consequatur sit labore. Repellat ratione excepturi temporibus. Vel perspiciatis molestiae facere ab porro. Sint alias est suscipit et repellendus et. Id sequi natus quibusdam qui repudiandae in alias corporis. Non fuga sit iure necessitatibus dignissimos. Ea esse et officia sed voluptates est. Sit sint in sint minus voluptatum. Error explicabo facere rerum dicta. Omnis earum repellendus totam enim. Iste aliquam qui aut quam.', '2023-09-20 10:50:55', '2023-09-20 10:50:55'),
(70, 'Id ut nulla eius.', 'Autem ut error id accusamus. Fugiat voluptatem perferendis ducimus dolorum. Voluptates nulla autem nesciunt a. Et cum ut eaque id facere autem quia. Perspiciatis mollitia et voluptas rem quisquam dolorum aut. Eaque itaque est eaque ea nesciunt. Deserunt deserunt consequatur et non eos. Reprehenderit atque id perspiciatis laborum non. Consequatur veritatis repellendus dignissimos rem aut. Est et non neque earum. Esse ex voluptatem ad. Molestiae eum blanditiis quis quaerat illum aut earum vero. Aliquid minus ut suscipit id deserunt facilis alias quasi. Soluta cupiditate ut ea voluptatibus in. Est eos porro vel tenetur. Doloremque fugiat dolor ullam. Sequi ex eum commodi eligendi et nisi nesciunt. Eius corporis molestias voluptatem dignissimos. Qui ut corporis animi facere eos. Qui officia voluptatem occaecati voluptas dolore quod id. Iste aut ab excepturi laboriosam labore dolores. Rerum cumque quod rem ea error. Maiores quas est sed et et amet. Quod magni soluta sit voluptatibus fugit voluptatem nihil. Molestiae magni et eveniet debitis animi aut. Sed nesciunt distinctio labore consequatur non voluptas aut esse. In consequatur reiciendis harum aut. Quos quidem aut sit est reprehenderit iure voluptas eaque. Dolor quis et dolorem. Aliquam neque soluta rerum non. Voluptatem blanditiis reprehenderit eligendi vel aperiam mollitia. Ea tempora omnis pariatur doloremque quo sed quam. Nulla occaecati consequatur delectus adipisci rem dolor. Vel non eius non. Ipsum reprehenderit tenetur molestias velit qui officia et. Cum fuga reprehenderit ex ex aut sit fugiat.', '2023-09-20 10:50:55', '2023-09-20 10:50:55'),
(71, 'Tempora aliquam sunt nulla hic.', 'Assumenda architecto et rerum id. Consequatur voluptatem possimus sed corporis. Vitae error quae velit quia. Et occaecati illo qui. Sed quod expedita occaecati et id. Nihil mollitia officia praesentium molestias dolorum. Dolorum aut voluptatem animi earum excepturi eos. Veniam culpa et vitae quos omnis cumque quia. Quam itaque ullam facilis minima et asperiores vitae. Esse eos vitae aliquam dolores rerum. Vel officia tenetur sit qui ea voluptates. Architecto distinctio tempora quia quo cupiditate repudiandae voluptatum praesentium. Reiciendis aut in rerum suscipit delectus voluptates. In omnis qui hic quo aspernatur facilis voluptatum facere. Autem soluta dolor itaque omnis totam aut cumque. Illo corrupti doloribus error voluptatibus repellendus sed molestias. Aut consequatur aliquam aut molestiae animi similique id atque. Itaque maiores et quis accusantium non consequatur aliquid. Distinctio accusamus porro qui ut qui quam optio. Incidunt eum eum voluptas sed expedita quasi. Illum est saepe totam harum quia quam dolores sint. Sit unde quia pariatur accusantium. Molestiae distinctio est quia sit perferendis pariatur ipsa officiis. Quae enim laudantium officia dicta molestias qui. Itaque vero at molestias voluptatem. Autem quo mollitia accusamus voluptate pariatur. Asperiores veritatis eos earum odio porro aut consequatur. Aliquid dignissimos nemo rerum aut porro dolor. Quasi dolores facilis expedita consequatur. Ipsa deleniti beatae sed dolores. Voluptates vel dolorem cumque molestiae aliquam recusandae.', '2023-09-20 10:50:55', '2023-09-20 10:50:55'),
(72, 'Nam quasi reprehenderit quis harum asperiores.', 'Repudiandae et quasi aut provident voluptatum occaecati accusamus. Animi impedit accusamus explicabo nisi sit tempore. Ea similique quo similique porro. Magnam eum autem quasi velit nihil blanditiis nihil qui. Voluptas officiis et quod repellat enim. Veritatis totam porro qui exercitationem pariatur illum eveniet qui. Odio sit distinctio deleniti est. Consequuntur a quidem ab praesentium. Nemo sint ea consequuntur quod culpa. Ea autem qui optio quos quaerat odio. Tempore aut sapiente quibusdam quam aspernatur perferendis aut. Aut molestias est est pariatur natus. Dolores modi tempore corporis illum qui veniam soluta aliquam. Aspernatur harum sunt qui maiores et. Voluptatem impedit neque assumenda sit nesciunt eos sunt neque. Laboriosam totam vel eos nemo. Odio ut omnis quia omnis vero nam voluptatum. Laborum aperiam consequatur nobis commodi reiciendis. Quis eveniet consequatur at non quisquam at iure. Sed ea saepe ipsam et. Velit occaecati qui sed ipsam expedita qui. Quis ducimus rerum hic nulla ipsam suscipit sit. Possimus voluptas aut dolor sit nihil accusamus dicta dolorem. Sunt deserunt consectetur harum. Quia aut et id eum. Et sed sint optio animi asperiores eaque. Eum ullam dolor soluta dolor. Iure nulla architecto aperiam est molestiae inventore sequi aut. Quod reprehenderit ex et laudantium omnis fuga illum. Qui reiciendis quasi sed optio et id perspiciatis. Autem maxime necessitatibus ut. Maiores maxime mollitia quae. Quo facilis at tempora aspernatur. Nulla sint perferendis repellendus reiciendis. Similique numquam amet illum earum voluptas dolorem inventore.', '2023-09-20 10:50:55', '2023-09-20 10:50:55'),
(73, 'Molestias non dolores doloremque quis velit.', 'Numquam deserunt quis ad voluptatibus error. Autem eum quia libero magni molestias et. Dolorem dolores consequatur hic impedit voluptatum inventore. Amet assumenda et earum et cumque. Cumque laborum ducimus sit earum dolor eaque assumenda. Fuga maxime est ipsa perferendis odit eaque. Soluta voluptate magni unde debitis nostrum suscipit et. Sit laudantium atque impedit voluptatibus nulla reiciendis consequatur. In officiis et non consequatur omnis. Voluptas molestiae ex dignissimos eligendi. Non quia qui quas velit nobis iste. Non debitis ut recusandae commodi autem. Voluptatibus repudiandae et sed unde consequatur sit qui. Beatae rem officiis vitae sapiente quia dolores. Fuga dolorem doloribus soluta. Rerum et sed sint odit corrupti enim fugiat. Sequi temporibus consectetur repellendus ut vitae provident aspernatur esse. Sint quas quibusdam quia aliquid corrupti quam est. Maxime et molestiae est. Delectus suscipit hic veniam rerum sapiente. In sapiente nulla veniam sequi. Fugit quia minima qui rerum ab qui et. Eaque suscipit labore ut facilis. Ad consequatur explicabo molestias unde ut. Pariatur eum omnis dolor placeat iste enim perspiciatis. Rem exercitationem et veritatis omnis odio molestiae. Dolore vel similique omnis dolor et dolorem quisquam laboriosam. Voluptatem rerum optio quibusdam accusantium. Quia sit aut qui qui. Tempore recusandae saepe libero velit. Suscipit velit quam adipisci. Id nihil a voluptatum. Facilis et molestiae corporis. Sapiente quis labore aliquid.', '2023-09-20 10:50:55', '2023-09-20 10:50:55'),
(74, 'Doloribus repudiandae dolores totam velit aut.', 'Unde numquam et ullam animi tempora qui voluptate. Nostrum vel vel dicta provident nobis perferendis. Perferendis et nihil amet sed in fugit. Dolores velit itaque quia voluptas animi. Dolore dolor temporibus qui. Consequatur pariatur sed qui quibusdam tempore voluptas. Architecto saepe molestias ut iste. Asperiores architecto optio ut et perferendis nostrum odio. Sint culpa exercitationem in dolores dignissimos sunt impedit ut. Sunt eaque et eos dolorem. Fugit doloremque corporis consequatur autem magnam labore. Eum illum soluta distinctio distinctio aut voluptatem molestias. Omnis ea quaerat debitis ratione quas error. Minima aut esse est quis explicabo. Delectus in aspernatur molestiae laudantium. Doloribus consequuntur deserunt ut consequatur laborum eos corrupti. Dolor id et accusamus impedit omnis vel. Repellat quo eos placeat. Ad culpa expedita quasi laudantium aliquam. Quibusdam accusantium qui reprehenderit optio eligendi natus. Non praesentium ut assumenda quo laboriosam in doloribus. Eum repellendus qui est ex. Sint quasi culpa saepe voluptatibus qui. Qui praesentium sunt sed est. Veritatis sed error voluptate doloribus veniam deserunt neque. Animi qui molestiae nihil quidem maxime. Libero consequatur et rerum necessitatibus esse tempora voluptatem et. Architecto quia recusandae aliquam autem repudiandae. Eaque molestiae error sit sed. Magni sit sed tempora ut ad magnam. Mollitia dolor vitae aspernatur magni. Voluptatem ex rem dolor laboriosam id. Quo nihil aut ipsam sint iusto magnam reiciendis.', '2023-09-20 10:50:55', '2023-09-20 10:50:55'),
(75, 'Magnam sed delectus sunt.', 'Veniam quia qui itaque sunt. Non autem necessitatibus alias ab tempore et aut ipsa. Eum ratione cum aliquam rem accusamus voluptatibus. Beatae illum voluptatem quas est ullam aspernatur facilis. Quos praesentium nesciunt tempore doloremque. Repellendus eligendi cum aliquid possimus. Aut rerum sit eum ipsam. Aliquam culpa voluptates rerum atque. Ratione dignissimos ex et et. Culpa quis pariatur sequi quae accusantium. Quas asperiores vitae nostrum ut. Vero quia ad est nostrum veniam. Optio qui eum est ex. Libero ipsum pariatur omnis repellendus. Amet rerum eaque eveniet pariatur repellat fugit occaecati. Sed adipisci dolorem ipsa natus autem assumenda. Earum explicabo similique provident voluptatem et recusandae. Repudiandae nesciunt est ut atque ut. Illo quam itaque omnis magnam cumque repellendus. Aliquam commodi sequi reprehenderit sunt sit qui illo. Occaecati iure cupiditate perspiciatis non. Nulla quaerat nostrum beatae modi neque et nobis. Sit repellendus ut velit similique et praesentium culpa officia. Eum impedit ut omnis assumenda recusandae nemo. Nostrum necessitatibus est tempora maxime non. Maiores nulla perferendis quia accusantium sit sapiente delectus. Quia soluta odio voluptate dolorem. Occaecati aperiam dolore labore error saepe. Quis architecto iusto earum adipisci qui. Non iure commodi et odio. Cum hic magni dolor natus. Atque enim ullam amet. Magnam voluptatem recusandae dolorem sed pariatur. Voluptates expedita expedita voluptas.', '2023-09-20 10:50:55', '2023-09-20 10:50:55'),
(76, 'Dicta explicabo iste molestias explicabo.', 'Minus quo deleniti reiciendis fugiat iste. Magni officia necessitatibus officiis quo iste labore. Ipsum possimus ut expedita. Id aut odit dolorem pariatur dolore amet. Sint nam nobis voluptatem corporis quaerat. Quidem omnis qui et id. Est nisi dignissimos quaerat fuga. Ullam repellat sit et. Optio nostrum provident et provident hic facilis aut ex. Voluptas et autem corrupti voluptate in temporibus. Iusto error accusamus consequatur aut autem aut. Ipsum officia autem quibusdam voluptate. Minima eveniet quas qui ratione aperiam enim. Et facere minima qui ad fugiat nostrum provident. Numquam nihil accusantium et omnis. Facilis saepe doloribus quis et qui error itaque nostrum. Quos non ipsam quas eligendi. Earum temporibus quas cupiditate placeat. Quae omnis ut rerum minus sunt repellendus rerum ullam. Non minima nihil ea voluptatem ea. Esse eum ut adipisci aliquam est quibusdam. Quos impedit voluptatem dolores tenetur. Consequuntur est tenetur veritatis quis autem modi corporis. Nulla porro maxime at cumque voluptatem quam. Est amet molestiae aut sed. Vel est impedit ipsam perferendis et qui. Ea qui error eveniet aliquid ad. Et quos omnis saepe vitae. Maiores accusamus fugit dolores molestiae. Nulla tempora voluptatem maiores et placeat illum et eaque. Id expedita nostrum delectus sit. Ipsam provident in quia culpa nihil cum. Minima est quia ut dolore. Est officia ut laboriosam et modi dignissimos quidem. Omnis libero impedit odit officia eveniet qui.', '2023-09-20 10:50:55', '2023-09-20 10:50:55'),
(77, 'Voluptatem aut animi exercitationem.', 'Et et eaque doloribus alias. Ratione iste et qui molestiae odit aut. Debitis qui illo fugiat atque ipsam atque. At nostrum vel debitis fugit culpa ullam voluptas. Debitis veniam aut voluptatem et sed quae. Voluptates dolor rerum officia ipsam est veniam sit. Animi placeat omnis rem fugit voluptatum quis magnam. Voluptatem molestiae veniam aut consequuntur magni autem. Quo et nesciunt sint qui. Aut quasi quos porro. Iure quo aut dolores rerum. Voluptates veritatis voluptatem exercitationem iure. Saepe ipsum quam quidem maxime quam architecto unde. Qui quia quod vel. Sint reprehenderit nobis facere porro autem. Facere dolorem alias voluptatum incidunt voluptas. Maxime est molestiae provident quis iusto optio sequi. Nemo porro et et dolorem. Placeat nam ducimus vitae. Laborum praesentium sit quasi ex dolorem. Aut magnam impedit eum. Maxime aut totam possimus nesciunt qui et. Quae perspiciatis omnis nostrum itaque et qui modi. Ipsa aut est veniam explicabo non molestiae. Aliquam sit perspiciatis aut voluptatum nam ipsum. Consequatur ab enim rerum voluptas blanditiis est. Enim qui voluptatum minus recusandae beatae quia minus. Sequi aut sunt est excepturi dolorem aut. Omnis qui vitae voluptatem nesciunt. Sed sunt quod aut rerum vel. Id repellendus rerum nostrum. Qui aspernatur ab eligendi eum ad. Perferendis nihil porro et ab. Nesciunt est consequatur dolorem sed est sint. Recusandae quisquam vel perspiciatis quia sapiente. Earum ad et temporibus eos.', '2023-09-20 10:50:55', '2023-09-20 10:50:55'),
(78, 'Tempora aperiam et aliquam.', 'Error iste debitis ut fugiat ut consequatur. Dolores delectus cupiditate cupiditate. Rerum est rem neque a atque ut. Minus quod sit debitis. Repudiandae similique autem eum reprehenderit ad autem repellendus. Voluptatibus doloremque hic corrupti nihil. Ut nisi sunt nobis laboriosam sunt. Doloremque voluptatem tenetur sed et. Enim sed molestias quo dolore quam autem aperiam a. Quasi aut dicta numquam facere vero ut voluptas. Repellendus deserunt dignissimos dolorem temporibus et qui. Sint incidunt est quia et explicabo. Qui voluptates sed consequatur neque et dolores. Omnis voluptatem itaque illum incidunt. Eos eos eos nulla aperiam. Saepe dignissimos nesciunt velit adipisci. Voluptas eos alias nihil eligendi quia incidunt facere harum. Voluptas neque delectus et consequatur ullam aspernatur repellat. Sunt commodi molestias dolore et sequi nemo possimus. Illo tenetur sunt ullam et consequatur tempore. Ad velit blanditiis dicta. Molestias dignissimos est maiores et ea sed dolores ab. Ea vel quibusdam nihil nam sint. Eos necessitatibus sunt quisquam fugit saepe dolorum voluptas. Deleniti dignissimos natus mollitia rerum alias. Nam quod est repellat. Soluta ratione laborum hic explicabo. Vitae quidem similique consectetur dolores molestiae velit. Dolores enim blanditiis repudiandae unde veniam qui id. Ducimus rerum aspernatur ut at cum minima expedita. Aut ut perferendis nam sit debitis. Voluptatem id voluptatum a tenetur. Voluptates eos unde omnis veniam voluptates magni. Doloribus quam animi consectetur atque nulla at et.', '2023-09-20 10:50:55', '2023-09-20 10:50:55'),
(79, 'Dolorem sit doloribus nam ullam totam.', 'Neque ipsam ut qui explicabo tempore veritatis suscipit dolorem. Adipisci veritatis modi voluptates sunt vero quia aut. Voluptatem in ut dolor sed fugiat sed. Qui id rerum dicta adipisci. Quia ipsa rerum aliquam et rerum dicta. Aut id possimus voluptas harum ipsum maiores. Sint natus molestias vero ratione ea illo delectus. Ullam eum enim illum sit cupiditate tempore aut. Praesentium ab amet ex fugiat. Aut neque hic consequuntur et voluptatem et blanditiis iusto. Ipsa nisi autem ea voluptatibus ab. Qui autem velit vel sequi. Possimus cum dolore et rerum est aut qui. Velit consequatur repellat temporibus. Sed beatae saepe incidunt quidem ipsa sed totam quasi. Aut enim distinctio est aut aliquam. Et a deleniti non aut. Culpa optio ipsam velit facere architecto. Officiis repellat suscipit aut labore qui eum. Distinctio animi ad maiores laboriosam odio cum iusto. Aspernatur nobis aut vitae libero eum et. Odio unde commodi beatae error reiciendis. Et voluptatum eum sed et sed. Quia error temporibus eum officia quia quos ullam. Illo adipisci aut libero debitis accusantium officiis et. Reprehenderit dolorum praesentium qui et dolorum in velit. Fugit illum sunt perferendis ut eos. Ut quisquam vitae est vero non voluptatum. Omnis sed fuga autem nostrum. Eum magni tempore saepe ex aut ut. Nulla eaque quia minus perferendis non. Incidunt in consectetur ut aperiam non. Atque suscipit nam recusandae debitis in aut. Vero quis saepe occaecati nostrum. Eligendi reiciendis rerum nihil dolor animi. Repudiandae atque ullam harum. Qui eligendi ut error saepe reiciendis. Velit vero quas sit.', '2023-09-20 10:50:55', '2023-09-20 10:50:55'),
(80, 'Laboriosam pariatur voluptatem consequuntur soluta quibusdam.', 'Ut ratione quis maiores quo. Repellat est aut ea quaerat aut molestias. Ut sit unde optio. Odio delectus minima deleniti nemo. Iste deserunt sit non exercitationem velit qui placeat. Illo illo sapiente cupiditate aut voluptas ratione. Optio autem officiis voluptatibus quas aut et. Qui libero perferendis aspernatur dolor quia. Earum sequi quod harum quis veritatis alias vitae voluptatum. Nihil dolor est at omnis possimus dolorem. Esse id aut magni tempora maiores. Et porro id eos explicabo inventore ducimus architecto. Repudiandae non aliquam assumenda eos. Animi vero dignissimos sed doloremque. Nam corporis possimus quo ipsum voluptas rerum. Nihil molestias dolorum tempore ea. Nisi sed ex qui qui natus odit ut. Velit quos fugit est nihil natus ullam soluta. Aut recusandae aut eligendi nihil. Minima omnis et autem id et ab necessitatibus. Iusto blanditiis iste voluptatibus quam omnis. Commodi nihil sed et id. Animi et at dolorem inventore cum voluptatem tenetur nulla. Fugit ipsum molestiae dolor unde. Itaque rem rerum sapiente error architecto est. Ut sit animi et amet. Voluptatem aliquam est dolorum officiis debitis dolor. Eveniet iure doloribus sit dolor nesciunt consequatur. Quia nihil sit nisi ut mollitia. Ducimus nostrum vitae vel odit beatae ea quibusdam. Quidem doloremque qui ea aut aut. Quo perferendis ea rerum vel possimus. A sint iure earum veniam eum iste occaecati. Ipsa earum odit qui rerum. Voluptas asperiores itaque fugit accusantium voluptate consequatur mollitia.', '2023-09-20 10:50:55', '2023-09-20 10:50:55'),
(81, 'Quia aspernatur ipsum ea tenetur dolores quis.', 'Molestias at ex quibusdam velit. Optio laborum quidem voluptates sapiente explicabo. Id corporis omnis maxime eveniet et quia soluta. Qui quibusdam temporibus soluta quis. Voluptatem sed ipsa architecto et. In ab omnis culpa officiis. Nihil quae ut esse facilis voluptatum eveniet vel. Molestiae cumque praesentium rerum sit nihil quis tempore. Esse sed officia tempore et ipsum maiores. Quia consectetur reiciendis expedita quam minima quasi repellendus dolorem. Dolores doloremque fugit consequuntur ut alias ullam illo. Ad earum impedit ducimus perferendis. Amet omnis neque expedita facilis quia doloremque. Voluptates quidem possimus aut nemo quod. Laborum alias libero aspernatur ut. Incidunt amet ad assumenda. Doloremque ratione consequatur delectus praesentium et voluptatem non accusamus. Distinctio laborum ex perspiciatis vel temporibus dicta aspernatur. Animi delectus quia nisi voluptate voluptatum. Et molestiae voluptatum ipsam magnam quia esse dolor soluta. Aliquid impedit aliquam facilis aliquam libero alias voluptas in. Esse debitis ea velit. Ipsa consectetur est ut quod sint voluptatem molestiae. Ut voluptatibus eveniet repellat veritatis. Et nulla sunt animi repellat facere odio. Vel laudantium aliquid dolores doloremque fugit optio dicta. Repudiandae qui sit est soluta neque aut. Odit earum exercitationem libero facilis officiis vitae excepturi. Quis magnam vel ipsa maxime. Voluptas minima est sed mollitia.', '2023-09-20 10:50:55', '2023-09-20 10:50:55'),
(82, 'Molestias nostrum et est hic illum.', 'Eaque itaque sint aliquid impedit sunt. Quia quia vel id quisquam. Molestias blanditiis nisi et qui qui. Quas ut corporis labore quibusdam unde. Facilis sit et et cumque repellendus qui ea. Dicta quos mollitia eveniet tempora molestiae. Minima sit optio ut facilis. Placeat ducimus nam eaque quia. Architecto rem ut ex. Accusantium est odio sit. Cupiditate tenetur eaque quaerat cupiditate. In quis et sit illum. Ut voluptatem exercitationem aspernatur illum sint magnam. Voluptate molestiae labore aperiam nobis in. Necessitatibus qui dolorem soluta odio facilis aspernatur consectetur. Non numquam est sed nam nam. Fuga dolor ut dolor recusandae sit quis velit nesciunt. Perspiciatis rerum hic ut in vitae sunt. Debitis delectus sunt autem officiis. Ipsam magnam quibusdam dolorem eveniet qui qui ipsum. Consequuntur repudiandae dignissimos et. Hic qui perferendis minima nisi fuga ex animi. Molestiae et aut ut ullam consequatur ea explicabo. Quidem veritatis possimus ea. Corrupti minus officia et nam. Hic commodi nobis aliquam doloribus animi provident repudiandae. Sit et sint et nihil. Similique harum laborum laboriosam dignissimos eaque sequi debitis. In expedita ducimus recusandae dignissimos consequatur explicabo consectetur. In praesentium cum temporibus in natus aut nulla in. Quia natus mollitia quos corrupti tempora. Nihil sunt exercitationem quas nesciunt. Rem optio illum mollitia omnis nulla asperiores ipsum repudiandae. In neque quo est reiciendis quos debitis.', '2023-09-20 10:50:55', '2023-09-20 10:50:55'),
(83, 'Iste ea rem molestiae odit quod delectus quia.', 'Harum nostrum ut eos eos. Rerum voluptatem fuga repudiandae soluta dicta. Neque sed aliquid libero repellat inventore architecto et. Voluptates adipisci et et impedit eum assumenda. Eos consequatur distinctio vel autem. Vitae rerum voluptatum porro amet labore architecto minima. Molestias ipsum minima praesentium omnis sapiente quos aut. A qui repudiandae quis est fuga tempore. Tenetur quas esse fugit explicabo nulla provident. Repudiandae ex impedit rerum cumque. Velit et vero nobis ut aut eum odit. Occaecati velit id et inventore autem et. Natus blanditiis alias sed exercitationem ut. Similique aut est ut qui voluptatem vel. Quis accusantium a unde autem quia non dolores. Corrupti autem assumenda dolorem ut. Repellendus neque soluta ipsa id neque officiis temporibus. Officia voluptatem rerum harum non officiis rerum. Porro molestias nam aspernatur omnis ea expedita unde. Praesentium perferendis nostrum nam. Et sed molestias sint. Laboriosam deleniti corporis itaque et numquam id. Incidunt quam beatae voluptatem explicabo sit distinctio. Fugit ea asperiores id totam culpa nam. Odio voluptate non modi alias quam amet. Molestias amet in veniam iure et. A quidem voluptas debitis alias praesentium. Iure placeat reiciendis quisquam enim. Optio commodi aut ea. Qui aliquam ullam eius. Reprehenderit odio sunt laboriosam nesciunt nihil ullam. Soluta repellendus quas voluptas aut atque pariatur. Dolore ad totam excepturi debitis beatae. Nihil qui dolorum quisquam autem. Molestiae excepturi consequatur delectus aspernatur beatae corporis.', '2023-09-20 10:50:55', '2023-09-20 10:50:55'),
(84, 'Explicabo quidem dicta labore dignissimos id harum quo nobis.', 'Totam quae qui aut pariatur magni voluptas deserunt ipsa. Eius unde nam illum in neque. Ratione incidunt blanditiis dolor eaque est quibusdam ratione. Eveniet error suscipit reprehenderit itaque est ipsa ut. Exercitationem eveniet id molestiae exercitationem. Porro expedita adipisci qui laudantium. Officiis distinctio velit doloribus non sunt consectetur voluptatem. Quam qui placeat iste laboriosam deleniti ea quae. Libero quis quasi ullam laboriosam accusamus est qui. Qui labore vero repellendus porro aspernatur. Voluptatem nesciunt qui temporibus eos. Omnis accusantium beatae aliquid dolorum commodi. Aut dolorum ut dolores nulla deserunt adipisci. Et alias sed error voluptas in. In laudantium voluptatum possimus libero qui. Sint sed enim voluptatum dolore est et. Temporibus illo numquam autem harum distinctio iusto fugiat. Rerum qui omnis aut nesciunt error ut architecto quae. Voluptas ipsam quia voluptatem eligendi id. Non quae corporis quidem recusandae ullam. Exercitationem et maiores aliquam. Dolorem sit quis vitae quisquam. Aut iste quaerat suscipit aliquam iste ea aut. Animi doloribus enim adipisci. Sit rem ullam quis rerum delectus. Occaecati totam perferendis quia pariatur nesciunt dolor est sit. Deleniti beatae ut illo et sit sunt omnis. Ea quis dolore illum voluptatibus fugiat at nam. Ex est beatae ex aut. Dolor consequatur voluptas dolor veritatis repellendus. Aut dignissimos et officia commodi ullam velit. Inventore quam eos aut eius qui culpa quo.', '2023-09-20 10:50:55', '2023-09-20 10:50:55'),
(85, 'Velit accusamus quis architecto aspernatur aut nisi.', 'Dignissimos saepe quaerat quaerat quasi assumenda quia dolorem quis. Quam exercitationem vel laboriosam repellendus. Illo non eveniet perferendis voluptatem ut eos accusamus molestiae. Ut omnis quisquam sequi aut labore molestiae corporis. Veritatis officiis reiciendis quam dignissimos labore amet facere. Ipsum et magnam maiores atque velit consequatur provident illo. Minus odio occaecati a qui. Quis et non aut dignissimos enim totam. Quam voluptas provident sit iste porro. Dolorem voluptatem quia ipsa quam quam ratione. Non est autem enim ratione similique architecto corporis. Incidunt adipisci sed explicabo dignissimos animi in. Maiores aut aliquam dolores sint officia corrupti maxime. Dolore consequatur dolores deleniti doloribus rerum. Recusandae eos et earum molestias. Et tenetur ut et harum voluptas. Quo reiciendis et praesentium ipsa quia iusto. Consequuntur maiores praesentium adipisci ipsam ipsam in fugiat ut. Provident non voluptatum maxime voluptatem sunt accusantium repellat. Sunt harum in et fuga culpa. Deleniti qui possimus quasi voluptatem molestiae placeat. Culpa quos ratione et recusandae sint voluptatem. Velit in sed accusantium consequuntur culpa nesciunt soluta qui. Ducimus in tempore similique in voluptate atque. Aut magnam quae ducimus ut quibusdam. Aut tenetur et voluptates. Sed sapiente et suscipit praesentium. Fugiat consequuntur cum ut similique. Reprehenderit odio molestiae corrupti repellendus. Porro nobis quibusdam maiores labore. Cumque sed maxime fugit molestiae quam aperiam deleniti. Quibusdam nam molestiae recusandae et ut eum voluptatibus.', '2023-09-20 10:50:55', '2023-09-20 10:50:55'),
(86, 'Eius praesentium quis vitae a tempore aspernatur.', 'Quibusdam qui quisquam neque. Maiores pariatur perspiciatis consectetur. Ab et et dolorem et. Ut inventore voluptatibus aliquam dolorum amet. Autem rem officia et quidem vitae eos ipsum. Veniam aperiam esse nostrum fugit eligendi iusto magnam possimus. Ullam placeat cupiditate enim consequatur dolores blanditiis. Quo quisquam quis officia provident nihil soluta expedita error. Et sint ea reiciendis nam quia eos. Inventore hic reprehenderit dignissimos consequuntur voluptates aspernatur perspiciatis. Pariatur repellendus dicta totam cupiditate. Consequatur et magnam ab ut nam. Aut quo delectus velit veniam quo quod. Et laborum nobis sint beatae. Possimus quia eius facere nostrum. Sit est optio consequatur expedita ut consequatur nesciunt. Fugiat architecto eveniet dicta eligendi reiciendis est nemo neque. Quia nihil sint quo totam. Est eum adipisci exercitationem expedita unde animi. Quasi dolorum qui doloribus aut. Accusantium vel voluptas laborum quo nemo. Necessitatibus eos explicabo fugiat aut corporis placeat voluptate. Et possimus autem architecto consequatur tempore. Quidem dolorem corrupti voluptas. Vitae voluptatum est veniam consequatur vero at explicabo. Omnis omnis explicabo et deserunt sit libero. Unde quae est qui expedita quis est. Provident commodi qui quia reiciendis. Molestiae odit aut libero quia adipisci delectus. Non doloremque nihil explicabo est. Et rerum qui id quae dolore exercitationem. Unde voluptas saepe fugiat ipsa quia.', '2023-09-20 10:50:55', '2023-09-20 10:50:55'),
(87, 'Nostrum ducimus nihil nihil temporibus velit asperiores.', 'Quo possimus libero qui eum. Ex aut quia fugiat. Aliquid deleniti dolor quis magni quae quasi sit eum. Inventore pariatur officiis atque. Dolor illum aliquid odit reprehenderit amet ut ut. Magni asperiores ab cum voluptates aut dicta. Placeat omnis modi eum aut. Illum qui animi excepturi nihil illum vel. Voluptatem reprehenderit suscipit ex quia quidem quis. Quia vel eius quisquam et repudiandae. Minima delectus consequatur quia eum quia quod atque. Dolores dicta rerum quasi ex architecto quisquam. Repellendus et dolor doloremque labore. Est voluptatem molestias et atque qui sint itaque. Tenetur ipsa maxime id nulla corrupti ducimus. Libero suscipit qui doloremque minus quis. Blanditiis quia et iste aut illo. Consectetur neque rerum in qui. Incidunt qui facilis laudantium vel voluptas modi culpa. Nesciunt necessitatibus laboriosam sunt ut aliquid nesciunt rerum. Eaque at libero ut a qui facilis dolorem labore. Quia quod sapiente cum vitae dolorem recusandae cum. Consequatur voluptas cupiditate eligendi magni deleniti quis sint et. Amet delectus esse corporis assumenda. Sunt ipsa necessitatibus aut. Quisquam officiis vitae sint id hic rem. Rem maiores minus dolor error officiis magni accusantium. Optio rerum enim ea voluptatem dolores molestiae eum. Reiciendis magnam vel qui ut. Omnis reiciendis cum voluptatem iusto. Quibusdam atque aliquid nobis dolores. Nostrum aspernatur voluptas eum non maxime. Ipsa occaecati eligendi nobis modi vel minima iure fugiat.', '2023-09-20 10:50:55', '2023-09-20 10:50:55'),
(88, 'Consectetur atque dolor tempore veritatis voluptatem eius sunt.', 'Aut sequi natus sit ea nostrum voluptate enim. Sint repudiandae quo culpa sequi cupiditate. Assumenda autem fugit doloribus nam placeat ad placeat. Omnis ut tempora quaerat ea et culpa. Odit libero illo dolores enim deleniti omnis. Nisi fugit quas dicta. Sit error sunt repellat et sint ut. Qui voluptatem repudiandae sint unde non facere. Deserunt fuga facilis id. Aut pariatur dolor reiciendis sit. Quis aut et reiciendis ullam dolorem laudantium ullam. Aut et omnis consequatur magnam dolores est neque tempore. Sed dolorem nisi enim repellendus placeat. Sint ipsum placeat et laboriosam. Aut aut consequuntur labore. Voluptatum atque illum similique cupiditate non. Quo excepturi incidunt iure. Cumque laboriosam sed illo commodi ut. Voluptas est et pariatur. Iure sunt nihil sint molestias ducimus quia ratione. Qui velit amet rerum modi velit. Cumque quod exercitationem sint ut magni. Neque eligendi aliquid veniam qui voluptatum. Voluptatibus nam nesciunt nostrum voluptatem. Aut dignissimos tempora repellat aliquam sed consequuntur ut. Non quisquam cumque quaerat voluptates. Amet cum ut quia non autem quia. Modi voluptatem perspiciatis praesentium ad molestias qui suscipit. Voluptatem qui eaque excepturi minima et et. Eum quam tenetur omnis non laborum ex. Ea ad in mollitia nihil totam corrupti. Qui eligendi omnis consequatur est. Assumenda beatae voluptatibus explicabo omnis fugiat voluptas eius unde. Voluptatibus minus et voluptas ipsa vitae est. Quia harum quia praesentium qui earum nulla saepe.', '2023-09-20 10:50:55', '2023-09-20 10:50:55'),
(89, 'Possimus commodi iure commodi beatae necessitatibus pariatur.', 'Sint quisquam harum eum voluptas atque non veritatis. Voluptas at repellat ab aut quam ex. Accusantium dolor facilis praesentium id sunt laborum porro veritatis. Autem rerum autem natus soluta atque ex sint. Laborum debitis dolor consectetur ut. Minus maxime ad et fugit sed quo cumque dolore. Quidem culpa sit aut tenetur enim dolorem qui repellendus. Ratione velit accusantium illo totam enim. Iure reprehenderit illum ab quasi sint dicta quisquam. Aspernatur qui blanditiis repellat sequi dolores vitae. Dolorum nobis unde minima accusantium tempora rerum occaecati. Dolor voluptatum molestiae eaque tempora quo eum. Accusamus temporibus laborum nihil. Sed praesentium dolores optio minus a sed. Consequuntur et quasi suscipit maxime quod aut. Quia dolor minus iste dignissimos. Doloribus sint ut quod aspernatur. Quibusdam incidunt est sapiente pariatur consequatur. Quis ex eos qui omnis. Recusandae maiores aliquam sapiente. Quia veritatis nulla exercitationem quam sunt vero. Et autem soluta accusamus officiis. Maxime pariatur quis voluptatibus et voluptatum vitae. Porro alias assumenda sunt illum est laudantium doloribus. Illum suscipit numquam et sunt ullam autem ab nihil. Qui expedita officiis sit blanditiis. Deleniti aspernatur ullam et ex. Voluptates veritatis quia rem doloremque ea. Debitis distinctio a nobis laboriosam expedita est laboriosam. Illo at cumque nihil. Atque fugit est illo architecto. Sit et aliquam autem voluptatum doloribus optio. Provident iusto voluptatem corporis sed.', '2023-09-20 10:50:55', '2023-09-20 10:50:55'),
(90, 'Ullam quis vitae esse libero quo id numquam soluta.', 'Eligendi impedit sit sint qui necessitatibus dolorem voluptates. Aliquid dolorem cum ipsa et sed nostrum perspiciatis cumque. Ipsa ipsa ut voluptatibus. Nostrum blanditiis aspernatur consequatur nemo. Ut pariatur sunt doloremque sit qui quisquam quia. Quisquam minus ipsa maxime natus fuga. A blanditiis aut eius veritatis rerum qui placeat. Sit sit sed eius debitis. Unde aut quibusdam fugit quibusdam quam cum. Voluptas a modi modi est alias. Sit esse in corporis quas. Ea dolorem provident cupiditate. Qui voluptas excepturi non et dolore. A quisquam itaque necessitatibus quis provident porro rem. Vel quisquam dolores ut adipisci. Qui ut quo quas assumenda. Architecto perferendis in ratione sint voluptas libero est. Error quas beatae consequatur veritatis in doloribus autem. Nam sint veniam consequatur velit consequatur ut. Nulla ipsam recusandae ea corporis corrupti. Accusantium necessitatibus voluptatem sint quos eaque ut. Reiciendis ut eveniet sunt quis repellendus amet. Dignissimos odit necessitatibus soluta quis quia minima numquam. Non id vel placeat aut. Ab dolore sint cum sed sint vitae. Perspiciatis sit dolorem illum suscipit. Rerum exercitationem consequatur sint. Minus voluptatibus est quos velit aut doloremque. Veniam eveniet alias dolores pariatur. Accusantium voluptas nesciunt aut sint possimus at delectus omnis. Quibusdam corporis quia et. Commodi optio qui omnis sint excepturi ut qui. Hic deleniti quia nobis aut. Ex et sit voluptate expedita et. Facere inventore ullam ut sequi numquam. Et molestiae et mollitia. Aut est vel minus quis minima ducimus.', '2023-09-20 10:50:55', '2023-09-20 10:50:55');
INSERT INTO `tarjetas` (`id`, `titulo`, `descripcion`, `created_at`, `updated_at`) VALUES
(91, 'Distinctio sit deleniti eius est amet quos voluptatum.', 'Quos sed ea voluptas odit sint vel. Voluptatibus perspiciatis distinctio iure reprehenderit animi fugit officia. Quisquam ipsam magnam officia. Atque qui qui eos possimus voluptas ut ipsum. Tenetur nam numquam suscipit quod dignissimos sed. Quam quia odio commodi modi omnis et ipsa. Voluptate perspiciatis vel ut perspiciatis enim modi est qui. Atque placeat mollitia corporis sint consequatur. Consequuntur beatae odit facere qui voluptatem aliquid eveniet. Officia est in qui corporis eum sequi eius rerum. Tempora voluptatem consequatur dolor est. Eum eos eaque dolorum. Voluptates provident et maiores vitae veniam veritatis aut. Aut in velit tempore odio quisquam. Iure iusto perspiciatis natus minima voluptatem. Molestiae soluta quia veritatis ducimus suscipit sed. Vel impedit voluptatem quod. Voluptates architecto fugiat maxime amet qui numquam placeat. Alias optio optio saepe dicta. Dolores ut molestiae molestiae commodi consequatur asperiores iste. Tempora sequi ut quia eos amet incidunt fuga. Itaque dolor natus ut aut et magnam voluptatem. Voluptatem aperiam voluptates asperiores harum similique perferendis iusto. Et rerum deserunt dolorem totam temporibus. Esse repellendus enim vero quas aut dicta aut accusamus. Illo et velit quia sequi animi vel facilis. Perferendis alias ea at quaerat. Molestiae perferendis qui voluptatem veniam sunt totam repellendus aut. Temporibus reprehenderit consequatur voluptates porro sit qui. Itaque quia et ipsa vel aut. Nihil mollitia beatae rerum voluptate quas ab totam et. Quo facilis ut recusandae doloribus molestiae et architecto.', '2023-09-20 10:50:55', '2023-09-20 10:50:55'),
(92, 'Ut ab ipsam unde harum quidem ut.', 'Sunt rerum eum odit fugiat qui est possimus. Harum sunt dolores praesentium. Ut itaque et labore incidunt sapiente et. Quia atque quisquam et ad veniam maxime. At possimus porro provident dolor. Maxime nulla ut maxime dicta recusandae nulla. Velit et quisquam laboriosam tempore doloribus. Sed provident inventore laudantium nihil repellendus et et. Quia magni sed aliquam beatae voluptas aut et consequuntur. Dolor dolore quia vero minus nemo. Animi quos quasi eos sequi. Sit amet et qui vero et tenetur cumque impedit. Dolores sit dolore est nobis consequatur cum. Repellendus reiciendis eum id reiciendis commodi quam. Consequatur eaque quasi voluptate qui autem et asperiores. Dolores sint quo ut est quis veritatis. Nobis unde vel provident assumenda velit. Esse possimus cupiditate alias quasi. Quasi maiores qui laborum. Culpa ad quia voluptas quia numquam et. Deleniti et quia sint laudantium. Mollitia perferendis quae aut nostrum numquam sed. Asperiores et aliquam et autem laudantium. Quos nostrum quia facere illo labore quibusdam sapiente. Nulla quidem dolores vero neque dolorum accusamus. Sit quos atque et et ut inventore sequi. A et consequatur facere natus unde sapiente. Placeat et necessitatibus non. Fugit dolorum fuga est. Magnam reprehenderit aut perferendis maxime nesciunt voluptas. Quasi sit ducimus ipsa aut quo esse illo. Omnis reprehenderit animi nemo. Minus reiciendis et accusantium sit doloremque voluptatibus. Dolore est vel velit.', '2023-09-20 10:50:55', '2023-09-20 10:50:55'),
(93, 'Soluta est ducimus harum praesentium eum repellendus.', 'Asperiores officiis ullam iste. Quam omnis tempora totam et cumque inventore inventore. Odio praesentium voluptatibus quo officia sit. Aut soluta deserunt libero voluptate quia. Quos sed id qui error sit qui. Magni cum exercitationem non maxime. Unde voluptas quaerat mollitia et. Qui ratione voluptatum aut. Et impedit omnis rerum harum non. Et doloremque sit commodi deserunt. Est cupiditate maiores veritatis ex tempora quia sit. Quis nesciunt corrupti cupiditate adipisci. Numquam rerum odio sunt illo eius dolor et aliquam. Eos minus vero molestias non et voluptate. Explicabo fugiat nesciunt eveniet quis sapiente qui nulla vel. Dignissimos dicta et sequi qui est. Odit rerum corrupti velit. Exercitationem odio omnis consequatur. Earum tempore velit possimus qui. Corrupti consectetur hic omnis eos assumenda voluptas ipsa sit. Et iste praesentium architecto sed eveniet nisi ut. Tenetur fugit repellendus ea quas aut commodi reprehenderit. At enim sint id et nihil. Adipisci cum saepe assumenda in velit quidem ratione. Aliquid omnis alias adipisci est. Beatae quos ipsam non asperiores consequuntur. Perspiciatis quis molestias sunt voluptas voluptatibus iste. Debitis perspiciatis quod labore. Harum quam ea fugiat rerum. Quam praesentium laborum eum hic. At quas molestias soluta placeat. Quaerat fuga qui fugit illo. Dolorem quia commodi non rerum magnam cupiditate eos facilis. Delectus dolores minus maxime sint et cum. Vitae suscipit tenetur ut accusantium quam repellat consectetur magni.', '2023-09-20 10:50:55', '2023-09-20 10:50:55'),
(94, 'Reprehenderit quidem qui expedita veniam.', 'Adipisci eius non totam eaque. Adipisci doloremque quia et voluptas aut facilis aut. Velit commodi aut eaque eveniet molestias veritatis aut. Adipisci sunt autem fugit dolorem voluptatibus omnis laboriosam reiciendis. Necessitatibus veritatis repellendus ut placeat repellat. Quos neque quo error est. Autem consequatur sint et libero consectetur. Quam dolor aut excepturi explicabo adipisci doloribus est. Commodi dolores quia iste. Eum vero est amet ut voluptatibus non voluptatum. Omnis ab eum odio culpa maiores consequatur amet totam. Ut id et molestiae expedita laudantium officiis. Quaerat eveniet fugit a voluptatem. Quo eligendi blanditiis dignissimos est qui id est. Accusantium itaque quasi nisi voluptatem est fugiat. Doloribus facilis rerum quo qui officia quibusdam officia eum. Aperiam tenetur eius perferendis eos similique voluptas quos nam. Non incidunt pariatur non voluptates. Suscipit aut voluptate consequatur laudantium. Eligendi nam perferendis omnis illum. Aut ut blanditiis et in sequi. Neque quo quod et omnis ipsa vero. Pariatur dolores asperiores excepturi quas. Ut similique est autem et adipisci ut vel. Itaque dolor eum alias perferendis cumque quidem nobis. Non hic sunt qui. Qui quis non et voluptate nam voluptatibus ut. Excepturi repudiandae est vel omnis. Deserunt recusandae nisi ducimus modi similique dolor quia odit. Ut accusantium aperiam corporis aspernatur non officiis at. Tempore ex mollitia pariatur et quia. Incidunt asperiores quae quae. Dicta et rerum ullam voluptatem cupiditate. Et ducimus suscipit aspernatur aut hic alias.', '2023-09-20 10:50:55', '2023-09-20 10:50:55'),
(95, 'Aut a et provident eligendi at ad pariatur dolorum.', 'Nemo occaecati voluptates ut ab. Expedita ex nobis consectetur consequatur quia deserunt est. Asperiores dignissimos quo qui aut architecto consequatur molestiae rerum. Esse maiores aliquam at magni itaque. Ad est sit quod accusantium qui esse. Voluptas voluptatibus odio et esse nihil officiis. Quo dolores saepe mollitia ipsum sint quas et. Doloribus enim ut debitis dolores. Dignissimos vero quia debitis accusamus est rerum et. Ullam exercitationem est sunt et magni ea. Quis eligendi nulla laudantium voluptatum et dolore. Aperiam deleniti earum qui quo pariatur. Praesentium natus a in reprehenderit. Magni quia expedita et nemo est. Praesentium enim rem sunt qui ducimus. Cum praesentium nihil suscipit sequi vero ut voluptate. Recusandae beatae id quae non. Culpa quod et culpa nihil ut est. Temporibus et qui perferendis repudiandae. Minus neque architecto aut numquam id dolorem facilis. Enim vel et eveniet non. Voluptates vitae asperiores molestiae itaque necessitatibus dolorem libero quis. Est quis alias id eum explicabo ut. Nostrum sint dolore odit dolorem fuga sunt. Asperiores quo illum commodi. Eum ducimus similique sit eos eum rerum nisi. Corrupti eum ut dolores animi. Quasi minima facilis et et eum. Id sapiente molestiae quibusdam. Molestias esse expedita et reiciendis ad ut in. Sed saepe sapiente ut vel distinctio eos est. Eos et nihil sunt eos. Nihil dolore vero cupiditate repudiandae illum exercitationem. Deleniti eos voluptates at voluptatum quis autem recusandae quas. Illum dolores non suscipit perspiciatis esse natus quia.', '2023-09-20 10:50:55', '2023-09-20 10:50:55'),
(96, 'Saepe voluptatem eligendi sed facilis non occaecati.', 'Cumque laborum est ut molestias vel ducimus. Vero maxime iure aliquid molestiae fugit quia. Velit eum occaecati sint provident qui eveniet doloremque. Et aliquid distinctio et. Optio quia ut quia nihil. Dolore quis hic iure doloribus iste explicabo libero et. Vel minus qui sit deserunt a quaerat nemo. Consequatur voluptas aliquam sequi. Voluptas rerum in quis dolores pariatur et qui et. Sed molestiae quam voluptas eaque quidem corporis qui aliquid. Quibusdam consectetur quisquam dolore praesentium eaque. Voluptate sed sed quidem fugit quia at. Laborum rerum autem assumenda nemo ducimus. Eveniet voluptatem ad voluptates consectetur deleniti provident. Eius eum dolore unde aliquam saepe voluptas. Quam eos aut omnis voluptatem. Cum ipsa non quisquam quaerat. Repellat qui sunt quam ut a. At totam quia nihil molestiae et ea. Ut consequatur rem consequuntur sed. Amet cupiditate aut voluptatem et tenetur ducimus. Ut maiores culpa praesentium ex tenetur eius facilis. Ipsam occaecati quas quibusdam. Pariatur nobis dicta totam ratione maiores facilis et. Doloremque voluptates nisi magni ad eos. Sequi dolorem aut dolores et magni reiciendis. Rem eius culpa quia optio ea quos eum. Eos expedita nemo esse est ut. Sunt velit quidem deleniti ipsa. Omnis necessitatibus nisi voluptatem facilis. Aspernatur ab harum quia voluptas magni quis ipsa. Consequatur vel minus aliquam nulla nesciunt deserunt. Et labore a reiciendis laboriosam a enim. Nihil qui pariatur et aut quos quia assumenda ut. Ullam numquam molestias unde quia sint velit. Delectus et similique numquam magni.', '2023-09-20 10:50:55', '2023-09-20 10:50:55'),
(97, 'Tempora modi omnis esse adipisci necessitatibus aut vel.', 'Architecto laudantium sit quia sed. Vero pariatur quae facilis tenetur deserunt commodi eaque. Aliquid ipsum ut velit optio culpa impedit necessitatibus. Aut quae a nihil et ut similique. Ut rerum quaerat dolores et illum. Natus sit odit autem asperiores. Alias beatae eligendi adipisci et. Velit assumenda vel quidem accusamus necessitatibus et. Aperiam ipsam eligendi doloremque distinctio provident. Vero nulla pariatur consequatur iusto autem qui. Facere quia laboriosam repellendus reiciendis sunt reiciendis qui. Architecto omnis qui molestiae numquam excepturi sit. Voluptas porro vel ad rem et sed vel unde. Est sit est commodi nesciunt quae aspernatur eum voluptas. Quia minima eos eum quaerat consequuntur. Sint saepe deleniti neque quidem sapiente. Quis modi aut molestiae corrupti sint. Cum sint molestiae enim qui tempora dolores dolor. Sed ab doloremque vel possimus aperiam dolor. Error molestiae qui quia eaque vel quam ex. Necessitatibus dolorum ipsam iusto consequatur. Dolores aut iure quia est nostrum. Expedita aut nulla amet aut et aut. At quam consequatur natus nihil beatae. Enim maiores quod eum commodi. Consequuntur et et quod dicta error delectus dignissimos hic. Id quas est ratione voluptatibus ad expedita. Vero veniam et similique vero et dolorum nam. Ut non eum sit qui deserunt sapiente. Nisi consectetur impedit dignissimos omnis qui. Repellat quia qui sequi sunt. Pariatur consequatur repudiandae culpa libero. Aliquid itaque ea et labore. Deserunt ut ut nisi et enim.', '2023-09-20 10:50:55', '2023-09-20 10:50:55'),
(98, 'Eaque eum voluptas occaecati maxime.', 'Rerum accusantium explicabo cumque sequi cupiditate dolorum et nisi. Occaecati est facere quia rerum quaerat. Quia animi aut ut. Quasi aspernatur delectus temporibus cupiditate dolor qui. Nihil enim odit inventore dolorem adipisci. Aut iste et voluptatem eum quaerat deserunt cumque. Error saepe dolor eius qui sapiente placeat accusantium. Nihil ratione consectetur aliquam voluptates. Labore maxime quia qui nulla quia. Praesentium quaerat molestiae quia corporis ut rerum cum. Voluptatem voluptatem optio modi. Ad doloremque cupiditate illo. Eligendi cupiditate quos enim vero asperiores nihil dolor. Consequatur voluptatum omnis nobis sed. Error ex recusandae sit illo quisquam eos sed. Perspiciatis et laudantium iure dolorem. Perspiciatis ut modi quos porro commodi nihil sunt. Rerum commodi perspiciatis iure ab. Est voluptatem consequatur temporibus dolorum earum quibusdam neque. Quis ad hic est et est tenetur. Eum quibusdam deserunt voluptas sunt. Velit et earum ad et. Provident sunt facere sed omnis similique. Nostrum quam doloremque dicta ad nisi. Ullam inventore labore facere quo. Enim dolor eligendi illo maiores consequatur sed corrupti. Sit sit eius rem eum itaque ullam recusandae consequatur. Qui doloremque nemo voluptas ut. Vel pariatur ut et quisquam. Cupiditate qui tempora sit. Consequuntur dolor soluta natus iure provident voluptate laboriosam. Qui omnis repellat deserunt tenetur nostrum cupiditate sed. Est et sit nemo numquam culpa unde consequuntur.', '2023-09-20 10:50:55', '2023-09-20 10:50:55'),
(99, 'Non eligendi aut ab sed sed quibusdam.', 'Magnam nihil sunt temporibus porro earum quibusdam aut. Eligendi consequatur vel voluptate sit quod. Nostrum nostrum voluptate itaque. Reprehenderit dignissimos consequuntur voluptate vitae a. Officia sed ipsum nostrum animi voluptates omnis maxime. Earum minus culpa voluptas dolor quis. Cumque facilis quis quo ipsa temporibus a qui. Cumque ut aut ipsam occaecati dolor voluptas at. Debitis voluptatem voluptatem a. Rem at eveniet nemo ut quo. Deserunt excepturi sunt magni quam nemo. Porro porro cum autem tempora dolorum consequatur aut. A suscipit est ad et quaerat sed. Alias laborum hic illo accusamus. Sint ex nam dolores dolorem magnam. Ut minima totam mollitia voluptatem et. Sed omnis et voluptatem repellendus sed. Qui ea unde voluptas dolore qui vel. Qui voluptas et ipsa debitis iste dolorum. Vitae ipsam qui reiciendis aperiam. Ab voluptatum perferendis reiciendis quia. Et magnam eius omnis magnam suscipit aut velit. Sit vero animi atque. Autem consequuntur dignissimos officiis adipisci. Mollitia aut corrupti id nihil illo rerum. Dicta sed dolor ratione ipsam. Aut doloremque officia ut ut autem saepe dolorem. Sint qui labore cupiditate laboriosam voluptatem harum. Iste quis quos ut a magnam. Itaque laborum tempore laborum at. Debitis nulla dolores facilis voluptatem recusandae optio. Aliquam optio temporibus aut nihil eos facere corporis ut. Asperiores neque qui autem nobis. Officia numquam molestiae et voluptatem quisquam vero qui. Adipisci quam inventore qui tenetur molestias est nobis. Velit ipsum qui vitae eos dolor soluta.', '2023-09-20 10:50:55', '2023-09-20 10:50:55'),
(100, 'Eum minima consectetur ea porro.', 'In aut modi esse omnis. Rerum facere quaerat laboriosam est eveniet labore. Sequi nostrum vero voluptas id nulla qui. Qui iure voluptatem qui et in et nam. Quo consequuntur totam beatae odio veniam rerum. Accusantium ad magni adipisci quia quia sit. Aut qui sit et ut iure ratione. In eos beatae aut voluptatem. Explicabo et veniam exercitationem nemo. Amet sunt architecto odio et. Amet ad natus consequatur. Eaque rerum necessitatibus nobis qui et nam nemo. Rerum aut voluptatem dolores totam eligendi. Doloremque est quia sunt enim pariatur ab sint. Soluta illum voluptatem qui quibusdam id dolorum temporibus. Laborum dolorem provident illum itaque. Explicabo tenetur deserunt nihil reiciendis repellendus alias. Vero omnis quasi corporis maxime qui. Autem sunt eveniet enim enim. Omnis nisi eligendi ut et quo et error vel. Fuga sit odit iusto. Dolor id natus qui nemo qui distinctio. Repellat maxime vitae quos omnis. Numquam incidunt accusamus voluptas corrupti non suscipit facilis atque. Nisi eligendi non minima eveniet. Molestias et et harum facere occaecati. Necessitatibus voluptatem et ut sed sint consequatur ut. Aliquam mollitia et voluptatem ut quo et explicabo hic. Perspiciatis facere sed quod ex occaecati aut. Temporibus itaque accusantium corporis molestiae eum sunt numquam. Commodi praesentium enim nulla. Quae veniam molestiae dignissimos recusandae porro. Unde veniam cupiditate dolorem qui natus enim qui quisquam.', '2023-09-20 10:50:55', '2023-09-20 10:50:55'),
(101, 'prueba', 'prueba', '2023-09-27 10:56:50', '2023-09-27 10:56:50'),
(102, 'prueba', 'prueba', '2023-09-27 10:57:16', '2023-09-27 10:57:16'),
(103, 'prueba', 'prueba', '2023-09-27 10:59:21', '2023-09-27 10:59:21'),
(104, 'prueba', 'prueba', '2023-09-27 11:01:02', '2023-09-27 11:01:02'),
(105, 'Prueba Quia suscipit vel itaque.', 'Holii Pruebaaaa Eum quis reprehenderit quis magnam. Vero nemo earum iure ad nisi. Quas consequatur sunt nam et nam. Eveniet nulla officia aut sint. Rem molestias nihil quia quaerat. Itaque saepe et aut eos placeat. Dignissimos corrupti libero dolor qui possimus. Sunt explicabo est facere rerum. Quasi ut commodi magnam delectus facilis ratione quam. Nihil iste harum culpa iusto qui voluptas eum. Repellendus laborum adipisci ea atque nam dignissimos vitae aliquid. Labore at reprehenderit esse rerum repudiandae. Quis illo molestiae est rerum. Omnis nesciunt cumque et consequatur aut. Nihil ut alias voluptatum voluptatum adipisci perferendis tempora. Amet facere qui dolorum dicta aut. In dolorum inventore impedit. Aut est placeat optio nihil rem pariatur non sequi. Et dolores magni minima debitis et aut. Reiciendis nulla praesentium odit aut facilis autem. Molestiae velit culpa non dicta rerum vitae. Numquam architecto voluptate voluptas maiores molestiae. Libero sed sequi consequatur aliquam libero ea libero et. Esse sed culpa neque quod. Quia voluptas velit non nesciunt tenetur. Et distinctio eaque dolor ipsa. Sed magni dolores ea. Optio ea quam ut veritatis sapiente. Et id velit itaque quis nam nulla. Ea in molestiae optio. Id modi amet voluptatibus accusamus aut. At quo omnis labore excepturi provident. Magnam repellat vero veritatis tempore repudiandae veniam. Rerum iure dolores amet. Amet pariatur recusandae et laudantium. Occaecati cupiditate qui illum et veniam necessitatibus consequatur. Nam autem numquam eligendi quo aspernatur quasi.', '2023-09-27 11:04:42', '2023-09-27 11:04:42'),
(106, 'prueba', 'prueba', '2023-09-27 11:10:23', '2023-09-27 11:10:23'),
(107, 'Prueba', 'Prueba', '2023-09-27 11:11:15', '2023-09-27 11:11:15'),
(108, 'Prueba', 'Prueba', '2023-09-27 11:14:30', '2023-09-27 11:14:30'),
(109, 'buenas', 'buenas', '2023-09-27 22:00:40', '2023-09-27 22:00:40');

-- --------------------------------------------------------

--
-- Estructura de tabla para la tabla `tarjetas_categorias`
--

CREATE TABLE `tarjetas_categorias` (
  `id` bigint(20) UNSIGNED NOT NULL,
  `tarjeta_id` bigint(20) UNSIGNED NOT NULL,
  `categoria_id` bigint(20) UNSIGNED NOT NULL,
  `created_at` timestamp NULL DEFAULT NULL,
  `updated_at` timestamp NULL DEFAULT NULL
) ENGINE=InnoDB DEFAULT CHARSET=utf8mb4 COLLATE=utf8mb4_unicode_ci;

--
-- Volcado de datos para la tabla `tarjetas_categorias`
--

INSERT INTO `tarjetas_categorias` (`id`, `tarjeta_id`, `categoria_id`, `created_at`, `updated_at`) VALUES
(1, 60, 4, '2023-09-20 10:51:42', '2023-09-20 10:51:42'),
(2, 5, 5, '2023-09-20 10:51:42', '2023-09-20 10:51:42'),
(3, 47, 8, '2023-09-20 10:51:42', '2023-09-20 10:51:42'),
(4, 61, 1, '2023-09-20 10:51:42', '2023-09-20 10:51:42'),
(5, 91, 7, '2023-09-20 10:51:42', '2023-09-20 10:51:42'),
(6, 46, 8, '2023-09-20 10:51:42', '2023-09-20 10:51:42'),
(7, 68, 1, '2023-09-20 10:51:42', '2023-09-20 10:51:42'),
(8, 46, 10, '2023-09-20 10:51:42', '2023-09-20 10:51:42'),
(9, 80, 8, '2023-09-20 10:51:42', '2023-09-20 10:51:42'),
(10, 88, 6, '2023-09-20 10:51:42', '2023-09-20 10:51:42'),
(11, 94, 9, '2023-09-20 10:51:42', '2023-09-20 10:51:42'),
(12, 70, 1, '2023-09-20 10:51:42', '2023-09-20 10:51:42'),
(13, 5, 4, '2023-09-20 10:51:42', '2023-09-20 10:51:42'),
(14, 62, 8, '2023-09-20 10:51:42', '2023-09-20 10:51:42'),
(15, 31, 10, '2023-09-20 10:51:42', '2023-09-20 10:51:42'),
(16, 40, 6, '2023-09-20 10:51:42', '2023-09-20 10:51:42'),
(17, 58, 5, '2023-09-20 10:51:42', '2023-09-20 10:51:42'),
(18, 15, 1, '2023-09-20 10:51:42', '2023-09-20 10:51:42'),
(19, 60, 8, '2023-09-20 10:51:42', '2023-09-20 10:51:42'),
(20, 18, 2, '2023-09-20 10:51:42', '2023-09-20 10:51:42'),
(21, 66, 2, '2023-09-20 10:51:42', '2023-09-20 10:51:42'),
(22, 33, 7, '2023-09-20 10:51:42', '2023-09-20 10:51:42'),
(23, 68, 5, '2023-09-20 10:51:42', '2023-09-20 10:51:42'),
(24, 93, 3, '2023-09-20 10:51:42', '2023-09-20 10:51:42'),
(25, 66, 9, '2023-09-20 10:51:42', '2023-09-20 10:51:42'),
(26, 6, 6, '2023-09-20 10:51:42', '2023-09-20 10:51:42'),
(27, 38, 4, '2023-09-20 10:51:42', '2023-09-20 10:51:42'),
(28, 23, 7, '2023-09-20 10:51:42', '2023-09-20 10:51:42'),
(29, 24, 9, '2023-09-20 10:51:42', '2023-09-20 10:51:42'),
(30, 9, 2, '2023-09-20 10:51:42', '2023-09-20 10:51:42'),
(31, 78, 5, '2023-09-21 23:43:11', '2023-09-21 23:43:11'),
(32, 25, 3, '2023-09-21 23:43:11', '2023-09-21 23:43:11'),
(33, 24, 3, '2023-09-21 23:43:11', '2023-09-21 23:43:11'),
(34, 8, 10, '2023-09-21 23:43:11', '2023-09-21 23:43:11'),
(35, 75, 10, '2023-09-21 23:43:11', '2023-09-21 23:43:11'),
(36, 74, 6, '2023-09-21 23:43:11', '2023-09-21 23:43:11'),
(37, 48, 6, '2023-09-21 23:43:11', '2023-09-21 23:43:11'),
(39, 89, 3, '2023-09-21 23:43:13', '2023-09-21 23:43:13'),
(40, 53, 2, '2023-09-21 23:43:13', '2023-09-21 23:43:13'),
(41, 92, 6, '2023-09-21 23:43:13', '2023-09-21 23:43:13'),
(42, 48, 1, '2023-09-21 23:43:13', '2023-09-21 23:43:13'),
(43, 53, 10, '2023-09-21 23:43:13', '2023-09-21 23:43:13'),
(44, 67, 2, '2023-09-21 23:43:13', '2023-09-21 23:43:13'),
(45, 36, 4, '2023-09-21 23:43:13', '2023-09-21 23:43:13'),
(47, 31, 9, '2023-09-21 23:43:14', '2023-09-21 23:43:14'),
(48, 70, 8, '2023-09-21 23:43:14', '2023-09-21 23:43:14'),
(49, 26, 5, '2023-09-21 23:43:14', '2023-09-21 23:43:14'),
(50, 14, 7, '2023-09-21 23:43:14', '2023-09-21 23:43:14'),
(51, 97, 5, '2023-09-21 23:43:14', '2023-09-21 23:43:14'),
(52, 62, 9, '2023-09-21 23:43:14', '2023-09-21 23:43:14'),
(53, 27, 1, '2023-09-21 23:43:14', '2023-09-21 23:43:14'),
(54, 94, 2, '2023-09-21 23:43:14', '2023-09-21 23:43:14'),
(55, 44, 2, '2023-09-21 23:43:14', '2023-09-21 23:43:14'),
(56, 20, 8, '2023-09-21 23:43:14', '2023-09-21 23:43:14'),
(57, 21, 5, '2023-09-21 23:43:14', '2023-09-21 23:43:14'),
(58, 18, 9, '2023-09-21 23:43:14', '2023-09-21 23:43:14'),
(59, 31, 6, '2023-09-21 23:43:14', '2023-09-21 23:43:14'),
(60, 69, 5, '2023-09-21 23:43:14', '2023-09-21 23:43:14'),
(61, 52, 8, '2023-09-21 23:43:14', '2023-09-21 23:43:14'),
(62, 93, 10, '2023-09-21 23:43:14', '2023-09-21 23:43:14'),
(63, 77, 5, '2023-09-21 23:43:14', '2023-09-21 23:43:14'),
(64, 91, 2, '2023-09-21 23:43:14', '2023-09-21 23:43:14'),
(65, 75, 4, '2023-09-21 23:43:14', '2023-09-21 23:43:14'),
(66, 93, 6, '2023-09-21 23:43:14', '2023-09-21 23:43:14'),
(67, 96, 1, '2023-09-21 23:43:14', '2023-09-21 23:43:14'),
(68, 13, 5, '2023-09-21 23:43:14', '2023-09-21 23:43:14'),
(69, 26, 6, '2023-09-21 23:43:14', '2023-09-21 23:43:14'),
(70, 37, 2, '2023-09-21 23:43:14', '2023-09-21 23:43:14'),
(71, 71, 1, '2023-09-21 23:43:14', '2023-09-21 23:43:14'),
(72, 1, 2, '2023-09-21 23:43:14', '2023-09-21 23:43:14'),
(73, 49, 8, '2023-09-21 23:43:14', '2023-09-21 23:43:14'),
(74, 45, 6, '2023-09-21 23:43:14', '2023-09-21 23:43:14'),
(75, 96, 2, '2023-09-21 23:43:14', '2023-09-21 23:43:14'),
(76, 33, 1, '2023-09-21 23:43:14', '2023-09-21 23:43:14'),
(77, 82, 2, '2023-09-21 23:43:21', '2023-09-21 23:43:21'),
(78, 72, 6, '2023-09-21 23:43:21', '2023-09-21 23:43:21'),
(79, 17, 8, '2023-09-21 23:43:21', '2023-09-21 23:43:21'),
(80, 68, 3, '2023-09-21 23:43:21', '2023-09-21 23:43:21'),
(81, 86, 4, '2023-09-21 23:43:21', '2023-09-21 23:43:21'),
(82, 29, 2, '2023-09-21 23:43:21', '2023-09-21 23:43:21'),
(83, 66, 10, '2023-09-21 23:43:21', '2023-09-21 23:43:21'),
(84, 54, 6, '2023-09-21 23:43:21', '2023-09-21 23:43:21'),
(85, 58, 2, '2023-09-21 23:43:21', '2023-09-21 23:43:21'),
(86, 49, 7, '2023-09-21 23:43:21', '2023-09-21 23:43:21'),
(87, 84, 9, '2023-09-21 23:43:21', '2023-09-21 23:43:21'),
(88, 20, 9, '2023-09-21 23:43:21', '2023-09-21 23:43:21'),
(89, 91, 5, '2023-09-21 23:43:21', '2023-09-21 23:43:21'),
(91, 107, 2, '2023-09-27 11:11:15', '2023-09-27 11:11:15'),
(92, 107, 6, '2023-09-27 11:11:15', '2023-09-27 11:11:15'),
(93, 107, 10, '2023-09-27 11:11:15', '2023-09-27 11:11:15'),
(94, 108, 2, '2023-09-27 11:14:30', '2023-09-27 11:14:30'),
(95, 108, 6, '2023-09-27 11:14:30', '2023-09-27 11:14:30'),
(96, 108, 10, '2023-09-27 11:14:30', '2023-09-27 11:14:30'),
(97, 109, 7, '2023-09-27 22:00:40', '2023-09-27 22:00:40'),
(98, 109, 8, '2023-09-27 22:00:40', '2023-09-27 22:00:40'),
(99, 109, 10, '2023-09-27 22:00:40', '2023-09-27 22:00:40');

-- --------------------------------------------------------

--
-- Estructura de tabla para la tabla `tarjetas_usuarios`
--

CREATE TABLE `tarjetas_usuarios` (
  `id` bigint(20) UNSIGNED NOT NULL,
  `tarjeta_id` bigint(20) UNSIGNED NOT NULL,
  `tipo_id` bigint(20) UNSIGNED NOT NULL,
  `created_at` timestamp NULL DEFAULT NULL,
  `updated_at` timestamp NULL DEFAULT NULL
) ENGINE=InnoDB DEFAULT CHARSET=utf8mb4 COLLATE=utf8mb4_unicode_ci;

--
-- Volcado de datos para la tabla `tarjetas_usuarios`
--

INSERT INTO `tarjetas_usuarios` (`id`, `tarjeta_id`, `tipo_id`, `created_at`, `updated_at`) VALUES
(1, 5, 1, '2023-09-20 10:50:55', '2023-09-20 10:50:55'),
(2, 62, 2, '2023-09-20 10:50:55', '2023-09-20 10:50:55'),
(3, 11, 1, '2023-09-20 10:50:55', '2023-09-20 10:50:55'),
(4, 91, 1, '2023-09-20 10:50:55', '2023-09-20 10:50:55'),
(5, 71, 3, '2023-09-20 10:50:55', '2023-09-20 10:50:55'),
(6, 65, 2, '2023-09-20 10:50:55', '2023-09-20 10:50:55'),
(8, 81, 3, '2023-09-20 10:51:11', '2023-09-20 10:51:11'),
(9, 61, 1, '2023-09-20 10:51:11', '2023-09-20 10:51:11'),
(10, 62, 3, '2023-09-20 10:51:11', '2023-09-20 10:51:11'),
(11, 14, 3, '2023-09-20 10:51:11', '2023-09-20 10:51:11'),
(12, 73, 3, '2023-09-20 10:51:11', '2023-09-20 10:51:11'),
(13, 79, 3, '2023-09-20 10:51:11', '2023-09-20 10:51:11'),
(14, 8, 3, '2023-09-20 10:51:11', '2023-09-20 10:51:11'),
(15, 80, 2, '2023-09-20 10:51:11', '2023-09-20 10:51:11'),
(17, 13, 1, '2023-09-20 10:51:26', '2023-09-20 10:51:26'),
(18, 57, 3, '2023-09-20 10:51:26', '2023-09-20 10:51:26'),
(19, 81, 1, '2023-09-20 10:51:26', '2023-09-20 10:51:26'),
(20, 69, 2, '2023-09-20 10:51:26', '2023-09-20 10:51:26'),
(21, 97, 3, '2023-09-20 10:51:26', '2023-09-20 10:51:26'),
(22, 98, 2, '2023-09-20 10:51:26', '2023-09-20 10:51:26'),
(23, 37, 1, '2023-09-20 10:51:26', '2023-09-20 10:51:26'),
(24, 100, 1, '2023-09-20 10:51:26', '2023-09-20 10:51:26'),
(26, 67, 1, '2023-09-20 10:51:31', '2023-09-20 10:51:31'),
(27, 38, 3, '2023-09-20 10:51:31', '2023-09-20 10:51:31'),
(28, 27, 1, '2023-09-20 10:51:31', '2023-09-20 10:51:31'),
(29, 76, 3, '2023-09-20 10:51:31', '2023-09-20 10:51:31'),
(30, 53, 3, '2023-09-20 10:51:31', '2023-09-20 10:51:31'),
(31, 51, 2, '2023-09-20 10:51:31', '2023-09-20 10:51:31'),
(32, 37, 3, '2023-09-20 10:51:31', '2023-09-20 10:51:31'),
(33, 84, 2, '2023-09-20 10:51:31', '2023-09-20 10:51:31'),
(35, 20, 3, '2023-09-21 23:42:20', '2023-09-21 23:42:20'),
(37, 28, 1, '2023-09-21 23:42:37', '2023-09-21 23:42:37'),
(38, 99, 2, '2023-09-21 23:42:37', '2023-09-21 23:42:37'),
(39, 19, 1, '2023-09-21 23:42:37', '2023-09-21 23:42:37'),
(40, 31, 1, '2023-09-21 23:42:37', '2023-09-21 23:42:37'),
(42, 99, 3, '2023-09-21 23:42:39', '2023-09-21 23:42:39'),
(43, 25, 1, '2023-09-21 23:42:39', '2023-09-21 23:42:39'),
(44, 74, 3, '2023-09-21 23:42:39', '2023-09-21 23:42:39'),
(45, 16, 2, '2023-09-21 23:42:39', '2023-09-21 23:42:39'),
(46, 54, 3, '2023-09-21 23:42:39', '2023-09-21 23:42:39'),
(47, 89, 3, '2023-09-21 23:42:39', '2023-09-21 23:42:39'),
(48, 84, 3, '2023-09-21 23:42:39', '2023-09-21 23:42:39'),
(49, 47, 1, '2023-09-21 23:42:39', '2023-09-21 23:42:39'),
(50, 9, 2, '2023-09-21 23:42:39', '2023-09-21 23:42:39'),
(51, 44, 3, '2023-09-21 23:42:39', '2023-09-21 23:42:39'),
(52, 59, 3, '2023-09-21 23:42:39', '2023-09-21 23:42:39'),
(53, 93, 3, '2023-09-21 23:42:39', '2023-09-21 23:42:39'),
(54, 68, 1, '2023-09-21 23:42:39', '2023-09-21 23:42:39'),
(55, 38, 1, '2023-09-21 23:42:39', '2023-09-21 23:42:39'),
(56, 82, 1, '2023-09-21 23:42:39', '2023-09-21 23:42:39'),
(57, 2, 2, '2023-09-21 23:42:39', '2023-09-21 23:42:39'),
(59, 85, 1, '2023-09-21 23:42:39', '2023-09-21 23:42:39'),
(60, 3, 1, '2023-09-21 23:42:39', '2023-09-21 23:42:39'),
(62, 78, 3, '2023-09-21 23:42:40', '2023-09-21 23:42:40'),
(64, 50, 1, '2023-09-21 23:42:41', '2023-09-21 23:42:41'),
(65, 74, 2, '2023-09-21 23:42:41', '2023-09-21 23:42:41'),
(66, 75, 2, '2023-09-21 23:42:41', '2023-09-21 23:42:41'),
(67, 82, 2, '2023-09-21 23:42:41', '2023-09-21 23:42:41'),
(68, 88, 2, '2023-09-21 23:42:41', '2023-09-21 23:42:41'),
(69, 33, 3, '2023-09-21 23:42:41', '2023-09-21 23:42:41'),
(70, 88, 1, '2023-09-21 23:42:41', '2023-09-21 23:42:41'),
(71, 43, 3, '2023-09-21 23:42:41', '2023-09-21 23:42:41'),
(72, 26, 1, '2023-09-21 23:42:41', '2023-09-21 23:42:41'),
(73, 41, 3, '2023-09-21 23:42:41', '2023-09-21 23:42:41'),
(74, 38, 2, '2023-09-21 23:42:41', '2023-09-21 23:42:41'),
(75, 12, 2, '2023-09-21 23:42:41', '2023-09-21 23:42:41'),
(76, 39, 3, '2023-09-21 23:42:41', '2023-09-21 23:42:41'),
(77, 4, 2, '2023-09-21 23:42:41', '2023-09-21 23:42:41'),
(78, 45, 3, '2023-09-21 23:42:41', '2023-09-21 23:42:41'),
(79, 18, 3, '2023-09-21 23:42:41', '2023-09-21 23:42:41'),
(80, 99, 1, '2023-09-21 23:42:41', '2023-09-21 23:42:41'),
(81, 52, 3, '2023-09-21 23:42:41', '2023-09-21 23:42:41'),
(82, 10, 1, '2023-09-21 23:42:41', '2023-09-21 23:42:41'),
(83, 18, 1, '2023-09-21 23:42:41', '2023-09-21 23:42:41'),
(84, 57, 2, '2023-09-21 23:42:41', '2023-09-21 23:42:41'),
(85, 51, 1, '2023-09-21 23:42:41', '2023-09-21 23:42:41'),
(86, 26, 2, '2023-09-21 23:42:41', '2023-09-21 23:42:41'),
(88, 46, 2, '2023-09-21 23:42:42', '2023-09-21 23:42:42'),
(89, 40, 2, '2023-09-21 23:42:42', '2023-09-21 23:42:42'),
(90, 87, 3, '2023-09-21 23:42:42', '2023-09-21 23:42:42'),
(92, 12, 1, '2023-09-21 23:42:43', '2023-09-21 23:42:43'),
(95, 87, 1, '2023-09-21 23:42:45', '2023-09-21 23:42:45'),
(96, 17, 2, '2023-09-21 23:42:45', '2023-09-21 23:42:45'),
(97, 76, 1, '2023-09-21 23:42:45', '2023-09-21 23:42:45'),
(98, 31, 3, '2023-09-21 23:42:45', '2023-09-21 23:42:45'),
(99, 55, 2, '2023-09-21 23:42:45', '2023-09-21 23:42:45'),
(101, 107, 2, '2023-09-27 11:11:15', '2023-09-27 11:11:15'),
(102, 108, 3, '2023-09-27 11:14:30', '2023-09-27 11:14:30'),
(103, 109, 3, '2023-09-27 22:00:40', '2023-09-27 22:00:40');

-- --------------------------------------------------------

--
-- Estructura de tabla para la tabla `tickets`
--

CREATE TABLE `tickets` (
  `id` bigint(20) UNSIGNED NOT NULL,
  `asunto` varchar(255) NOT NULL,
  `descripcion` text NOT NULL,
  `email_responsable` varchar(255) DEFAULT NULL,
  `fecha_limite` varchar(255) DEFAULT NULL,
  `user_id` bigint(20) UNSIGNED NOT NULL,
  `categoria_id` bigint(20) UNSIGNED NOT NULL,
  `item_id` bigint(20) UNSIGNED NOT NULL,
  `estado_id` bigint(20) UNSIGNED NOT NULL,
  `prioridad_id` bigint(20) UNSIGNED DEFAULT NULL,
  `created_at` timestamp NULL DEFAULT NULL,
  `updated_at` timestamp NULL DEFAULT NULL
) ENGINE=InnoDB DEFAULT CHARSET=utf8mb4 COLLATE=utf8mb4_unicode_ci;

--
-- Volcado de datos para la tabla `tickets`
--

INSERT INTO `tickets` (`id`, `asunto`, `descripcion`, `email_responsable`, `fecha_limite`, `user_id`, `categoria_id`, `item_id`, `estado_id`, `prioridad_id`, `created_at`, `updated_at`) VALUES
(1, 'Odit aut repudiandae voluptatem vero perferendis voluptatum eaque.', 'Quia in neque quis in sunt. Laboriosam natus error consequuntur maxime reiciendis. Distinctio inventore molestiae et earum. Eius sit repudiandae sed doloremque a minima.', 'hjohnson@example.net', '2023-10-10', 3, 5, 5, 3, 1, '2023-09-20 10:51:42', '2023-09-20 10:51:42'),
(2, 'Aspernatur quo aliquam neque sint non officia animi.', 'Optio est sint quia incidunt vero. Aut id aut eveniet. Nemo velit et voluptatem dicta.', 'juliana04@example.net', '2023-10-10', 6, 1, 10, 3, 1, '2023-09-20 10:51:42', '2023-09-20 21:28:40'),
(3, 'Iste laborum quis nobis explicabo odit odio.', 'Voluptatem est culpa occaecati qui est molestias qui. Perferendis at amet ipsa ipsum. Voluptatem animi et eum esse.', 'hjohnson@example.net', '2023-09-22', 7, 5, 5, 3, 3, '2023-09-20 10:51:42', '2023-09-20 10:51:42'),
(4, 'Fugiat sit consequatur rerum est et odit.', 'Animi quis aperiam dolorum ut nam aperiam modi. Tempora illo ratione iste. Vel et qui totam animi ut ex sint. Labore qui nisi eos recusandae repellendus.', 'jptolozac@udistrital.edu.co', '2023-09-22', 4, 5, 2, 1, 3, '2023-09-20 10:51:42', '2023-09-20 10:51:42'),
(5, 'Veniam consequuntur repellat aut neque molestiae eius quasi.', 'Aspernatur aut ipsam autem quia. Deleniti quidem occaecati est rem voluptatem. Perspiciatis culpa beatae aliquid nostrum et. Et consequatur libero reiciendis voluptates harum ipsam.', 'jptolozac@udistrital.edu.co', '2023-09-28', 3, 4, 3, 2, 2, '2023-09-20 10:51:42', '2023-09-20 10:51:42'),
(6, 'Asperiores quia voluptatum nulla rerum.', 'Sed rem aut est aut voluptatibus odit. Odit labore facere recusandae assumenda qui occaecati. Minus tenetur atque ut voluptatum enim.', 'larmstrong@example.com', '2023-09-22', 7, 5, 5, 2, 3, '2023-09-20 10:51:42', '2023-09-20 10:51:42'),
(7, 'Consequuntur sit aliquid aut asperiores.', 'Quis enim qui voluptas illum aut. Dolores ut distinctio aut et enim. Ratione commodi hic praesentium. Enim sit laboriosam aut enim autem. Nihil sint est dolorem ut.', 'barton.casper@example.com', '2023-10-10', 2, 2, 8, 2, 1, '2023-09-20 10:51:42', '2023-09-20 10:51:42'),
(8, 'Non odit ut inventore iste molestias.', 'Sed consequuntur neque et assumenda aperiam dolores amet facere. Sint cumque numquam eius reprehenderit blanditiis ut.', 'nrubios@udistrital.edu.co', '2023-10-10', 9, 1, 6, 1, 1, '2023-09-20 10:51:42', '2023-09-20 10:51:42'),
(9, 'Beatae totam at consequatur corporis nihil.', 'Dolorum ducimus aut quas ea facere dolor. Blanditiis nobis aut repellat aut fugit. Enim ipsum et incidunt ut explicabo est vel.', 'jptolozac@udistrital.edu.co', '2023-09-28', 4, 1, 10, 2, 2, '2023-09-20 10:51:42', '2023-09-20 10:51:42'),
(10, 'In ut quam error sequi tempora eaque reprehenderit.', 'Adipisci cum nisi quis placeat. Et dolore nobis occaecati animi distinctio cupiditate nihil sed. Quas minima sunt alias placeat.', 'juliana04@example.net', '2023-10-10', 10, 1, 10, 2, 1, '2023-09-20 10:51:42', '2023-09-20 10:51:42'),
(11, 'Deleniti reprehenderit veritatis blanditiis blanditiis temporibus.', 'Perspiciatis a facilis veniam esse saepe error repudiandae. Omnis magnam facilis sunt ut aperiam aut. Dolor nulla quae pariatur consequatur. Est fugit pariatur deleniti incidunt eligendi.', 'jptolozac@udistrital.edu.co', '2023-10-10', 9, 2, 8, 1, 1, '2023-09-20 10:51:42', '2023-09-20 10:51:42'),
(12, 'Doloribus consectetur voluptatem minima.', 'Dicta nam enim tempora beatae fugit. Maxime non quisquam ipsum consectetur velit culpa qui. Eum odio consectetur architecto nihil dolores nihil esse.', 'jptolozac@udistrital.edu.co', '2023-10-10', 4, 1, 10, 1, 1, '2023-09-20 10:51:42', '2023-09-20 10:51:42'),
(13, 'Dolor in ut magnam repellendus.', 'Nesciunt ab quibusdam perferendis nam repellendus odio dolores. Quas eligendi dolor quia eos eum accusantium ullam. Officia ipsa consectetur vitae ex quidem error.', 'jptolozac@udistrital.edu.co', '2023-09-22', 1, 2, 8, 2, 3, '2023-09-20 10:51:42', '2023-09-20 10:51:42'),
(14, 'Ut qui pariatur odio consequatur non.', 'Voluptatem et blanditiis veniam. Quidem modi eos tenetur voluptatum sed est iusto sint. Voluptas et voluptatum quia suscipit.', 'nrubios@udistrital.edu.co', '2023-09-22', 5, 1, 10, 2, 3, '2023-09-20 10:51:42', '2023-09-20 10:51:42'),
(15, 'Beatae iusto consectetur accusamus aut.', 'Aut corporis rem fugiat nihil aut. Odit esse ut voluptatem dicta reiciendis dolor ut. Eum repudiandae consequatur sapiente at iure. Corrupti cum sed voluptas qui minus aliquam tempore reiciendis.', 'jptolozac@udistrital.edu.co', '2023-10-10', 7, 5, 2, 3, 1, '2023-09-20 10:51:42', '2023-09-20 10:51:42'),
(16, 'Ullam omnis aut incidunt porro.', 'Quod non est veritatis voluptatibus. Aut nobis non sit itaque sed ea. Quam officia debitis ea culpa expedita. Dolor deserunt accusamus nobis aut omnis.', 'jptolozac@udistrital.edu.co', '2023-10-10', 7, 2, 8, 3, 1, '2023-09-20 10:51:42', '2023-09-20 10:51:42'),
(17, 'Ex est occaecati minima saepe.', 'Quam rem rerum inventore rem velit dolor illo. Aut et suscipit omnis. Eum illo sit enim optio et nisi ea eos.', 'jptolozac@udistrital.edu.co', '2023-10-10', 3, 5, 2, 3, 1, '2023-09-20 10:51:42', '2023-09-20 10:51:42'),
(18, 'Enim et enim vero non enim enim ratione.', 'Debitis quas eos sequi odit sed at. Et cupiditate nulla eligendi ipsam rem laboriosam. Ut vero enim qui voluptates. Natus cum et placeat et.', 'jptolozac@udistrital.edu.co', '2023-09-28', 5, 1, 9, 1, 2, '2023-09-20 10:51:42', '2023-09-20 10:51:42'),
(19, 'Quidem porro quo quod aut.', 'Optio corporis veniam nesciunt dolor numquam. Aspernatur nam quidem eum hic delectus placeat et. Aut nihil nemo pariatur esse veniam enim. Omnis id dolore et labore optio eveniet facilis est.', 'jptolozac@udistrital.edu.co', '2023-10-10', 7, 2, 8, 2, 1, '2023-09-20 10:51:42', '2023-09-20 10:51:42'),
(20, 'Ducimus ut voluptas in et.', 'Id vero voluptates qui. Itaque sunt unde facilis inventore.', 'nrubios@udistrital.edu.co', '2023-09-28', 6, 1, 6, 2, 2, '2023-09-20 10:51:42', '2023-09-20 10:51:42'),
(21, 'Asperiores qui quaerat aliquam consequatur repudiandae cupiditate ut.', 'Nobis suscipit saepe delectus sit saepe ut eos. Illum non atque iure excepturi. Vel deleniti assumenda voluptate non illum quod. Et eaque modi dolorem animi.', 'jptolozac@udistrital.edu.co', '2023-09-28', 10, 2, 8, 3, 2, '2023-09-20 10:51:42', '2023-09-20 10:51:42'),
(22, 'Magnam libero est sunt nam laborum qui consequuntur.', 'Aut aut at veniam aut libero in eum. Adipisci at velit expedita earum perspiciatis. Ab fuga perspiciatis optio ipsum numquam vero. Non quasi sunt error voluptates. Porro ut nihil eos.', 'thill@example.net', '2023-09-28', 10, 2, 8, 2, 2, '2023-09-20 10:51:42', '2023-09-20 10:51:42'),
(23, 'Hic eum omnis quam.', 'Ipsum corrupti sed quis. Qui architecto sed voluptatem. Modi voluptates necessitatibus ut perspiciatis consequatur. Dignissimos similique voluptates quod sint quam provident.', 'jptolozac@udistrital.edu.co', '2023-10-10', 5, 1, 10, 1, 1, '2023-09-20 10:51:42', '2023-09-20 10:51:42'),
(24, 'Dolores natus dolor sunt et suscipit laboriosam qui.', 'Numquam dolorem laborum exercitationem reiciendis quia. Officia earum molestias non voluptates esse ea. Dolor molestiae atque repellendus rerum veniam. Eligendi cum ex consectetur.', 'paolo02@example.com', '2023-09-22', 9, 5, 4, 3, 3, '2023-09-20 10:51:42', '2023-09-20 10:51:42'),
(25, 'Eos dolorum quos nobis quod harum id odio.', 'Nemo veritatis harum est. Eos aut aut error molestiae iste provident ullam. Aspernatur incidunt consequuntur laudantium nihil.', 'nrubios@udistrital.edu.co', '2023-10-10', 7, 4, 7, 2, 1, '2023-09-20 10:51:42', '2023-09-20 10:51:42'),
(27, 'Debitis non non exercitationem et.', 'Nam voluptatum vitae quos minima delectus. Ex sunt natus animi. Velit doloremque qui non. Deleniti numquam culpa totam hic porro est.', 'jptolozac@udistrital.edu.co', '2023-10-10', 6, 5, 5, 2, 1, '2023-09-20 10:51:42', '2023-09-20 10:51:42'),
(28, 'Perferendis sed quisquam quae blanditiis.', 'Et neque exercitationem quam distinctio et quidem. Neque est debitis soluta eligendi possimus explicabo quae. Eum perspiciatis sit earum modi nam. Est error hic aut et.', 'barton.casper@example.com', '2023-10-10', 3, 4, 7, 1, 1, '2023-09-20 10:51:42', '2023-09-20 10:51:42'),
(29, 'Sed sunt asperiores itaque corporis.', 'Enim distinctio deleniti eos eaque. Nemo enim voluptatem est omnis blanditiis esse est modi. Inventore modi itaque aut voluptatibus. Consequatur sequi voluptatibus enim quasi aspernatur.', 'jptolozac@udistrital.edu.co', '2023-09-28', 5, 1, 1, 1, 2, '2023-09-20 10:51:42', '2023-09-20 10:51:42'),
(30, 'Inventore aperiam sit minima culpa voluptatum.', 'Distinctio voluptatem aut culpa et libero ipsa. Atque aut amet aut sed ipsa. Rem quia nemo aut qui ea et.', 'thill@example.net', '2023-09-28', 7, 4, 3, 3, 2, '2023-09-20 10:51:42', '2023-09-20 10:51:42'),
(31, 'Ad placeat consequatur doloribus magnam veniam in.', 'Veniam porro repellendus sit eos et. Voluptas iure omnis quaerat omnis dolore occaecati. Autem voluptate reiciendis aspernatur est. Qui fugiat sapiente deleniti eos vel labore corrupti.', 'jptolozac@udistrital.edu.co', '2023-09-22', 3, 4, 3, 2, 3, '2023-09-20 10:51:42', '2023-09-20 10:51:42'),
(33, 'Itaque ipsa error et blanditiis tenetur et ut.', 'Perferendis cupiditate quisquam expedita voluptatem sed vero nesciunt. Nesciunt et qui quae rerum consequatur. Assumenda fuga assumenda et ipsum. Fugiat dicta aut est et deserunt.', 'jptolozac@udistrital.edu.co', '2023-09-22', 6, 5, 4, 3, 3, '2023-09-20 10:51:42', '2023-09-20 10:51:42'),
(35, 'Nobis omnis qui aut est numquam.', 'Maiores sed deserunt laborum repellendus impedit omnis sapiente vero. Esse magni perspiciatis et unde.', 'paolo02@example.com', '2023-10-10', 10, 2, 8, 1, 1, '2023-09-20 10:51:42', '2023-09-20 10:51:42'),
(36, 'Qui facere inventore sit.', 'Voluptatem non doloribus nulla fugiat recusandae. Sunt iste nisi nemo libero quia eaque ratione. Ea cum possimus animi non autem rem quae. Earum sunt rem sapiente dolor.', 'jptolozac@udistrital.edu.co', '2023-10-10', 4, 2, 8, 3, 1, '2023-09-20 10:51:42', '2023-09-20 10:51:42'),
(37, 'Et quos facere repellendus quod odio ad.', 'Et animi nostrum iure at molestiae dolore. Laudantium repudiandae qui aliquam nesciunt. Quo est qui rerum consequatur. Voluptatem fugit ut amet sed vero earum aperiam.', 'nrubios@udistrital.edu.co', '2023-09-28', 1, 4, 3, 1, 2, '2023-09-20 10:51:42', '2023-09-20 10:51:42'),
(38, 'Dolorem dolorem eum ducimus fugiat fuga magnam minima quos.', 'Omnis et alias facere maiores quo nulla. Accusamus repellat fugiat quia minus velit. Accusantium dolor soluta id quis iusto.', 'nrubios@udistrital.edu.co', '2023-09-22', 1, 2, 8, 2, 3, '2023-09-20 10:51:42', '2023-09-20 10:51:42'),
(39, 'Non alias optio eos nihil dolorem eum.', 'Blanditiis est est non. Qui amet neque voluptatem qui magni saepe. Vero nemo blanditiis doloremque ratione.', 'jptolozac@udistrital.edu.co', '2023-10-10', 2, 4, 7, 3, 1, '2023-09-20 10:51:42', '2023-09-20 10:51:42'),
(41, 'Laudantium dolorem nesciunt et vel et dolores.', 'Expedita provident consequatur reiciendis consequuntur consequatur. Natus id ducimus assumenda rerum doloribus sit distinctio dolor. Exercitationem eum ut temporibus ad qui animi aut.', 'nrubios@udistrital.edu.co', '2023-10-10', 1, 2, 8, 3, 1, '2023-09-20 10:51:42', '2023-09-20 10:51:42'),
(42, 'Eos sint omnis dignissimos nihil.', 'Nesciunt at velit quos voluptatem corporis maiores non. Est ducimus laudantium iste eum. Minus repellat et itaque labore et enim incidunt.', 'larmstrong@example.com', '2023-09-28', 10, 1, 9, 2, 2, '2023-09-20 10:51:42', '2023-09-20 10:51:42'),
(43, 'Quas dolorem atque tenetur accusamus est sed.', 'Dolorum rem ab rerum repellendus quibusdam aut. Facere consectetur quos eos et. Odit quidem consequuntur autem qui. Magnam error rerum suscipit eaque quidem molestias aut.', 'thill@example.net', '2023-09-22', 4, 4, 7, 1, 3, '2023-09-20 10:51:42', '2023-09-20 10:51:42'),
(44, 'Consequuntur veritatis praesentium cumque eveniet.', 'Molestias quasi non qui debitis. Sapiente autem aut doloremque delectus amet. Consectetur quibusdam minus et voluptas omnis.', 'barton.casper@example.com', '2023-09-22', 9, 4, 7, 3, 3, '2023-09-20 10:51:42', '2023-09-20 10:51:42'),
(45, 'Beatae ea quia sed nobis.', 'Quos modi quis reiciendis quidem hic. Et magnam exercitationem cupiditate dolor et sint est. Velit molestiae libero est ipsum.', 'hjohnson@example.net', '2023-09-22', 1, 1, 6, 3, 3, '2023-09-20 10:51:42', '2023-09-20 10:51:42'),
(46, 'Corporis sed amet repellat totam laborum sint.', 'Minus sequi similique dolorem. Quia vel et error non aut qui doloremque. Voluptatem ratione dolore harum debitis dolorem quibusdam aperiam. Eos voluptatem soluta nobis id a expedita.', 'thill@example.net', '2023-09-28', 9, 1, 9, 1, 2, '2023-09-20 10:51:42', '2023-09-20 10:51:42'),
(47, 'Et et minus ut voluptate qui necessitatibus.', 'Et qui vero eos voluptatum non iusto. Voluptatem autem eos vel ratione et cupiditate. Iure ad itaque non adipisci.', 'oziemann@example.org', '2023-09-22', 7, 2, 8, 2, 3, '2023-09-20 10:51:42', '2023-09-20 10:51:42'),
(49, 'Consectetur nihil facilis et et ut architecto.', 'Autem fuga iste sint deleniti sint aliquid. Cupiditate omnis dolor et. Ut dicta assumenda iure omnis. Nemo provident ut quam explicabo eum.', 'nrubios@udistrital.edu.co', '2023-09-28', 1, 4, 7, 2, 2, '2023-09-20 10:51:42', '2023-09-20 10:51:42'),
(50, 'Minima amet occaecati aut sint.', 'Ducimus ut quia eos. Ut autem modi nihil ab. Itaque pariatur omnis et qui eos.', 'paolo02@example.com', '2023-09-22', 10, 2, 8, 1, 3, '2023-09-20 10:51:42', '2023-09-20 10:51:42'),
(51, 'Dignissimos unde eum quod est voluptatibus aut mollitia.', 'Voluptatem sed et omnis dignissimos. Non velit ullam qui possimus. Voluptatibus iusto iure veritatis non.', 'juliana04@example.net', '2023-09-28', 3, 5, 5, 3, 2, '2023-09-20 10:51:42', '2023-09-20 10:51:42'),
(52, 'Quidem labore nam commodi perferendis.', 'Quia dicta dolore rerum natus. Nam consectetur modi qui in placeat. Tempora iste ipsum qui tenetur et. Fuga animi reiciendis non veniam quibusdam. Ipsa dignissimos quod nesciunt laudantium.', 'jptolozac@udistrital.edu.co', '2023-10-10', 10, 4, 7, 1, 1, '2023-09-20 10:51:42', '2023-09-20 10:51:42'),
(53, 'Fugiat quis tempore ea exercitationem consequatur eaque vel.', 'Et exercitationem veritatis dolore facilis vitae blanditiis dolore quaerat. Iste id illo et rerum eum. Pariatur accusamus nobis consequatur atque aut doloribus numquam.', 'barton.casper@example.com', '2023-09-22', 3, 2, 8, 3, 3, '2023-09-20 10:51:42', '2023-09-20 10:51:42'),
(54, 'Ex aut fugit non nesciunt.', 'Eaque ut eum voluptas accusantium. Delectus ducimus a odit quia soluta et in. Harum alias voluptates consequatur. Explicabo et est quia voluptate et quia.', 'nrubios@udistrital.edu.co', '2023-10-10', 4, 2, 8, 1, 1, '2023-09-20 10:51:42', '2023-09-20 10:51:42'),
(55, 'Porro sequi a sit velit quis pariatur.', 'Soluta iusto est ut et ab atque. Sit harum est corrupti ut dolores vel. Sit officiis natus rem. Est amet optio et error aut.', 'juliana04@example.net', '2023-10-10', 9, 5, 4, 3, 1, '2023-09-20 10:51:42', '2023-09-20 10:51:42'),
(56, 'Voluptatum dolores voluptatum sint aut at illo ducimus rerum.', 'Dolores et reiciendis non necessitatibus quia corporis id est. Quia veniam quidem id omnis aut molestiae. Ut molestiae id optio libero minus in libero. In sapiente id eveniet quas molestiae.', 'nrubios@udistrital.edu.co', '2023-09-22', 9, 2, 8, 3, 3, '2023-09-20 10:51:42', '2023-09-20 10:51:42'),
(57, 'Dolor culpa fugit corrupti voluptas velit perferendis ut.', 'Non facere repudiandae molestiae consequatur non iste vel. Minima aliquid incidunt neque. Culpa voluptatibus exercitationem sit distinctio dolor nostrum ex.', 'barton.casper@example.com', '2023-09-28', 1, 4, 3, 1, 2, '2023-09-20 10:51:42', '2023-09-20 10:51:42'),
(58, 'Laborum qui modi eum error neque.', 'Ducimus tempora saepe quis sit sit molestiae. Amet quia et doloribus sed.', 'jptolozac@udistrital.edu.co', '2023-10-10', 6, 4, 3, 2, 1, '2023-09-20 10:51:42', '2023-09-20 10:51:42'),
(59, 'Similique voluptatem consequatur consectetur alias est nobis consequatur.', 'Impedit et sint sapiente voluptas quis nobis. Sit incidunt recusandae dolorum odit distinctio est aut. Quasi aut accusantium dolorem dicta voluptatem est.', 'jptolozac@udistrital.edu.co', '2023-09-28', 5, 5, 5, 1, 2, '2023-09-20 10:51:42', '2023-09-20 10:51:42'),
(60, 'Aut qui eum sequi ab.', 'Temporibus maxime tempora voluptate excepturi. Incidunt eum omnis pariatur. Consequatur sapiente magnam quo.', 'nrubios@udistrital.edu.co', '2023-09-22', 1, 1, 6, 2, 3, '2023-09-20 10:51:42', '2023-09-20 10:51:42'),
(61, 'Voluptas sint voluptate hic nisi est.', 'Quis sed voluptate sint odio doloremque voluptatum natus ut. Vitae aut nesciunt molestiae deserunt aut ex non. Quaerat autem deserunt sed animi.', 'jptolozac@udistrital.edu.co', '2023-09-22', 10, 4, 7, 3, 3, '2023-09-20 10:51:42', '2023-09-20 10:51:42'),
(62, 'Omnis qui eum ut perferendis culpa rerum eos.', 'Quis earum alias quo labore molestiae explicabo sequi. Aliquid architecto occaecati esse eaque. Voluptatem quaerat aut voluptatum non vel ea. Qui id a qui nihil saepe consectetur.', 'jptolozac@udistrital.edu.co', '2023-09-28', 1, 5, 2, 1, 2, '2023-09-20 10:51:42', '2023-09-20 10:51:42'),
(63, 'Maiores sapiente veritatis amet iste omnis qui.', 'Autem ullam officiis placeat. Necessitatibus aperiam perspiciatis et aut. Modi et consequatur repellat quis.', 'nrubios@udistrital.edu.co', '2023-09-28', 3, 5, 5, 1, 2, '2023-09-20 10:51:42', '2023-09-20 10:51:42'),
(64, 'Consequatur ut impedit voluptates saepe dolores.', 'Quidem est magni iure perspiciatis molestias. Unde nostrum laudantium laborum. Assumenda et perferendis dolorem possimus occaecati sint.', 'nrubios@udistrital.edu.co', '2023-09-28', 9, 2, 8, 3, 2, '2023-09-20 10:51:42', '2023-09-20 10:51:42'),
(65, 'Quaerat culpa nostrum perspiciatis molestiae.', 'Corporis nobis quo in aut. Sequi omnis consequatur quo non enim est iste. Tempore numquam temporibus et temporibus molestiae sapiente.', 'jptolozac@udistrital.edu.co', '2023-10-10', 9, 4, 3, 2, 1, '2023-09-20 10:51:42', '2023-09-20 10:51:42'),
(66, 'Eos quis minus exercitationem qui quia asperiores non.', 'Error magnam mollitia consequuntur quo. Harum aut quo soluta dicta cum necessitatibus in. Est harum nihil numquam qui.', 'hjohnson@example.net', '2023-10-10', 3, 4, 7, 3, 1, '2023-09-20 10:51:42', '2023-09-20 10:51:42'),
(67, 'Iure sint tempora et harum ipsam.', 'Et in aut nihil optio autem cupiditate fugit. Ipsam quasi voluptatem odio eaque. Sit quas temporibus cupiditate voluptatem quibusdam explicabo. Eos eligendi at a repellendus rerum. Quis ut ipsa unde.', 'barton.casper@example.com', '2023-10-10', 3, 1, 9, 3, 1, '2023-09-20 10:51:42', '2023-09-20 10:51:42'),
(70, 'Quidem a quaerat at ut fuga consequatur.', 'Animi voluptatem nesciunt odio nisi hic. Deleniti et optio hic corrupti. Maxime consequatur saepe quis eligendi officiis modi iure quaerat. Nobis sunt quod sed molestiae sapiente.', 'paolo02@example.com', '2023-09-22', 4, 4, 3, 2, 3, '2023-09-20 10:51:42', '2023-09-20 10:51:42'),
(71, 'Est sint voluptate hic laudantium incidunt omnis error.', 'Eaque provident culpa tempora deleniti totam. Quia odit nobis consequatur in ab reprehenderit. Sed vel ea rerum magni error autem qui a.', 'larmstrong@example.com', '2023-10-10', 6, 1, 9, 2, 1, '2023-09-20 10:51:42', '2023-09-20 10:51:42'),
(72, 'Omnis incidunt voluptatem officiis cum repellat aperiam.', 'Aut nulla quaerat qui temporibus quod ut quod quis. Ullam sed distinctio voluptatem. Ea est repudiandae provident corporis.', 'thill@example.net', '2023-09-22', 1, 5, 5, 3, 3, '2023-09-20 10:51:42', '2023-09-20 10:51:42'),
(74, 'Qui iusto dolore sint sed quis.', 'Ipsum aut sed est quidem libero incidunt impedit. Dolorem doloremque non corrupti quis et a. Perferendis nihil sunt voluptatem quae quis. Nihil sit magnam ut.', 'oconnell.jan@example.org', '2023-09-28', 6, 1, 9, 3, 2, '2023-09-20 10:51:42', '2023-09-20 10:51:42'),
(75, 'Aut aut maiores magnam.', 'Fugiat laboriosam vitae qui et quaerat cumque. Suscipit ut aperiam et recusandae non. Rerum possimus officiis ut.', 'oconnell.jan@example.org', '2023-10-10', 6, 4, 3, 2, 1, '2023-09-20 10:51:42', '2023-09-20 10:51:42'),
(76, 'Aut odit quod qui.', 'Labore perferendis dicta modi rerum atque. Et quia consectetur illo itaque perspiciatis voluptatem. Necessitatibus aut necessitatibus ab quam et. Quis ullam rerum beatae doloremque et.', 'nrubios@udistrital.edu.co', '2023-09-28', 9, 5, 4, 2, 2, '2023-09-20 10:51:42', '2023-09-20 10:51:42'),
(77, 'Sed ducimus perspiciatis sequi qui nemo nam sint.', 'Qui repudiandae voluptas at vel expedita sunt debitis. Dolores voluptas iure ratione in libero quo. Sed id ipsum voluptates dolor cupiditate ducimus.', 'paolo02@example.com', '2023-10-10', 3, 5, 4, 2, 1, '2023-09-20 10:51:42', '2023-09-20 10:51:42'),
(78, 'Natus qui excepturi omnis libero et illum id.', 'Sapiente qui aspernatur id sint quis aut odit. Quam id dignissimos necessitatibus explicabo explicabo sed. Aut dolor tenetur molestiae.', 'juliana04@example.net', '2023-09-28', 2, 2, 8, 1, 2, '2023-09-20 10:51:42', '2023-09-20 10:51:42'),
(79, 'Ut nulla qui aut quod blanditiis.', 'Neque amet cumque sunt rem laudantium perferendis dignissimos ducimus. Consequuntur quisquam inventore perferendis vel pariatur nemo. Accusantium est quam minus qui et.', 'paolo02@example.com', '2023-09-22', 2, 1, 1, 2, 3, '2023-09-20 10:51:42', '2023-09-20 10:51:42'),
(80, 'Doloribus iure dolores alias explicabo cumque neque et.', 'Ut maxime sint eligendi consectetur ex est iste et. Et itaque molestiae ipsum debitis. Quaerat sapiente suscipit sit omnis est officia.', 'jptolozac@udistrital.edu.co', '2023-09-28', 3, 1, 10, 3, 2, '2023-09-20 10:51:42', '2023-09-20 10:51:42'),
(81, 'Numquam quaerat iure laborum doloremque iure.', 'Sint adipisci repellat expedita magni quasi consequatur qui. Non voluptatem eaque eos odit. Veritatis consequatur suscipit velit quaerat quo enim voluptatum voluptas.', 'nrubios@udistrital.edu.co', '2023-09-28', 1, 5, 5, 2, 2, '2023-09-20 10:51:42', '2023-09-20 10:51:42'),
(82, 'Officiis est ad nisi nam rerum in.', 'Quaerat saepe inventore pariatur cumque accusantium qui est non. Aut deleniti suscipit sint quam architecto aut. Expedita ratione iste accusamus vel quas.', 'thill@example.net', '2023-09-28', 7, 2, 8, 2, 2, '2023-09-20 10:51:42', '2023-09-20 10:51:42'),
(83, 'Dolorum aspernatur fuga omnis nobis recusandae eum.', 'Quia omnis a unde eaque neque. Voluptates aut consequuntur sunt ut est recusandae sit. Consectetur dolorem officia neque molestiae ad.', 'jptolozac@udistrital.edu.co', '2023-09-28', 9, 5, 2, 1, 2, '2023-09-20 10:51:42', '2023-09-20 10:51:42'),
(84, 'Quis vero in est voluptatem quis vero magnam.', 'Earum fuga eos ut suscipit dolores. Aliquam eum accusamus sit. Odit deserunt et tenetur quas pariatur.', 'jptolozac@udistrital.edu.co', '2023-09-22', 2, 4, 3, 1, 3, '2023-09-20 10:51:42', '2023-09-20 10:51:42'),
(85, 'Culpa voluptatem placeat ea labore.', 'Et est omnis necessitatibus possimus. Id sit atque quibusdam incidunt in. Doloribus nisi qui dicta voluptatem. Quibusdam vero officia blanditiis nesciunt.', 'thill@example.net', '2023-09-22', 1, 1, 9, 1, 3, '2023-09-20 10:51:42', '2023-09-20 10:51:42'),
(86, 'Ratione dicta eum facere sint maxime ut.', 'Consectetur est sint id beatae ut et ab. Reprehenderit et at porro possimus non rem.', 'juliana04@example.net', '2023-09-28', 3, 1, 10, 1, 2, '2023-09-20 10:51:42', '2023-09-20 10:51:42'),
(87, 'Nulla qui dolorem commodi distinctio.', 'Qui quasi dolorum magnam aut. Suscipit velit dolorem ea sapiente quia quasi autem. Aliquid numquam ipsam et.', 'paolo02@example.com', '2023-09-22', 4, 1, 6, 2, 3, '2023-09-20 10:51:42', '2023-09-20 10:51:42'),
(88, 'Aut autem placeat eos corporis quo aut.', 'Dolorem omnis odit eos cum molestias labore numquam. Quo soluta esse sunt ea. Repudiandae aliquid sapiente voluptatem earum.', 'oconnell.jan@example.org', '2023-10-10', 5, 1, 10, 2, 1, '2023-09-20 10:51:42', '2023-09-20 10:51:42'),
(89, 'Quia exercitationem dolores officiis hic a dolor autem.', 'Architecto magni ipsa est doloribus rerum ad quia et. Perferendis eos cum voluptatem saepe fugit corrupti. Quaerat tempore velit itaque quod. Sunt aut eligendi et maiores.', 'jptolozac@udistrital.edu.co', '2023-09-22', 6, 1, 1, 3, 3, '2023-09-20 10:51:42', '2023-09-20 10:51:42'),
(90, 'Ut et voluptatem officiis atque quas.', 'Vero et reiciendis nisi in eos quos. Distinctio doloremque provident quia nobis.', 'barton.casper@example.com', '2023-09-28', 1, 2, 8, 1, 2, '2023-09-20 10:51:42', '2023-09-20 10:51:42'),
(91, 'Dicta sit voluptates eaque cumque porro consequatur repellendus.', 'Laborum ut et officia voluptatibus voluptatem. Sunt accusamus adipisci sed dolores. Laborum cumque ex molestiae molestiae est officia magni. Vel voluptatem impedit qui impedit.', 'larmstrong@example.com', '2023-10-10', 2, 4, 7, 1, 1, '2023-09-20 10:51:42', '2023-09-20 10:51:42'),
(92, 'Magnam occaecati omnis fuga magnam.', 'Cum doloribus odio aut consectetur veritatis voluptatem. Nam et inventore dolore et ad magni fugiat. Ullam eos sunt nulla ut fuga accusamus. Ea ullam et quibusdam in. Quidem voluptate numquam in.', 'jptolozac@udistrital.edu.co', '2023-09-22', 10, 4, 7, 3, 3, '2023-09-20 10:51:42', '2023-09-20 10:51:42'),
(93, 'Omnis occaecati provident repellendus sed ex.', 'Recusandae earum aliquam cumque omnis exercitationem. Vitae eligendi nesciunt rerum velit. Sed nihil quia quia.', 'nrubios@udistrital.edu.co', '2023-09-28', 5, 2, 8, 2, 2, '2023-09-20 10:51:42', '2023-09-20 10:51:42'),
(94, 'Possimus nihil consequuntur voluptate minima vitae ut.', 'Nemo suscipit ab quia ipsum. Ut velit sint iusto. Provident dolore saepe molestiae aliquid et et vitae. Beatae et ad eos doloremque velit. Earum commodi eum quis quos.', 'jptolozac@udistrital.edu.co', '2023-10-10', 2, 4, 3, 1, 1, '2023-09-20 10:51:42', '2023-09-20 10:51:42'),
(95, 'Qui aut enim non aut ullam est.', 'Voluptas voluptatem cumque corporis. Dolores ut labore aut sit molestiae. Recusandae sapiente et laudantium. Voluptatem aut atque facilis.', 'jptolozac@udistrital.edu.co', '2023-10-10', 2, 2, 8, 1, 1, '2023-09-20 10:51:42', '2023-09-20 10:51:42'),
(96, 'Alias ratione dolor et iusto aut et.', 'At dolor ratione pariatur tempore magni ratione. Sunt sit sunt atque. Sed autem illo excepturi soluta odio. Sint quaerat quas et qui. Adipisci sed cumque ea et ullam. Et sapiente aperiam quis beatae.', 'jptolozac@udistrital.edu.co', '2023-09-28', 9, 5, 5, 3, 2, '2023-09-20 10:51:42', '2023-09-20 10:51:42'),
(98, 'A totam molestiae ea repellat qui blanditiis molestiae.', 'Dolores laudantium illo sit perferendis eligendi expedita voluptas. Nemo consectetur id deleniti aut amet eaque aut. Et illo possimus nemo quia corrupti.', 'nrubios@udistrital.edu.co', '2023-09-28', 5, 1, 1, 3, 2, '2023-09-20 10:51:42', '2023-09-20 10:51:42'),
(99, 'Dolorem eaque eos quasi et officia eveniet voluptas ea.', 'Qui quae nemo nihil et sit. Itaque in aspernatur eum provident et nihil voluptas. Culpa omnis quia distinctio ipsum et.', 'thill@example.net', '2023-09-22', 10, 4, 7, 1, 3, '2023-09-20 10:51:42', '2023-09-20 10:51:42'),
(100, 'Maiores aut voluptatum laboriosam quia adipisci praesentium minima sed.', 'Aspernatur distinctio non reiciendis labore a veritatis similique corporis. Consequatur nemo quos vel recusandae aut. Illo nihil vitae quas quia ut molestias nihil. Sit eos minus fuga a.', 'jptolozac@udistrital.edu.co', '2023-09-28', 6, 1, 9, 2, 2, '2023-09-20 10:51:42', '2023-09-20 10:51:42'),
(102, 'prueba', 'prueba', 'nrubios@udistrital.edu.co', '2023-09-29', 7, 4, 7, 3, 2, '2023-09-21 17:50:02', '2023-09-21 17:50:47');

-- --------------------------------------------------------

--
-- Estructura de tabla para la tabla `tipo_usuarios`
--

CREATE TABLE `tipo_usuarios` (
  `id` bigint(20) UNSIGNED NOT NULL,
  `perfil` varchar(255) NOT NULL,
  `created_at` timestamp NULL DEFAULT NULL,
  `updated_at` timestamp NULL DEFAULT NULL
) ENGINE=InnoDB DEFAULT CHARSET=utf8mb4 COLLATE=utf8mb4_unicode_ci;

--
-- Volcado de datos para la tabla `tipo_usuarios`
--

INSERT INTO `tipo_usuarios` (`id`, `perfil`, `created_at`, `updated_at`) VALUES
(1, 'publico', '2023-09-20 10:50:55', '2023-09-20 10:50:55'),
(2, 'profesor', '2023-09-20 10:50:55', '2023-09-20 10:50:55'),
(3, 'estudiante', '2023-09-20 10:50:55', '2023-09-20 10:50:55');

-- --------------------------------------------------------

--
-- Estructura de tabla para la tabla `users`
--

CREATE TABLE `users` (
  `id` bigint(20) UNSIGNED NOT NULL,
  `name` varchar(255) NOT NULL,
  `email` varchar(255) NOT NULL,
  `password` varchar(255) NOT NULL,
  `tipo_usuario_id` bigint(20) UNSIGNED NOT NULL,
  `remember_token` varchar(100) DEFAULT NULL,
  `created_at` timestamp NULL DEFAULT NULL,
  `updated_at` timestamp NULL DEFAULT NULL
) ENGINE=InnoDB DEFAULT CHARSET=utf8mb4 COLLATE=utf8mb4_unicode_ci;

--
-- Volcado de datos para la tabla `users`
--

INSERT INTO `users` (`id`, `name`, `email`, `password`, `tipo_usuario_id`, `remember_token`, `created_at`, `updated_at`) VALUES
(1, 'usuario de prueba recargado', 'freddy38@example.prueba', '$2y$10$7oae2hLcfs3OrK5AlacWQuOkx.lqmdajXOeeVwKkBLSGg7Z4Nt02q', 2, 'Ri63zKry6k', '2023-09-20 10:50:55', '2023-09-21 08:58:50'),
(2, 'Kristin Thompson', 'larmstrong@example.com', '$2y$10$92IXUNpkjO0rOQ5byMi.Ye4oKoEa3Ro9llC/.og/at2.uheWG/igi', 2, '5FN6RJPg45', '2023-09-20 10:50:55', '2023-09-20 10:50:55'),
(3, 'Eldridge Thompson', 'alexandrea01@example.com', '$2y$10$92IXUNpkjO0rOQ5byMi.Ye4oKoEa3Ro9llC/.og/at2.uheWG/igi', 3, '72R9mEmgdr', '2023-09-20 10:50:55', '2023-09-20 10:50:55'),
(4, 'Katharina Emmerich', 'vschamberger@example.net', '$2y$10$92IXUNpkjO0rOQ5byMi.Ye4oKoEa3Ro9llC/.og/at2.uheWG/igi', 1, 'WISnFoCynR', '2023-09-20 10:50:55', '2023-09-20 10:50:55'),
(5, 'Joeluchas Krajcikadik', 'spinka.gilda@example.net', '$2y$10$ZXVNXhtMkst/Dy5VjoZh.O/n/fLbdyEnUInvWIie8yAl7pL/vLtKy', 2, 'XJuPKSl2uc', '2023-09-20 10:50:55', '2023-09-22 21:48:09'),
(6, 'Telly Romaguera', 'thill@example.net', '$2y$10$92IXUNpkjO0rOQ5byMi.Ye4oKoEa3Ro9llC/.og/at2.uheWG/igi', 2, 'yVYem1XlBb', '2023-09-20 10:50:55', '2023-09-20 10:50:55'),
(7, 'Darion VonRueden DDS', 'luella78@example.com', '$2y$10$92IXUNpkjO0rOQ5byMi.Ye4oKoEa3Ro9llC/.og/at2.uheWG/igi', 3, '45PoyABiPf', '2023-09-20 10:50:55', '2023-09-20 10:50:55'),
(9, 'Aubrey Rolfson', 'hills.jewel@example.net', '$2y$10$92IXUNpkjO0rOQ5byMi.Ye4oKoEa3Ro9llC/.og/at2.uheWG/igi', 3, 'bmTTQqbAB6', '2023-09-20 10:50:55', '2023-09-20 10:50:55'),
(10, 'Prof. Blaise Klocko', 'esmeralda38@example.org', '$2y$10$92IXUNpkjO0rOQ5byMi.Ye4oKoEa3Ro9llC/.og/at2.uheWG/igi', 3, 'BVR104TgoL', '2023-09-20 10:50:55', '2023-09-20 10:50:55'),
(11, 'Jordy Feest DDS', 'hjohnson@example.net', '$2y$10$92IXUNpkjO0rOQ5byMi.Ye4oKoEa3Ro9llC/.og/at2.uheWG/igi', 2, 'HnNsjocqYA', '2023-09-20 10:50:55', '2023-09-20 10:50:55'),
(12, 'Dr. Presley Howell', 'stella97@example.org', '$2y$10$fzWmax88NqL.Bx3caRj9QuzUAw.c59/TDXBGpVwAAwfonMlm8bS4u', 2, '4MGREOqNpY', '2023-09-20 10:50:55', '2023-09-21 22:49:24'),
(13, 'Madie Romaguera', 'barton.casper@example.com', '$2y$10$92IXUNpkjO0rOQ5byMi.Ye4oKoEa3Ro9llC/.og/at2.uheWG/igi', 2, 'MLX2L1vYMj', '2023-09-20 10:50:55', '2023-09-20 10:50:55'),
(14, 'Bryana Huels', 'palma.schmitt@example.org', '$2y$10$92IXUNpkjO0rOQ5byMi.Ye4oKoEa3Ro9llC/.og/at2.uheWG/igi', 1, 'sSn8BDyl2b', '2023-09-20 10:50:55', '2023-09-20 10:50:55'),
(15, 'Gretchen Hermiston', 'franecki.savion@example.com', '$2y$10$92IXUNpkjO0rOQ5byMi.Ye4oKoEa3Ro9llC/.og/at2.uheWG/igi', 1, 'a51mRIGd0W', '2023-09-20 10:50:55', '2023-09-20 10:50:55'),
(16, 'Cynthia Satterfield', 'oconnell.jan@example.org', '$2y$10$92IXUNpkjO0rOQ5byMi.Ye4oKoEa3Ro9llC/.og/at2.uheWG/igi', 2, '2MXH1H77fC', '2023-09-20 10:50:55', '2023-09-20 10:50:55'),
(17, 'Drew Halvorson', 'oziemann@example.org', '$2y$10$92IXUNpkjO0rOQ5byMi.Ye4oKoEa3Ro9llC/.og/at2.uheWG/igi', 2, 'm2aV1cXYQY', '2023-09-20 10:50:55', '2023-09-20 10:50:55'),
(18, 'Mr. Osbaldo Reichert', 'claud.ward@example.org', '$2y$10$92IXUNpkjO0rOQ5byMi.Ye4oKoEa3Ro9llC/.og/at2.uheWG/igi', 3, 'S3gbhDzqZC', '2023-09-20 10:50:55', '2023-09-20 10:50:55'),
(19, 'Mozelle Miller', 'juliana04@example.net', '$2y$10$n2BHGvmhNFsgYXBXZsDo9.sSxvQ1/Qddu7lFvDn8dnNh8ZIACP5yu', 2, 'JCwyG8YysM', '2023-09-20 10:50:55', '2023-09-20 21:38:59'),
(69, 'Juan Pérez', 'juan@example.com', '$2y$10$vlA6H4oPhOHoqaMa2eziGOA5v6qVPr7k.CHyv.P/GPpzkIyaOQMO2', 1, NULL, '2023-09-23 10:05:28', '2023-09-23 10:05:28'),
(70, 'María González', 'maria@example.com', '$2y$10$QDpPHjKZFEh5niXLJUYM6OzIF.BP2B2jBUN0.6gdtRa2I5amglGEa', 2, NULL, '2023-09-23 10:05:28', '2023-09-23 10:05:28'),
(71, 'Carlos Rodríguez', 'carlos@example.com', '$2y$10$Yejl0c.qJmPq6xKDu8.rQOeYBtjhOJL312InU6mRZwLOgUdbKgTdO', 1, NULL, '2023-09-23 10:05:28', '2023-09-23 10:05:28'),
(72, 'Ana López', 'ana@example.com', '$2y$10$d6mO3kCc8J3Jy8WLcP/SnOORJh7VgWOyeuaLodh9qvCMj3h4tor.W', 3, NULL, '2023-09-23 10:05:28', '2023-09-23 10:05:28'),
(73, 'Luis Torres', 'luis@example.com', '$2y$10$4gAYOTDem1PSaIyUWpFl3OS/5i1YEpMUN53e99oDO.6FHQw.SLB7m', 2, NULL, '2023-09-23 10:05:28', '2023-09-23 10:05:28'),
(74, 'Laura Martínez', 'laura@example.com', '$2y$10$7BDqZBObCyleNitWFxwlYeEu2pA0Ut7kDGXgiXvkqs799wODva6Wm', 1, NULL, '2023-09-23 10:05:29', '2023-09-23 10:05:29'),
(75, 'Pedro Sánchez', 'pedro@example.com', '$2y$10$KqzqsLy7RxpFNzcbOBRX2uT8mbSyb6CkN9B5HSShmB.4UuSE8SxjS', 3, NULL, '2023-09-23 10:05:29', '2023-09-23 10:05:29'),
(76, 'Isabel García', 'isabel@example.com', '$2y$10$EQrQ2IwGPTuMWXQIXaJJNuB0P0VP4sD5PRAEgUqwJoK6eMe5WRJde', 2, NULL, '2023-09-23 10:05:29', '2023-09-23 10:05:29'),
(77, 'Manuel Ramírez', 'manuel@example.com', '$2y$10$gpcP/H7u45HG85ZrbyogNu7AKawuxzS1f2RwZHrZIIzH7itJQqSCi', 1, NULL, '2023-09-23 10:05:29', '2023-09-23 10:05:29'),
(78, 'Sara Fernández', 'sara@example.com', '$2y$10$8WDvaOdhOFX9nZjTAN8O1.efpTzr6HjKn5YWwWPMEm8bIgKW6csa6', 3, NULL, '2023-09-23 10:05:29', '2023-09-23 10:05:29'),
(79, 'José González', 'jose@example.com', '$2y$10$K6h60FAvSV.34enjdV1up.Lu0q.1fITDL62Tv2MCID8xRZhvo50OS', 1, NULL, '2023-09-23 10:05:29', '2023-09-23 10:05:29'),
(80, 'Marta Rodríguez', 'marta@example.com', '$2y$10$vwwLaLQ3jfMjGYDxXgF3xuPAbHFGQwV3QbPYdj2y4HKdxK6oavrCO', 2, NULL, '2023-09-23 10:05:29', '2023-09-23 10:05:29'),
(81, 'David Pérez', 'david@example.com', '$2y$10$KtqW5uX8pHF36SRaTub2B.pVCM0m9MOsKXqJF3kBdGqk3FD36.Un6', 1, NULL, '2023-09-23 10:05:29', '2023-09-23 10:05:29'),
(82, 'Andrea López', 'andrea@example.com', '$2y$10$i6Op01zVf4Eia1Rc4l.w7u2hvXLHoBNQfPe8vIEybJ7qTNExUc9Hu', 2, NULL, '2023-09-23 10:05:29', '2023-09-23 10:05:29'),
(83, 'Raúl Torres', 'raul@example.com', '$2y$10$dw47N/453QWUUrDr62ahKeb0ZN31rVr20lxDh4Cs4th1f.e1cXkx2', 1, NULL, '2023-09-23 10:05:29', '2023-09-23 10:05:29'),
(84, 'Elena García', 'elena@example.com', '$2y$10$SEnWhH2Lw.oOFHZfbLF2F.WLA29vCxKbnVDt.rOgkw7Q6eo6MLIMe', 3, NULL, '2023-09-23 10:05:29', '2023-09-23 10:05:29'),
(85, 'Daniel Martínez', 'daniel@example.com', '$2y$10$k5RFhnn9Vg34Etw4oPqGkOcgf4VKcQZ47HZ2euQYSG2mZDzALOgeS', 2, NULL, '2023-09-23 10:05:29', '2023-09-23 10:05:29'),
(86, 'Carmen Sánchez', 'carmen@example.com', '$2y$10$PaQbby9g0WazEBXXIyv1WODwNL4f5G1raQAMSyW2MKVZpjicLogOy', 1, NULL, '2023-09-23 10:05:29', '2023-09-23 10:05:29'),
(87, 'Sergio Ramírez', 'sergio@example.com', '$2y$10$BluKkwzZTwa4WzcNmyPSDezdJLiW/1vbEIlpZqtJ0PefnLFpKkB3W', 3, NULL, '2023-09-23 10:05:29', '2023-09-23 10:05:29'),
(88, 'Lucía Fernández', 'lucia@example.com', '$2y$10$emwRMNMnzXgnIVj3lJE8.ez0n5HTxjjbdX18gcyLEksW6RMNQewEe', 2, NULL, '2023-09-23 10:05:29', '2023-09-23 10:05:29'),
(89, 'Alberto González', 'alberto@example.com', '$2y$10$QyoBh4CU5k6N0FvbG9VfrOCxNdWtfaWHUxFPv2O.iK5FPReUeAC2m', 1, NULL, '2023-09-23 10:05:29', '2023-09-23 10:05:29'),
(90, 'Rosa Rodríguez', 'rosa@example.com', '$2y$10$GRG8N0PegDeXqkyita8PPewsFyDggroqVaJ9M.W4C6dG9hk3009Ui', 2, NULL, '2023-09-23 10:05:30', '2023-09-23 10:05:30'),
(91, 'Alejandro Pérez', 'alejandro@example.com', '$2y$10$Jgw2/1EjrMSscx8D7Pvd8uQdQid9Bv7xgI6Ihx75eIVr8FBrNuPPu', 1, NULL, '2023-09-23 10:05:30', '2023-09-23 10:05:30'),
(92, 'Patricia López', 'patricia@example.com', '$2y$10$tZHuMpJE9IMQ.Eq8/nf6DO3YfUYySqzxwYOwel9oxAXX.qeBeEhDS', 3, NULL, '2023-09-23 10:05:30', '2023-09-23 10:05:30'),
(93, 'Javier Torres', 'javier@example.com', '$2y$10$c9LCdY/v32Q7KtcCtjA5J.uNSTVRp5UjqbPT.hTxA.WG.PI.9jBbu', 2, NULL, '2023-09-23 10:05:30', '2023-09-23 10:05:30'),
(94, 'Natalia García', 'natalia@example.com', '$2y$10$OMQbTh2tsY/FQwltNUwv7ONwUliZS4f6lZgZYHWWTya36MankeKYi', 1, NULL, '2023-09-23 10:05:30', '2023-09-23 10:05:30'),
(95, 'Gabriel Ramírez', 'gabriel@example.com', '$2y$10$8V8FSqDBimknw5CG6ZuCPuOwRU4yLHipG0/wwOyvuW53bUE7AHs0G', 3, NULL, '2023-09-23 10:05:30', '2023-09-23 10:05:30'),
(96, 'Olivia Martínez', 'olivia@example.com', '$2y$10$7dQHvoAY82kn/zdBqq1AZuCgEGIKJ5StQ4QLRo7WiAG9dkLnMK/0K', 1, NULL, '2023-09-23 10:05:30', '2023-09-23 10:05:30'),
(97, 'Fernando Pérez', 'fernando@example.com', '$2y$10$Sy0AWEXR.TgdTPJ72zb1Wuj9Hz3IX9cWX/5t2AZRheWofKY.RHxJ2', 2, NULL, '2023-09-23 10:05:30', '2023-09-23 10:05:30'),
(98, 'Alicia Sánchez', 'alicia@example.com', '$2y$10$Qrg7s6ZSl//iHXzDcMYaPO5SoQZQ3Bsk.mOWJNMm7XEBCJ63pKcte', 3, NULL, '2023-09-23 10:05:30', '2023-09-23 10:05:30'),
(99, 'Diego Fernández', 'diego@example.com', '$2y$10$PLfOasZHjWTTXc9O/IxcB.FrXGfkfl9h9v7fiDSA6iK77GEh/Wuom', 2, NULL, '2023-09-23 10:05:31', '2023-09-23 10:05:31'),
(100, 'Carla González', 'carla@example.com', '$2y$10$nb8XdGMSHuoaXG7S/PuOquySKD2PZKuKOsSE5W3Y/G6p9H.unz35a', 1, NULL, '2023-09-23 10:05:31', '2023-09-23 10:05:31'),
(101, 'Miguel López', 'miguel@example.com', '$2y$10$KI8KnNtWmhGAVpXrcW0i9uXPRGdoMJCEI.plPbyiPElEu7EcymH/q', 2, NULL, '2023-09-23 10:05:31', '2023-09-23 10:05:31'),
(102, 'Marina Rodríguez', 'marina@example.com', '$2y$10$C0xAINjTmMX0fJgLvIvYme4sbWCc86.nbEjZUytVuR8bEm1.QVpl2', 1, NULL, '2023-09-23 10:05:31', '2023-09-23 10:05:31'),
(103, 'Iván Pérez', 'ivan@example.com', '$2y$10$ZwdutX1Clo0lDCC9VTU1bO5ZxtCv66V5FdVCgK4hrRF1WCFtS3hf6', 3, NULL, '2023-09-23 10:05:31', '2023-09-23 10:05:31'),
(104, 'Beatriz Torres', 'beatriz@example.com', '$2y$10$fl10AVadI1XPrd.dy.VpiOP200x1AinEcrCNGlEFMMjTwBaVmjTm6', 1, NULL, '2023-09-23 10:05:31', '2023-09-23 10:05:31'),
(105, 'Adrián Martínez', 'adrian@example.com', '$2y$10$KA5AIUzyrFlCqJKR81Bw6uZdxGfCp4mAH4.OrVmebYWZtRR6WXF2e', 2, NULL, '2023-09-23 10:05:31', '2023-09-23 10:05:31'),
(106, 'Paula García', 'paula@example.com', '$2y$10$fdwnfKxRFIDxACugpLO96.4RWOQ3AdpTlKyVTXQDvxyZ64uVZmnrG', 3, NULL, '2023-09-23 10:05:31', '2023-09-23 10:05:31'),
(107, 'Hugo Sánchez', 'hugo@example.com', '$2y$10$Ry8mbXrTugSrKML8kw8dQeunKyXPTfAJcJTrZQSEukmGT.L87K.ZC', 1, NULL, '2023-09-23 10:05:31', '2023-09-23 10:05:31'),
(108, 'Valentina Ramírez', 'valentina@example.com', '$2y$10$9rtqcoOmtPBofaORe3xnPOCAmLj2.BPAzaEzvj8VlvqhQ/iF7Cp7q', 2, NULL, '2023-09-23 10:05:31', '2023-09-23 10:05:31'),
(109, 'Bruno González', 'bruno@example.com', '$2y$10$rXf.ddiOYTPCxNnbJDWRUuP2jujpICAseeKHEt.NfdetFjOiIr2M6', 1, NULL, '2023-09-23 10:05:31', '2023-09-23 10:05:31'),
(110, 'Julia López', 'julia@example.com', '$2y$10$RyPwNlRoylaUMVgMYskgJO/m55dhjg5tGgelAoY66ytbvTc/vWKR6', 3, NULL, '2023-09-23 10:05:32', '2023-09-23 10:05:32'),
(111, 'Lucas Fernández', 'lucas@example.com', '$2y$10$UEIxBG0klVjxYFFouJiJ5uVjYhGTb5142QtmqE8zUWbQxxoGu09s2', 2, NULL, '2023-09-23 10:05:32', '2023-09-23 10:05:32'),
(112, 'Sofía Rodríguez', 'sofia@example.com', '$2y$10$lo2Ab4Dctovgqq7tW2JCXOQvEsJq.74Z9ryfPLyz6tCFcPsVEuvkm', 1, NULL, '2023-09-23 10:05:32', '2023-09-23 10:05:32'),
(113, 'Mateo Pérez', 'mateo@example.com', '$2y$10$croKbGIjFKiBThc0WIx50eP/7xqop7OUOqhypJYWyCE8y8eTnqxe.', 3, NULL, '2023-09-23 10:05:32', '2023-09-23 10:05:32'),
(114, 'Valeria Martínez', 'valeria@example.com', '$2y$10$fe5uzZMaqdAVnzNI6/qD8Ohh5ZAB3FV5lVwzBBN8LJWPPjyAqs8tO', 2, NULL, '2023-09-23 10:05:32', '2023-09-23 10:05:32'),
(115, 'Leonardo Sánchez', 'leonardo@example.com', '$2y$10$9IvHzH4Z3CeHfZaR8Wc5uuhTmW4YSnScnLpnznqXLA9q8CQNzIql.', 1, NULL, '2023-09-23 10:05:32', '2023-09-23 10:05:32'),
(116, 'Camila Torres', 'camila@example.com', '$2y$10$XLPcmJsc4BzzwtTkq1lsUuf3i4wJvnPtoUB2nFkQoBgMPO425rD4S', 3, NULL, '2023-09-23 10:05:32', '2023-09-23 10:05:32'),
(120, 'juanito', 'juanito@alimaña.com', '$2y$10$N8KYGktKiBx6s6JV.4VicObPK.RQkGPA/SKP67kVY9P.3SoYyh9Ti', 2, NULL, '2023-09-23 12:58:08', '2023-09-23 12:58:08'),
(121, 'Manuel', 'Manuel@rondon.com', '$2y$10$L4LSlsdUq29Dx3YARFImbeZh4bZRtCnILyYY4d2.4BLjTgX2nVv2.', 3, NULL, '2023-09-26 06:13:54', '2023-09-26 06:13:54'),
(122, 'juanito', 'perez@juanito.com', '$2y$10$Vty1Pk/Pheh5T39Sw0kI.ujcH6bOIjBiaeb/Nm4Woq8/mNFaw.Fe2', 3, NULL, '2023-09-30 05:29:23', '2023-09-30 05:29:23');

--
-- Índices para tablas volcadas
--

--
-- Indices de la tabla `administradors`
--
ALTER TABLE `administradors`
  ADD PRIMARY KEY (`id`),
  ADD UNIQUE KEY `administradors_email_unique` (`email`);

--
-- Indices de la tabla `apoyos`
--
ALTER TABLE `apoyos`
  ADD PRIMARY KEY (`id`),
  ADD KEY `apoyos_user_id_foreign` (`user_id`),
  ADD KEY `apoyos_noticia_id_foreign` (`noticia_id`);

--
-- Indices de la tabla `categorias`
--
ALTER TABLE `categorias`
  ADD PRIMARY KEY (`id`);

--
-- Indices de la tabla `categoria_t_k_s`
--
ALTER TABLE `categoria_t_k_s`
  ADD PRIMARY KEY (`id`);

--
-- Indices de la tabla `comentarios`
--
ALTER TABLE `comentarios`
  ADD PRIMARY KEY (`id`);

--
-- Indices de la tabla `comentarios_tickets`
--
ALTER TABLE `comentarios_tickets`
  ADD PRIMARY KEY (`id`),
  ADD UNIQUE KEY `comentarios_tickets_comentario_id_ticket_id_unique` (`comentario_id`,`ticket_id`),
  ADD KEY `comentarios_tickets_ticket_id_foreign` (`ticket_id`);

--
-- Indices de la tabla `estados`
--
ALTER TABLE `estados`
  ADD PRIMARY KEY (`id`);

--
-- Indices de la tabla `failed_jobs`
--
ALTER TABLE `failed_jobs`
  ADD PRIMARY KEY (`id`),
  ADD UNIQUE KEY `failed_jobs_uuid_unique` (`uuid`);

--
-- Indices de la tabla `items`
--
ALTER TABLE `items`
  ADD PRIMARY KEY (`id`),
  ADD KEY `items_categoria_id_foreign` (`categoria_id`);

--
-- Indices de la tabla `migrations`
--
ALTER TABLE `migrations`
  ADD PRIMARY KEY (`id`);

--
-- Indices de la tabla `noticias`
--
ALTER TABLE `noticias`
  ADD PRIMARY KEY (`id`);

--
-- Indices de la tabla `noticias_tipos`
--
ALTER TABLE `noticias_tipos`
  ADD PRIMARY KEY (`id`),
  ADD KEY `noticias_tipos_tipo_usuario_id_foreign` (`tipo_usuario_id`),
  ADD KEY `noticias_tipos_noticia_id_foreign` (`noticia_id`);

--
-- Indices de la tabla `password_reset_tokens`
--
ALTER TABLE `password_reset_tokens`
  ADD PRIMARY KEY (`email`);

--
-- Indices de la tabla `permisos`
--
ALTER TABLE `permisos`
  ADD PRIMARY KEY (`id`);

--
-- Indices de la tabla `permisos_usuarios`
--
ALTER TABLE `permisos_usuarios`
  ADD PRIMARY KEY (`id`),
  ADD UNIQUE KEY `permisos_usuarios_permiso_id_user_id_unique` (`permiso_id`,`user_id`),
  ADD KEY `permisos_usuarios_user_id_foreign` (`user_id`);

--
-- Indices de la tabla `personal_access_tokens`
--
ALTER TABLE `personal_access_tokens`
  ADD PRIMARY KEY (`id`),
  ADD UNIQUE KEY `personal_access_tokens_token_unique` (`token`),
  ADD KEY `personal_access_tokens_tokenable_type_tokenable_id_index` (`tokenable_type`,`tokenable_id`);

--
-- Indices de la tabla `prioridads`
--
ALTER TABLE `prioridads`
  ADD PRIMARY KEY (`id`);

--
-- Indices de la tabla `quejas`
--
ALTER TABLE `quejas`
  ADD PRIMARY KEY (`id`);

--
-- Indices de la tabla `tarjetas`
--
ALTER TABLE `tarjetas`
  ADD PRIMARY KEY (`id`);

--
-- Indices de la tabla `tarjetas_categorias`
--
ALTER TABLE `tarjetas_categorias`
  ADD PRIMARY KEY (`id`),
  ADD UNIQUE KEY `tarjetas_categorias_tarjeta_id_categoria_id_unique` (`tarjeta_id`,`categoria_id`),
  ADD KEY `tarjetas_categorias_categoria_id_foreign` (`categoria_id`);

--
-- Indices de la tabla `tarjetas_usuarios`
--
ALTER TABLE `tarjetas_usuarios`
  ADD PRIMARY KEY (`id`),
  ADD UNIQUE KEY `tarjetas_usuarios_tarjeta_id_tipo_id_unique` (`tarjeta_id`,`tipo_id`),
  ADD KEY `tarjetas_usuarios_tipo_id_foreign` (`tipo_id`);

--
-- Indices de la tabla `tickets`
--
ALTER TABLE `tickets`
  ADD PRIMARY KEY (`id`),
  ADD KEY `tickets_user_id_foreign` (`user_id`),
  ADD KEY `tickets_item_id_foreign` (`item_id`),
  ADD KEY `tickets_categoria_id_foreign` (`categoria_id`),
  ADD KEY `tickets_estado_id_foreign` (`estado_id`),
  ADD KEY `tickets_prioridad_id_foreign` (`prioridad_id`);

--
-- Indices de la tabla `tipo_usuarios`
--
ALTER TABLE `tipo_usuarios`
  ADD PRIMARY KEY (`id`);

--
-- Indices de la tabla `users`
--
ALTER TABLE `users`
  ADD PRIMARY KEY (`id`),
  ADD UNIQUE KEY `users_email_unique` (`email`),
  ADD KEY `users_tipo_usuario_id_foreign` (`tipo_usuario_id`);

--
-- AUTO_INCREMENT de las tablas volcadas
--

--
-- AUTO_INCREMENT de la tabla `administradors`
--
ALTER TABLE `administradors`
  MODIFY `id` bigint(20) UNSIGNED NOT NULL AUTO_INCREMENT, AUTO_INCREMENT=20202578031;

--
-- AUTO_INCREMENT de la tabla `apoyos`
--
ALTER TABLE `apoyos`
  MODIFY `id` bigint(20) UNSIGNED NOT NULL AUTO_INCREMENT, AUTO_INCREMENT=55;

--
-- AUTO_INCREMENT de la tabla `categorias`
--
ALTER TABLE `categorias`
  MODIFY `id` bigint(20) UNSIGNED NOT NULL AUTO_INCREMENT, AUTO_INCREMENT=11;

--
-- AUTO_INCREMENT de la tabla `categoria_t_k_s`
--
ALTER TABLE `categoria_t_k_s`
  MODIFY `id` bigint(20) UNSIGNED NOT NULL AUTO_INCREMENT, AUTO_INCREMENT=10;

--
-- AUTO_INCREMENT de la tabla `comentarios`
--
ALTER TABLE `comentarios`
  MODIFY `id` bigint(20) UNSIGNED NOT NULL AUTO_INCREMENT, AUTO_INCREMENT=58;

--
-- AUTO_INCREMENT de la tabla `comentarios_tickets`
--
ALTER TABLE `comentarios_tickets`
  MODIFY `id` bigint(20) UNSIGNED NOT NULL AUTO_INCREMENT, AUTO_INCREMENT=103;

--
-- AUTO_INCREMENT de la tabla `estados`
--
ALTER TABLE `estados`
  MODIFY `id` bigint(20) UNSIGNED NOT NULL AUTO_INCREMENT, AUTO_INCREMENT=4;

--
-- AUTO_INCREMENT de la tabla `failed_jobs`
--
ALTER TABLE `failed_jobs`
  MODIFY `id` bigint(20) UNSIGNED NOT NULL AUTO_INCREMENT;

--
-- AUTO_INCREMENT de la tabla `items`
--
ALTER TABLE `items`
  MODIFY `id` bigint(20) UNSIGNED NOT NULL AUTO_INCREMENT, AUTO_INCREMENT=14;

--
-- AUTO_INCREMENT de la tabla `migrations`
--
ALTER TABLE `migrations`
  MODIFY `id` int(10) UNSIGNED NOT NULL AUTO_INCREMENT, AUTO_INCREMENT=429;

--
-- AUTO_INCREMENT de la tabla `noticias`
--
ALTER TABLE `noticias`
  MODIFY `id` bigint(20) UNSIGNED NOT NULL AUTO_INCREMENT, AUTO_INCREMENT=101;

--
-- AUTO_INCREMENT de la tabla `noticias_tipos`
--
ALTER TABLE `noticias_tipos`
  MODIFY `id` bigint(20) UNSIGNED NOT NULL AUTO_INCREMENT, AUTO_INCREMENT=101;

--
-- AUTO_INCREMENT de la tabla `permisos`
--
ALTER TABLE `permisos`
  MODIFY `id` bigint(20) UNSIGNED NOT NULL AUTO_INCREMENT, AUTO_INCREMENT=4;

--
-- AUTO_INCREMENT de la tabla `permisos_usuarios`
--
ALTER TABLE `permisos_usuarios`
  MODIFY `id` bigint(20) UNSIGNED NOT NULL AUTO_INCREMENT, AUTO_INCREMENT=36;

--
-- AUTO_INCREMENT de la tabla `personal_access_tokens`
--
ALTER TABLE `personal_access_tokens`
  MODIFY `id` bigint(20) UNSIGNED NOT NULL AUTO_INCREMENT, AUTO_INCREMENT=76;

--
-- AUTO_INCREMENT de la tabla `prioridads`
--
ALTER TABLE `prioridads`
  MODIFY `id` bigint(20) UNSIGNED NOT NULL AUTO_INCREMENT, AUTO_INCREMENT=4;

--
-- AUTO_INCREMENT de la tabla `quejas`
--
ALTER TABLE `quejas`
  MODIFY `id` bigint(20) UNSIGNED NOT NULL AUTO_INCREMENT, AUTO_INCREMENT=14;

--
-- AUTO_INCREMENT de la tabla `tarjetas`
--
ALTER TABLE `tarjetas`
  MODIFY `id` bigint(20) UNSIGNED NOT NULL AUTO_INCREMENT, AUTO_INCREMENT=110;

--
-- AUTO_INCREMENT de la tabla `tarjetas_categorias`
--
ALTER TABLE `tarjetas_categorias`
  MODIFY `id` bigint(20) UNSIGNED NOT NULL AUTO_INCREMENT, AUTO_INCREMENT=100;

--
-- AUTO_INCREMENT de la tabla `tarjetas_usuarios`
--
ALTER TABLE `tarjetas_usuarios`
  MODIFY `id` bigint(20) UNSIGNED NOT NULL AUTO_INCREMENT, AUTO_INCREMENT=104;

--
-- AUTO_INCREMENT de la tabla `tickets`
--
ALTER TABLE `tickets`
  MODIFY `id` bigint(20) UNSIGNED NOT NULL AUTO_INCREMENT, AUTO_INCREMENT=106;

--
-- AUTO_INCREMENT de la tabla `tipo_usuarios`
--
ALTER TABLE `tipo_usuarios`
  MODIFY `id` bigint(20) UNSIGNED NOT NULL AUTO_INCREMENT, AUTO_INCREMENT=4;

--
-- AUTO_INCREMENT de la tabla `users`
--
ALTER TABLE `users`
  MODIFY `id` bigint(20) UNSIGNED NOT NULL AUTO_INCREMENT, AUTO_INCREMENT=123;

--
-- Restricciones para tablas volcadas
--

--
-- Filtros para la tabla `apoyos`
--
ALTER TABLE `apoyos`
  ADD CONSTRAINT `apoyos_noticia_id_foreign` FOREIGN KEY (`noticia_id`) REFERENCES `noticias` (`id`) ON DELETE CASCADE,
  ADD CONSTRAINT `apoyos_user_id_foreign` FOREIGN KEY (`user_id`) REFERENCES `users` (`id`) ON DELETE CASCADE;

--
-- Filtros para la tabla `comentarios_tickets`
--
ALTER TABLE `comentarios_tickets`
  ADD CONSTRAINT `comentarios_tickets_comentario_id_foreign` FOREIGN KEY (`comentario_id`) REFERENCES `comentarios` (`id`) ON DELETE CASCADE,
  ADD CONSTRAINT `comentarios_tickets_ticket_id_foreign` FOREIGN KEY (`ticket_id`) REFERENCES `tickets` (`id`) ON DELETE CASCADE;

--
-- Filtros para la tabla `items`
--
ALTER TABLE `items`
  ADD CONSTRAINT `items_categoria_id_foreign` FOREIGN KEY (`categoria_id`) REFERENCES `categorias` (`id`);

--
-- Filtros para la tabla `noticias_tipos`
--
ALTER TABLE `noticias_tipos`
  ADD CONSTRAINT `noticias_tipos_noticia_id_foreign` FOREIGN KEY (`noticia_id`) REFERENCES `noticias` (`id`) ON DELETE CASCADE,
  ADD CONSTRAINT `noticias_tipos_tipo_usuario_id_foreign` FOREIGN KEY (`tipo_usuario_id`) REFERENCES `tipo_usuarios` (`id`) ON DELETE CASCADE;

--
-- Filtros para la tabla `permisos_usuarios`
--
ALTER TABLE `permisos_usuarios`
  ADD CONSTRAINT `permisos_usuarios_permiso_id_foreign` FOREIGN KEY (`permiso_id`) REFERENCES `permisos` (`id`) ON DELETE CASCADE,
  ADD CONSTRAINT `permisos_usuarios_user_id_foreign` FOREIGN KEY (`user_id`) REFERENCES `users` (`id`) ON DELETE CASCADE;

--
-- Filtros para la tabla `tarjetas_categorias`
--
ALTER TABLE `tarjetas_categorias`
  ADD CONSTRAINT `tarjetas_categorias_categoria_id_foreign` FOREIGN KEY (`categoria_id`) REFERENCES `categorias` (`id`) ON DELETE CASCADE,
  ADD CONSTRAINT `tarjetas_categorias_tarjeta_id_foreign` FOREIGN KEY (`tarjeta_id`) REFERENCES `tarjetas` (`id`) ON DELETE CASCADE;

--
-- Filtros para la tabla `tarjetas_usuarios`
--
ALTER TABLE `tarjetas_usuarios`
  ADD CONSTRAINT `tarjetas_usuarios_tarjeta_id_foreign` FOREIGN KEY (`tarjeta_id`) REFERENCES `tarjetas` (`id`) ON DELETE CASCADE,
  ADD CONSTRAINT `tarjetas_usuarios_tipo_id_foreign` FOREIGN KEY (`tipo_id`) REFERENCES `tipo_usuarios` (`id`) ON DELETE CASCADE;

--
-- Filtros para la tabla `tickets`
--
ALTER TABLE `tickets`
  ADD CONSTRAINT `tickets_categoria_id_foreign` FOREIGN KEY (`categoria_id`) REFERENCES `categorias` (`id`) ON DELETE CASCADE,
  ADD CONSTRAINT `tickets_estado_id_foreign` FOREIGN KEY (`estado_id`) REFERENCES `estados` (`id`) ON DELETE CASCADE,
  ADD CONSTRAINT `tickets_item_id_foreign` FOREIGN KEY (`item_id`) REFERENCES `items` (`id`) ON DELETE CASCADE,
  ADD CONSTRAINT `tickets_prioridad_id_foreign` FOREIGN KEY (`prioridad_id`) REFERENCES `prioridads` (`id`) ON DELETE CASCADE,
  ADD CONSTRAINT `tickets_user_id_foreign` FOREIGN KEY (`user_id`) REFERENCES `users` (`id`) ON DELETE CASCADE;

--
-- Filtros para la tabla `users`
--
ALTER TABLE `users`
  ADD CONSTRAINT `users_tipo_usuario_id_foreign` FOREIGN KEY (`tipo_usuario_id`) REFERENCES `tipo_usuarios` (`id`);
COMMIT;

/*!40101 SET CHARACTER_SET_CLIENT=@OLD_CHARACTER_SET_CLIENT */;
/*!40101 SET CHARACTER_SET_RESULTS=@OLD_CHARACTER_SET_RESULTS */;
/*!40101 SET COLLATION_CONNECTION=@OLD_COLLATION_CONNECTION */;
